t,partition,method,phase,inner_measure,outer_measure,gap,certified,volume_ratio,cones
2.124602045631036,ppp,R,R,68659998.84585816,898133774820.6411,13079.888288928658,False,,1
3.5660403457004577,ppp,R,R,68659998.84585816,148523222.18792894,1.163169599250415,False,1.163169599250414,1
4.105276245623827,ppp,R,R,84797924.78900318,148859101.08973712,0.7554568871836538,False,1.2154748714119252,2
4.360476545523852,ppp,R,R,84797924.78900318,102800036.73396842,0.21229425118313516,False,0.21229425118313575,2
4.72229954553768,ppp,R,R,89839171.06934524,103106106.57789016,0.14767428673517502,False,0.19454943371533084,4
5.014094445621595,ppp,R,R,89839171.06934524,101620744.0367308,0.13114071320061016,False,0.14878737308859896,4
5.299774445593357,ppp,R,R,89839171.06934524,102665058.87772119,0.14276498386740322,False,0.14276498386740294,4
5.616384545573965,ppp,R,R,91397243.69575435,100701903.3507312,0.1018045980243174,False,0.10563399810971037,5
5.917398245539516,ppp,R,R,91397243.69575435,100142983.57446945,0.09568931758848387,False,0.09568931758848331,5
6.234442445682362,ppp,R,R,92809922.08080085,99163726.33606099,0.06846039855230646,False,0.07327388865013806,6
6.518546445528045,ppp,R,R,92809922.08080085,99345387.40713833,0.07041774392017786,False,0.07041774392017736,6
6.8378118455875665,ppp,R,R,93440563.27279569,99245220.95576663,0.062121390107896746,False,0.0662712581239229,8
7.122791645582765,ppp,R,R,93440563.27279569,99358840.2968803,0.06333734319223283,False,0.06590290320174072,8
7.384072445565835,ppp,R,R,93440563.27279569,99411013.57808879,0.06389570114065579,False,0.06389570114065589,8
7.691198345739394,ppp,R,R,93887002.7602099,99442160.31505111,0.059168547205934674,False,0.06312634284684468,9
7.99479244556278,ppp,R,R,93887002.7602099,99212698.5758995,0.05672452692191676,False,0.05672452692191677,9
8.376978745684028,ppp,R,R,94383873.92447165,98973396.34480473,0.04862612890847995,False,0.0522586835616893,10
8.666208145674318,ppp,R,R,94383873.92447165,99037128.71263975,0.04930137527404055,False,0.04930137527404038,10
9.027802345575765,ppp,R,R,94709982.73941621,98538798.39876083,0.04042673801218144,False,0.040756417534919244,11
9.274252945557237,ppp,R,R,94709982.73941621,98562665.22630365,0.04067873708189418,False,0.04067873708189411,11
9.664478345541283,ppp,R,R,95092191.33571242,98574583.52209228,0.03662122133757184,False,0.039204450214697095,12
9.946166045730934,ppp,R,R,95092191.33571242,98368393.13405097,0.03445290041505378,False,0.03445290041505385,12
10.272939645685256,ppp,R,R,95264237.83596152,98280389.96420845,0.031660906513948595,False,0.03258778925772423,13
10.577422045636922,ppp,R,R,95264237.83596152,98195765.88907987,0.030772597563486936,False,0.030772597563486718,13
11.072074545547366,ppp,R,R,95423365.59819655,98092372.26018214,0.027970158516773536,False,0.029098358852207382,14
11.337192445527762,ppp,R,R,95423365.59819655,98088820.16577525,0.02793293393991414,False,0.02793293393991403,14
11.643082145601511,ppp,R,R,95565220.1247417,98046612.95953615,0.02596543838391696,False,0.026733375450488754,15
11.941852545598522,ppp,R,R,95565220.1247417,98001509.22910146,0.025493470335543167,False,0.025493470335543018,15
12.251848545623943,ppp,R,R,95697968.54499069,97919773.11532572,0.0232168415287779,False,0.02393482252665524,16
12.552778445649892,ppp,R,R,95697968.54499069,97839237.06339116,0.02237527662244787,False,0.02237527662244763,16
12.920455545652658,ppp,R,R,95818972.87681578,97790445.53421882,0.020574971722328472,False,0.021238631494788652,17
13.217173745622858,ppp,R,R,95818972.87681578,97710943.93961968,0.019745265535628276,False,0.019745265535628016,17
13.56098424573429,ppp,R,R,95919318.85879408,97558371.42759606,0.01708782535471176,False,0.017187991068310923,18
13.845402945531532,ppp,R,R,95919318.85879408,97567875.23908527,0.017186906661817325,False,0.017186906661816923,18
14.163704845588654,ppp,R,R,96014121.20429248,97539728.00728293,0.015889400265866716,False,0.016829090344149228,19
14.423704045591876,ppp,R,R,96014121.20429248,97377919.82118912,0.014204146221312941,False,0.014204146221312868,19
14.423796945717186,ppp,R,R,96014121.20429248,97377919.82118912,0.014204146221312941,True,0.014204146221312868,19
2.08798284153454,ppn,R,R,483241884.64985806,898133774820.6411,1857.5594571782633,False,,1
3.430319041479379,ppn,R,R,483241884.64985806,210155004965.42493,433.88574074595516,False,909.4443261167066,1
8.07649064133875,ppn,R,R,3250061075.5705695,188459581269.5451,56.986473757715395,False,6121.114600416735,3
8.51195424143225,ppn,R,R,3250061075.5705695,185768982015.94843,56.15861262186756,False,2770.989855604994,3
9.003176641417667,ppn,R,R,3250061075.5705695,122467049716.47348,36.68146101530525,False,837.9901096961694,3
9.569851741427556,ppn,R,R,11681274477.640078,102913144455.9825,7.810095563885222,False,3043.371445246122,4
10.060483741341159,ppn,R,R,11681274477.640078,95687040380.70154,7.19148976970472,False,36.547107138292816,4
10.898820141330361,ppn,R,R,20916634225.36414,83852727539.4144,3.008901558250326,False,63.65838129332827,5
11.306946541415527,ppn,R,R,20916634225.36414,67234510198.50187,2.2144038794239314,False,6.660039313256507,5
11.850464041344821,ppn,R,R,24084126988.57666,72133959733.60007,1.9950830174502037,False,18.351951552635317,6
12.29984724149108,ppn,R,R,24084126988.57666,68734606098.7445,1.8539380369214133,False,3.9174254991381874,6
12.896427941508591,ppn,R,R,25859943881.663475,64813160541.62886,1.506314817936862,False,3.119992369726847,7
13.431266941362992,ppn,R,R,25859943881.663475,65926747887.72496,1.5493770670736713,False,2.405556512800066,7
14.190571541432291,ppn,R,R,28997902588.59375,67016021362.92903,1.3110644350288152,False,2.981491310952026,8
14.69464924139902,ppn,R,R,28997902588.59375,60647300000.65415,1.0914374691537039,False,1.5335785732869285,8
15.22260604146868,ppn,R,R,29845277689.80432,62235338547.25334,1.0852658565986149,False,3.454233225592665,9
15.712160041555762,ppn,R,R,29845277689.80432,57422951032.1102,0.924021335265609,False,1.113195025973934,9
16.384336741408333,ppn,R,R,29864902296.431725,54717441474.94068,0.8321654272238606,False,2.1800708059807388,10
17.24471974140033,ppn,R,R,29864902296.431725,55879303030.06455,0.8710693400373535,False,0.9444563318830533,10
17.91401704144664,ppn,R,R,31027590356.09905,53364359857.26249,0.7199002321742569,False,0.8308461082225828,11
18.353514241520315,ppn,R,R,31027590356.09905,52256140002.726,0.6841829933613934,False,0.7335652002936063,11
18.996459741378203,ppn,R,R,31045223315.69233,51957761657.35188,0.6736153297724536,False,2.478111326930324,12
19.487105041509494,ppn,R,R,31045223315.69233,53451162521.76719,0.7217193762220226,False,0.7666605132569152,12
20.119556341553107,ppn,R,R,31088210426.239315,51151417898.32213,0.6453638597076952,False,4.850592122853108,13
20.628729241434485,ppn,R,R,31088210426.239315,54984472050.7034,0.7686599291767202,False,0.8001942279781429,13
21.198394941398874,ppn,R,R,31093899543.248642,52283515957.30879,0.6814718232619044,False,0.7135653118591289,14
21.70109044155106,ppn,R,R,31093899543.248642,50852632095.05791,0.6354536691136716,False,0.667539026099538,14
22.2368985414505,ppn,R,R,31811193045.642815,50534233613.75558,0.5885676950640888,False,0.7076152246372643,15
22.69786984147504,ppn,R,R,31811193045.642815,49123941260.78662,0.5442344834506336,False,0.5522316978997223,15
23.366517141461372,ppn,R,R,32001968162.806477,48882717692.755455,0.5274909794319533,False,0.5363132143637099,16
23.859282141551375,ppn,R,R,32001968162.806477,48869781239.83475,0.5270867401409542,False,0.5350362803496415,16
24.454093841370195,ppn,R,R,32024257172.66896,46922752573.76946,0.4652253234406196,False,0.4662260463709683,17
24.95485064154491,ppn,R,R,32024257172.66896,46933891692.04005,0.46557315721582704,False,0.46622597731836596,17
25.690372141543776,ppn,R,R,32118427803.266815,46722151840.40898,0.4546836515969439,False,0.45546757589933806,18
26.097109441412613,ppn,R,R,32118427803.266815,46726385167.88874,0.454815455292495,False,0.4554663613386824,18
26.727852741489187,ppn,R,R,32589640056.09258,46512137703.664185,0.42720624172615906,False,0.42986078873424144,19
27.20699964137748,ppn,R,R,32589640056.09258,46482168149.82764,0.42628663801820266,False,0.42692813264088625,19
27.82239924138412,ppn,R,R,32771267430.58585,46190539429.78335,0.4094828504152732,False,0.41105880968061476,20
28.291402741335332,ppn,R,R,32771267430.58585,46220683639.85909,0.4104026869806301,False,0.4110406262637374,20
31.02749594138004,ppn,R,R,33477074587.289993,45547918389.9875,0.36057044862815957,False,0.3670166551118579,22
31.62044004141353,ppn,R,R,33477074587.289993,45416951927.055595,0.3566583247479673,False,0.35998099971395486,22
32.153857841389254,ppn,R,R,33477074587.289993,45443575059.41368,0.3574535893487816,False,0.35807629328747437,22
32.8502139414195,ppn,R,R,33477077702.249336,45443763417.73686,0.35745908952750316,False,0.35808423793303024,23
33.48567564133555,ppn,R,R,33477077702.249336,44916255573.839966,0.341701804838898,False,0.3423245087196496,23
34.30521704140119,ppn,R,R,34091977710.611816,44885356109.96996,0.316595842311562,False,0.3190751715494625,24
34.799646641360596,ppn,R,R,34091977710.611816,44874553633.79971,0.31627897960966944,False,0.31689045209091893,24
35.45533954142593,ppn,R,R,34092643994.156612,43994108184.03903,0.29042816953649897,False,0.2910509030188653,25
36.04961814149283,ppn,R,R,34092643994.156612,43536882734.446976,0.2770169055209999,False,0.27763767811501916,25
36.716714441543445,ppn,R,R,34142904033.930397,43470244966.70513,0.27318534250939663,False,0.2743925436447232,26
37.184976341435686,ppn,R,R,34142904033.930397,43488068859.21164,0.2737073804851,False,0.2743272392712243,26
37.896176441339776,ppn,R,R,34143250124.86358,43114743432.64513,0.2627603779655523,False,0.4689631106147299,27
38.544304941548035,ppn,R,R,34143250124.86358,42354032217.25755,0.24048038960458462,False,0.24111985453630672,27
39.28981474135071,ppn,R,R,34496063289.56408,42339202045.766594,0.22736329912101194,False,0.2288555547504498,28
39.77925144135952,ppn,R,R,34496063289.56408,42307622583.69595,0.22644784793443562,False,0.22708077265186216,28
40.4860281413421,ppn,R,R,34528361747.94117,42179477760.98722,0.22158931457274433,False,0.22607251855914387,29
41.05786004150286,ppn,R,R,34528361747.94117,42153643820.341064,0.22084111977466092,False,0.22141908049783304,29
41.75311354151927,ppn,R,R,34540723329.46934,42133176183.57357,0.2198116345648884,False,0.22048273061561646,30
42.27585514145903,ppn,R,R,34540723329.46934,42136033617.80101,0.2198943610961248,False,0.22047211497624578,30
42.9697116415482,ppn,R,R,34781223899.652214,42128660672.91416,0.21124721759246134,False,0.21779994475484976,32
43.497293941443786,ppn,R,R,34781223899.652214,42005479373.44979,0.20770561423141332,False,0.2096884248897209,32
44.069926041411236,ppn,R,R,34781223899.652214,42044411880.69576,0.20882496837945297,False,0.20939872725569567,32
44.73860744154081,ppn,R,R,34823200634.06651,41981166794.20059,0.2055516445875354,False,0.20960317368883283,33
45.35398294148035,ppn,R,R,34823200634.06651,42102268926.46659,0.20902927243508973,False,0.20960369458292538,33
45.99027514155023,ppn,R,R,34858283356.983734,42055258879.9725,0.20646385392202293,False,0.2105226598639399,34
46.58415774139576,ppn,R,R,34858283356.983734,42176481844.951,0.20994144814939908,False,0.21051736764647427,34
47.24473384139128,ppn,R,R,34877684395.794876,42168169238.819176,0.20903007092705095,False,0.21181381541848587,35
47.84713704138994,ppn,R,R,34877684395.794876,41759263728.08242,0.19730608414809914,False,0.1978700176977535,35
48.50290214153938,ppn,R,R,35050784648.83166,41514293161.70294,0.18440410329264156,False,0.18990403602839054,36
49.10094734141603,ppn,R,R,35050784648.83166,41477445935.925644,0.1833528507701525,False,0.18391399930254937,36
49.7624143413268,ppn,R,R,35219124378.35823,41474825130.83379,0.17762226809703496,False,0.17848857049232614,37
50.301301141502336,ppn,R,R,35219124378.35823,41472616772.30498,0.17755956470597112,False,0.1781180310708286,37
51.09042624151334,ppn,R,R,35223126989.00499,41464863570.21594,0.17720563489889263,False,0.17778149971139381,38
51.581707541365176,ppn,R,R,35223126989.00499,41465426429.29348,0.17722161471458908,False,0.17778001761763573,38
52.18522644136101,ppn,R,R,35382973235.42497,41513806515.62246,0.1732707209031088,False,0.18007243628079808,40
52.68190394155681,ppn,R,R,35382973235.42497,41567542475.39924,0.1747894163337962,False,0.17980227338418103,40
53.231741841416806,ppn,R,R,35382973235.42497,41400829498.137505,0.17007774396662434,False,0.17063362422671907,40
53.89898914145306,ppn,R,R,35385385081.56149,43372297470.76396,0.2257121794998993,False,0.8735501925126431,41
54.48977314145304,ppn,R,R,35385385081.56149,44801648509.243355,0.26610600410248075,False,0.26617254983073363,41
55.15469584148377,ppn,R,R,35395922620.79885,43494569352.60118,0.2288016848314478,False,0.2362108252552354,42
55.7732907414902,ppn,R,R,35395922620.79885,42843946168.06193,0.2104203816652761,False,0.21079891250706118,42
56.46230164146982,ppn,R,R,35400594129.86276,41918186896.53281,0.18410970004517568,False,0.18452326794659804,43
57.06829984136857,ppn,R,R,35400594129.86276,41343355776.09817,0.16787180532719614,False,0.1682834498360211,43
57.72762974142097,ppn,R,R,35402125876.59607,41340096699.04309,0.1677292161251973,False,0.16814438883296928,44
58.16363764135167,ppn,R,R,35402125876.59607,41340215738.66595,0.16773257862447966,False,0.16814420532264746,44
58.938971241470426,ppn,R,R,35402781151.61432,41340582133.23831,0.16772131421526004,False,0.1681438890365386,45
59.42743374151178,ppn,R,R,35402781151.61432,41340970004.3103,0.16773227016446457,False,0.16814388924377613,45
60.10764664155431,ppn,R,R,35437099442.124756,41116972658.38589,0.16028042096214445,False,0.16091295915997048,46
60.64613884151913,ppn,R,R,35437099442.124756,41124815516.956924,0.16050173869679285,False,0.1609129591525329,46
61.282954641385004,ppn,R,R,35592907344.06004,41103291271.79384,0.1548169098541876,False,0.1554905837160717,47
61.78903624136001,ppn,R,R,35592907344.06004,41096315278.16894,0.15462091592883986,False,0.1550303362676122,47
62.502633441472426,ppn,R,R,35699623870.76082,41094787603.41783,0.15112662677311373,False,0.15170902630462618,48
63.058024341473356,ppn,R,R,35699623870.76082,41087804187.129875,0.1509310108105133,False,0.1513392072731834,48
63.803084841463715,ppn,R,R,35755761918.18727,41087535727.56549,0.14911649265306792,False,0.14960293562193527,49
64.26356184133328,ppn,R,R,35755761918.18727,41086778504.70889,0.14909531500739703,False,0.14950287058448242,49
64.82558954134583,ppn,R,R,35765255162.72388,41079064867.68195,0.14857463425834472,False,0.14957447290854953,50
65.41039524134248,ppn,R,R,35765255162.72388,40903957357.02768,0.1436786112925481,False,0.14378119412598425,50
66.153820741456,ppn,R,R,35860240747.56413,40880339106.27484,0.1399906485304816,False,0.14206316717014597,51
66.66574914148077,ppn,R,R,35860240747.56413,40869106837.99275,0.13967742508167214,False,0.13977973619661946,51
67.26873384136707,ppn,R,R,35947191932.12349,40833767834.56457,0.1359376251604869,False,0.13837117345404992,52
67.82796434150077,ppn,R,R,35947191932.12349,40792347514.35518,0.13478537047846317,False,0.1348874341172609,52
68.4597126415465,ppn,R,R,35986461752.83792,40792156932.12719,0.1335417527929177,False,0.13369553193495626,53
69.06207934138365,ppn,R,R,35986461752.83792,40790052353.575325,0.13348327028451434,False,0.13358522254751717,53
69.78733794135042,ppn,R,R,36039620829.91099,40750151725.34523,0.13070423014896848,False,0.13101477726369049,54
70.37434664135799,ppn,R,R,36039620829.91099,40746454489.67497,0.1306016420643794,False,0.13070344394599362,54
71.04083104152232,ppn,R,R,36103332661.83758,40749565497.669266,0.12869263010566634,False,0.12880428615680284,55
71.53755094134249,ppn,R,R,36103332661.83758,40749173140.037254,0.12868176247647312,False,0.12878338470751527,55
72.19431754155084,ppn,R,R,36167731170.93592,40727139016.98949,0.12606286594270721,False,0.12940194912054442,57
72.74717064155266,ppn,R,R,36167731170.93592,40673375270.95355,0.12457635450570725,False,0.12551414294261348,57
73.30818634154275,ppn,R,R,36167731170.93592,40691728107.04436,0.1250837912593168,False,0.12518523254673994,57
74.36272804136388,ppn,R,R,36189300474.51766,40691698776.14713,0.12441241589623409,False,0.12454017256358199,58
74.95049694133922,ppn,R,R,36189300474.51766,40691337396.86779,0.12440243009173924,False,0.1245038109188082,58
75.68395364144817,ppn,R,R,36189398079.16357,40691381699.41586,0.1244006217070619,False,0.1245035952530831,59
76.14743094146252,ppn,R,R,36189398079.16357,40691439348.85105,0.12440221469943658,False,0.12450359525307633,59
76.823163341498,ppn,R,R,36265150956.85604,40635409510.40855,0.12050848923121049,False,0.12181527766207595,60
77.3804952413775,ppn,R,R,36265150956.85604,40600445159.594406,0.11954435838130051,False,0.11964552716500465,60
78.04072674154304,ppn,R,R,36267465063.00939,40601696536.2262,0.11950742809531123,False,0.11964828114627372,61
78.529273041524,ppn,R,R,36267465063.00939,40595217065.895546,0.11932877016266019,False,0.1194299324911211,61
79.15159794152714,ppn,R,R,36283815696.746414,40595194127.234314,0.11882373305281946,False,0.11894412481950146,62
79.67187814135104,ppn,R,R,36283815696.746414,40594509405.262886,0.11880486177486049,False,0.11890597851638025,62
80.32729974132963,ppn,R,R,36333030475.9634,40593733819.14307,0.11726804198175511,False,0.11744639003493333,63
80.79430824145675,ppn,R,R,36333030475.9634,40588887565.088356,0.117134657730807,False,0.11723563750499842,63
81.41644414141774,ppn,R,R,36333078877.1319,40588916022.77599,0.11713395278270045,False,0.11723569908598507,64
81.88916004146449,ppn,R,R,36333078877.1319,40588779375.82788,0.11713019183118356,False,0.11723117147085457,64
82.48785874154419,ppn,R,R,36399588616.51632,40593580107.86456,0.11522084866215265,False,0.11536339350171188,65
83.08458394138142,ppn,R,R,36399588616.51632,40591741077.85754,0.1151703252887597,False,0.11527112041729283,65
83.77487234142609,ppn,R,R,36454148675.40238,40530951289.09301,0.11183370787208835,False,0.11283095953255948,66
84.3688287413679,ppn,R,R,36454148675.40238,40554094250.29699,0.11246855910425002,False,0.112569203375107,66
85.07658484135754,ppn,R,R,36494985884.26594,40549851747.45793,0.11110747860133197,False,0.1112388743734456,67
85.62263184133917,ppn,R,R,36494985884.26594,40549172493.06158,0.11108886633501935,False,0.11118939798681354,67
86.18669724138454,ppn,R,R,36546364271.184204,40491066011.379135,0.10793691298330366,False,0.10903100639883805,68
86.77954294136725,ppn,R,R,36546364271.184204,40472869621.67162,0.10743901421634328,False,0.10753940453659308,68
87.47988624149002,ppn,R,R,36608409053.9723,40461977490.1614,0.10526456996554345,False,0.10568761499424328,69
88.07565774139948,ppn,R,R,36608409053.9723,40460161888.17842,0.10521497474876407,False,0.10531519492516526,69
88.71404904150404,ppn,R,R,36613245817.61042,40331345143.20035,0.10155066131289514,False,0.10180945421093385,70
89.37061514146626,ppn,R,R,36613245817.61042,40325558989.20163,0.10139262686745032,False,0.10145548007400006,70
90.14269764139317,ppn,R,R,36634849255.571304,40325526376.32595,0.10074224940869336,False,0.1008326123841602,71
90.61897154152393,ppn,R,R,36634849255.571304,40326308590.99049,0.10076360106375493,False,0.1008264172059967,71
91.47953534149565,ppn,R,R,36653390062.09514,40326196234.28769,0.1002037237475275,False,0.10029017249001246,72
91.99055494135246,ppn,R,R,36653390062.09514,40324678975.4263,0.10016232897179678,False,0.10022511333902565,72
92.59878824139014,ppn,R,R,36695027930.05324,40277205504.59631,0.09762024384805734,False,0.09846456049609208,73
93.19444494135678,ppn,R,R,36695027930.05324,40255832964.1351,0.09703780688951502,False,0.09710052001528863,73
93.89906954136677,ppn,R,R,36695030003.88988,40255830701.8598,0.09703768323918682,False,0.09710071573426993,74
94.4922086414881,ppn,R,R,36695030003.88988,40255806191.071304,0.09703701527983388,False,0.09709971870558974,74
95.0914801415056,ppn,R,R,36712792580.38541,40256310887.053314,0.09651998820054652,False,0.09658387188241482,75
95.70734814135358,ppn,R,R,36712792580.38541,40256277558.269066,0.09651908037572832,False,0.09658175346398279,75
96.40747894137166,ppn,R,R,36717212060.01347,40252246384.314766,0.09627730772487175,False,0.09659515151521096,76
97.01954264147207,ppn,R,R,36717212060.01347,40173050726.34036,0.09412039946492667,False,0.09415109058304136,76
97.5897422414273,ppn,R,R,36754273451.12047,40132130127.458496,0.09190378040883451,False,0.09264717871257093,77
98.14868714148179,ppn,R,R,36754273451.12047,40112473186.39391,0.09136895985005711,False,0.09139962002059984,77
98.8511836414691,ppn,R,R,36797724242.12536,40110527260.844475,0.09002738856678216,False,0.09015596947838615,78
99.3108073414769,ppn,R,R,36797724242.12536,40104689983.04079,0.08986875707736508,False,0.08989938104434628,78
100.10704474151134,ppn,R,R,36806150212.50341,40104686491.20032,0.08961916037544082,False,0.08965946512440677,79
100.62515404145233,ppn,R,R,36806150212.50341,40104916181.36351,0.08962540091301041,False,0.08965601786929822,79
101.24466434144415,ppn,R,R,36812681494.47858,40054639096.09687,0.0880663257878822,False,0.08843626438539229,80
101.84175844141282,ppn,R,R,36812681494.47858,40049074085.36656,0.08791515476462641,False,0.08794233989732002,80
102.52730184141546,ppn,R,R,36813969172.95688,40049759530.28749,0.0878957208370672,False,0.08794496330123261,81
103.1282813414,ppn,R,R,36813969172.95688,40046294367.51339,0.08780159453523262,False,0.08782877871704507,81
103.88839104142971,ppn,R,R,36829245021.70176,40046207699.52237,0.0873480484306699,False,0.08739445558496153,82
104.52587144146673,ppn,R,R,36829245021.70176,40045077676.00199,0.0873173656534445,False,0.08734453855993872,82
105.1876458413899,ppn,R,R,36867338590.69331,39995716933.153534,0.08485500885192554,False,0.08543487899949245,83
105.66879074135795,ppn,R,R,36867338590.69331,39970275369.704895,0.08416492477151238,False,0.08419206960131285,83
106.37900844146498,ppn,R,R,36868510399.43486,39970911944.12014,0.0841477323350941,False,0.08419468705119788,84
106.82381864148192,ppn,R,R,36868510399.43486,39967550267.98014,0.08405655218966435,False,0.08408369615670819,84
107.50161714153364,ppn,R,R,36908262513.67959,39965961035.69629,0.08284590803707981,False,0.08356839847364961,86
108.02811204153113,ppn,R,R,36908262513.67959,39959581974.430756,0.08267307244875677,False,0.08293043843728191,86
108.60966674145311,ppn,R,R,36908262513.67959,39946997004.78094,0.08233209271162734,False,0.08235920744320999,86
109.3427217414137,ppn,R,R,36908300795.91267,39947019195.271706,0.08233157132217683,False,0.08235928449322817,87
109.8551856414415,ppn,R,R,36908300795.91267,39947040797.51044,0.0823321566170363,False,0.0823592713204951,87
110.73430134146474,ppn,R,R,36916034614.095924,39947022459.095535,0.0821049139400869,False,0.08214088954660957,88
111.17393964133225,ppn,R,R,36916034614.095924,39946479598.15158,0.0820902086514601,False,0.08211731767445535,88
111.73268624139018,ppn,R,R,36953435060.82368,39926528737.236305,0.08045513689103734,False,0.08103625950480828,90
112.26127014146186,ppn,R,R,36953435060.82368,39909989409.072815,0.08000756474689785,False,0.08033263648689451,90
112.78650324139744,ppn,R,R,36953435060.82368,39911500230.35185,0.08004844920801912,False,0.08007553079406392,90
113.43000114150345,ppn,R,R,36953656657.358475,39911625765.16825,0.08004536967035891,False,0.08007605140883525,91
114.03302634134889,ppn,R,R,36953656657.358475,39910084930.290764,0.08000367325877566,False,0.08003075468242263,91
114.77025864133611,ppn,R,R,37006372021.82112,39909995647.30364,0.07846280158915264,False,0.07850874856530622,92
115.35876434133388,ppn,R,R,37006372021.82112,39910695220.64829,0.07848170572123658,False,0.07850874856755138,92
116.05262914136983,ppn,R,R,37057569632.108185,39911324401.51969,0.07700868669322825,False,0.0770602270025478,93
116.59033534140326,ppn,R,R,37057569632.108185,39911248141.08639,0.07700662880238274,False,0.0770336342871239,93
117.25480934139341,ppn,R,R,37064523238.83359,39911242706.023125,0.07680442694071798,False,0.0768393485111302,94
117.73068474140018,ppn,R,R,37064523238.83359,39911329303.515,0.0768067633390932,False,0.07683376375738529,94
118.34948424133472,ppn,R,R,37113492428.04828,39912009783.389275,0.0754043118083394,False,0.07545527979670628,95
118.79439764143899,ppn,R,R,37113492428.04828,39911917096.551384,0.07540181441906602,False,0.0754287792118079,95
119.42933624144644,ppn,R,R,37139070563.79088,39908858812.177956,0.07457882511167391,False,0.07469235264801047,96
119.92840254143812,ppn,R,R,37139070563.79088,39908914780.63419,0.07458033210835935,False,0.07460727833011598,96
120.88168194144964,ppn,R,R,37145459542.77308,39908901610.5867,0.07439515089674731,False,0.07442931073524812,97
121.35431614145637,ppn,R,R,37145459542.77308,39908548847.3109,0.07438565408932729,False,0.07441259567636305,97
122.05737494141795,ppn,R,R,37189733120.80187,39908449136.434814,0.07310393991809105,False,0.07314638749515444,98
122.5491690414492,ppn,R,R,37189733120.80187,39909026992.90331,0.07311947798249774,False,0.07314638749615283,98
123.21217964147218,ppn,R,R,37193843392.07377,39906994049.17726,0.07294623006563716,False,0.07313712392835317,99
123.75025594141334,ppn,R,R,37193843392.07377,39907028313.897285,0.072947151312728,False,0.0729713191743706,99
124.38482294138521,ppn,R,R,37230111746.94543,39906428436.9983,0.07188580867669447,False,0.0719743116569023,100
124.88062364142388,ppn,R,R,37230111746.94543,39904726414.41122,0.07184009238664801,False,0.07186423670475166,100
125.71603394136764,ppn,R,R,37232733100.682465,39901515802.50863,0.07167839907452955,False,0.07185743756936068,101
126.24294974142686,ppn,R,R,37232733100.682465,39835348879.0623,0.06990128206119062,False,0.06991963378362771,101
127.05766874132678,ppn,R,R,37255059541.292305,39814886686.528824,0.06871085905524565,False,0.0688338974052621,102
127.63847114145756,ppn,R,R,37255059541.292305,39789242520.949295,0.06802251857491148,False,0.06804085929941586,102
128.22096584155224,ppn,R,R,37281215541.641045,39787821422.3858,0.06723508995958083,False,0.06770693068591799,103
128.7745357414242,ppn,R,R,37281215541.641045,39771528270.35468,0.06679805613988354,False,0.06681638399678169,103
129.5082028415054,ppn,R,R,37291345937.390785,39770631088.781006,0.06648419597277999,False,0.06650605069886978,104
129.9604321415536,ppn,R,R,37291345937.390785,39770560295.92267,0.06648229760047508,False,0.0665006204785116,104
130.69041724153794,ppn,R,R,37294744226.72283,39769050298.51665,0.06634463174628502,False,0.06650919330728434,105
131.2408014414832,ppn,R,R,37294744226.72283,39774458646.49679,0.06648964810428071,False,0.06650922290347969,105
131.85428124153987,ppn,R,R,37297059040.31769,39771718933.628685,0.06635000069672836,False,0.06651982803450894,106
132.40974154137075,ppn,R,R,37297059040.31769,39711478342.258385,0.06473484408866503,False,0.06473521014226649,106
132.98537004133686,ppn,R,R,37315133854.51442,39711362723.56047,0.06421600625602886,False,0.06424412925442423,107
133.46080684149638,ppn,R,R,37315133854.51442,39712272193.743935,0.06424037894586054,False,0.0642407448221521,107
134.07131584151648,ppn,R,R,37337400304.26117,39688436863.29244,0.06296733409055677,False,0.06331716298909902,108
134.75289994152263,ppn,R,R,37337400304.26117,39676515862.02576,0.06264805633769943,False,0.06264842199579777,108
135.37085114140064,ppn,R,R,37360987480.029305,39680290930.56547,0.06207821599404739,False,0.06261796391447273,110
135.90339494147338,ppn,R,R,37360987480.029305,39683781343.52768,0.06217163999586428,False,0.0624979264625187,110
136.48430834151804,ppn,R,R,37360987480.029305,39680324372.56462,0.06207911109884545,False,0.06207947652609215,110
137.09599574143067,ppn,R,R,37366112494.09397,39680557194.45819,0.0619396706234836,False,0.06323784184107367,111
137.6659974413924,ppn,R,R,37366112494.09397,39657797416.27572,0.06133056850760088,False,0.06133093388472668,111
138.34085804154165,ppn,R,R,37377114321.19765,39656716254.851364,0.06098924368703584,False,0.061017035036855266,112
138.8549755413551,ppn,R,R,37377114321.19765,39656962489.69342,0.06099583153755672,False,0.060996196807135264,112
139.49741114140488,ppn,R,R,37381602643.61486,39656985967.16692,0.0608690682752393,False,0.06086964024058806,113
139.99364104145207,ppn,R,R,37381602643.61486,39656981605.72856,0.06086895160184791,False,0.06086931682756922,113
140.57186694140546,ppn,R,R,37403422465.09397,39653433550.752975,0.060155219425676476,False,0.060397895128992615,115
141.09462534147315,ppn,R,R,37403422465.09397,39657630818.4902,0.06026743556689018,False,0.06032009834233923,115
141.59458754141815,ppn,R,R,37403422465.09397,39659525786.16017,0.06031809851549452,False,0.06031846352815632,115
142.37125944136642,ppn,R,R,37407491720.11349,39659518016.20362,0.06020254747204157,False,0.060207428475483875,116
142.87660664133728,ppn,R,R,37407491720.11349,39659318228.99408,0.06019720663788353,False,0.060197571610838545,116
143.54801194136962,ppn,R,R,37411105423.925606,39655816556.83311,0.06000119770510537,False,0.06020647879639304,117
144.07889894139953,ppn,R,R,37411105423.925606,39614266571.78375,0.05889056532526715,False,0.058890930262967794,117
144.72147854138166,ppn,R,R,37411113659.07259,39614271055.121895,0.05889045207599719,False,0.058890945249064415,118
145.30839674151503,ppn,R,R,37411113659.07259,39614275852.55331,0.05889058031145833,False,0.058890945249078466,118
146.37512854137458,ppn,R,R,37412880480.909706,39612285582.91303,0.05878737679996582,False,0.05882408831581936,120
147.05743544152938,ppn,R,R,37412880480.909706,39607217117.68772,0.05865190299628753,False,0.05865666511268825,120
147.64962274138816,ppn,R,R,37412880480.909706,39606476719.621056,0.05863211307214522,False,0.058632477992530865,120
148.326081241481,ppn,R,R,37442431815.80881,39606404549.9725,0.057794663146052194,False,0.05780512991551588,121
148.79296834138222,ppn,R,R,37442431815.80881,39606782799.08571,0.057804765297404526,False,0.05780512992977823,121
149.69394704140723,ppn,R,R,37456320732.00619,39606554175.219246,0.05740642436820287,False,0.057428135885585235,122
150.18158704135567,ppn,R,R,37456320732.00619,39605165674.97012,0.05736935451665337,False,0.05736971901382002,122
150.88415454141796,ppn,R,R,37456326408.48536,39605168986.945015,0.0573692826954022,False,0.057369734376839523,123
151.3671475413721,ppn,R,R,37456326408.48536,39605172021.65223,0.057369363715286115,False,0.05736972821239754,123
151.97719204146415,ppn,R,R,37456331297.599884,39605174855.48994,0.057369301355676194,False,0.057369741150583804,124
152.45790834142826,ppn,R,R,37456331297.599884,39605177440.50045,0.0573693703696565,False,0.05736973486672047,124
153.07686074147932,ppn,R,R,37484153050.17075,39604555272.41887,0.056567964051637,False,0.056578442659223196,125
153.54135124152526,ppn,R,R,37484153050.17075,39602887237.44612,0.05652346431409416,False,0.056523828540618486,125
154.23333024140447,ppn,R,R,37484352401.60457,39602998458.83472,0.05652081259217523,False,0.05652436643278937,126
154.7608364415355,ppn,R,R,37484352401.60457,39571372886.94353,0.055677111958045256,False,0.05567747618263254,126
155.3813319413457,ppn,R,R,37489269406.8186,39570935986.215126,0.05552699778720971,False,0.055537558647481056,127
155.80904424143955,ppn,R,R,37489269406.8186,39571083006.164696,0.055530919441376225,False,0.05553128361819252,127
156.58041334152222,ppn,R,R,37516036100.79085,39569489585.86296,0.05473535315818778,False,0.05475893872871776,128
157.0815305414144,ppn,R,R,37516036100.79085,39568882561.01158,0.05471917274803606,False,0.05471953666502212,128
157.68253844138235,ppn,R,R,37542590799.11182,39568286299.85706,0.053957264472892286,False,0.05396769228930549,129
158.18887154152617,ppn,R,R,37542590799.11182,39566684447.75553,0.0539145968767718,False,0.05391496053635133,129
158.66947954148054,ppn,R,R,37569046949.43871,39565117093.39656,0.05313071014668558,False,0.0531538217752,130
159.16500484151766,ppn,R,R,37569046949.43871,39564518059.75033,0.05311476527464665,False,0.05311512867813674,130
159.62332324148156,ppn,R,R,37595201252.37115,39563926933.51444,0.05236640889159028,False,0.05237667277474822,131
160.05888874153607,ppn,R,R,37595201252.37115,39562418725.64876,0.05232629186028204,False,0.05232665501095902,131
160.75840894132853,ppn,R,R,37614649828.95496,39561635571.15415,0.05176136827147704,False,0.05216860672451506,132
161.21514524146914,ppn,R,R,37614649828.95496,39571324017.310776,0.05201893935616564,False,0.05201930231907635,132
161.73070604144596,ppn,R,R,37640371464.64576,39570805252.523155,0.051286257620772435,False,0.051293277380864574,133
162.18760954146273,ppn,R,R,37640371464.64576,39570509865.7159,0.05127841001471101,False,0.05127877272959009,133
162.8195103413891,ppn,R,R,37653619781.611336,39546030508.679306,0.050258401132317054,False,0.05059800267964361,134
163.36142564145848,ppn,R,R,37653619781.611336,39532773502.47852,0.04990632326363742,False,0.049906685850896346,134
163.8842576413881,ppn,R,R,37678022024.42286,39532436175.24633,0.049217396540121916,False,0.049258809493737996,135
164.3311385414563,ppn,R,R,37678022024.42286,39533030079.8952,0.04923315916822624,False,0.04923352152065488,135
164.9573799413629,ppn,R,R,37681536081.519936,39506851911.80692,0.04844058974501775,False,0.04846382177285675,136
165.52490874147043,ppn,R,R,37681536081.519936,39507713677.57948,0.048463459454222146,False,0.04846382177285887,136
166.14059554133564,ppn,R,R,37696122065.35426,39498653624.926285,0.0478174268548619,False,0.04821314323106694,137
166.69601064152084,ppn,R,R,37696122065.35426,39484648737.86148,0.047445906223627654,False,0.04744626840207021,137
167.29883794137277,ppn,R,R,37711291474.86824,39474607352.501595,0.046758299932752934,False,0.04708455808525266,138
167.84291714150459,ppn,R,R,37711291474.86824,39469973920.31725,0.0466354340216919,False,0.046635796054448196,138
168.49073294154368,ppn,R,R,37718730282.57529,39472205087.01199,0.04648817156092733,False,0.04679553859104029,139
169.0756716413889,ppn,R,R,37718730282.57529,39462930478.70949,0.04624228289412913,False,0.04624264485548581,139
169.6618523413781,ppn,R,R,37741966148.27557,39462407682.87099,0.04558431131638385,False,0.045593013124760724,140
170.0963677414693,ppn,R,R,37741966148.27557,39461104089.482956,0.0455497716905755,False,0.045550133429090374,140
170.79184354143217,ppn,R,R,37750925430.68938,39460505290.452324,0.04528577353426022,False,0.045408988547553104,141
171.2938926415518,ppn,R,R,37750925430.68938,39453729069.53883,0.04510627539385226,False,0.04510663704651709,141
171.93649084144272,ppn,R,R,37752720213.607765,39486849237.31173,0.0459338827478426,False,0.045934268426961425,142
172.48860964155756,ppn,R,R,37752720213.607765,39486846851.91894,0.04593381956318243,False,0.04593418119865403,142
173.20602274150588,ppn,R,R,37755791762.572495,39486729836.029755,0.04584563036956757,False,0.04609439015920799,143
173.72388444142416,ppn,R,R,37755791762.572495,39452503908.836914,0.04493912237185227,False,0.0449394839779039,143
174.46035824134015,ppn,R,R,37761867677.96585,39452493923.31702,0.04477072637849555,False,0.044778632374492255,144
174.92652264144272,ppn,R,R,37761867677.96585,39452721160.665245,0.04477674401909981,False,0.04477710556696868,144
175.49259884143248,ppn,R,R,37765034775.52523,39451020230.67114,0.044644085863216665,False,0.04478720383413875,145
175.99882334144786,ppn,R,R,37765034775.52523,39434492527.145836,0.04420644020438047,False,0.04420680172192858,145
176.59415804152377,ppn,R,R,37780037960.76712,39427557139.89352,0.04360819279316952,False,0.04380363778330236,146
177.08160364138894,ppn,R,R,37780037960.76712,39427734231.90685,0.04361288024249177,False,0.04361324161647464,146
177.94808824150823,ppn,R,R,37785168039.75688,39427701269.16287,0.04347031691582659,False,0.04347704150380871,147
178.5118664414622,ppn,R,R,37785168039.75688,39427263856.277016,0.04345874060404742,False,0.04345910192896649,147
179.1639043414034,ppn,R,R,37787459945.70227,39427077577.66998,0.043390522525825315,False,0.04339125523189388,148
179.86276764143258,ppn,R,R,37787459945.70227,39427070407.838585,0.04339033278479976,False,0.043390694087803675,148
180.47372274147347,ppn,R,R,37799034314.48434,39417389145.96815,0.04281471367811296,False,0.04299685975187139,149
181.07522754138336,ppn,R,R,37799034314.48434,39419260968.76553,0.04286423406484574,False,0.042864595257215546,149
181.83304554154165,ppn,R,R,37799410170.96016,39419264926.703804,0.04285396910738348,False,0.04286387956132587,151
182.45906084147282,ppn,R,R,37799410170.96016,39418671830.51071,0.04283827848706934,False,0.042840341568938727,151
183.20005534146912,ppn,R,R,37799410170.96016,39418683785.65896,0.04283859476576768,False,0.04283895595454578,151
184.15928804152645,ppn,R,R,37801771212.40656,39418682755.08709,0.04277343338213346,False,0.04277644325837427,152
184.68217714154162,ppn,R,R,37801771212.40656,39418763675.61482,0.04277557403652987,False,0.04277593520274902,152
185.15638774144463,ppn,R,R,37818326959.87057,39418724411.53961,0.04231803943541035,False,0.042323891860597276,153
185.6748981415294,ppn,R,R,37818326959.87057,39418932088.13267,0.04232353086270901,False,0.042323891870820224,153
186.26373064145446,ppn,R,R,37829693227.23241,39412539451.59914,0.04184137087390627,False,0.041985926454273036,154
186.86584654147737,ppn,R,R,37829693227.23241,39408943553.71508,0.04174631596921907,False,0.04174667686886202,154
187.47122864145786,ppn,R,R,37841036607.114815,39412052481.522484,0.04151619551860497,False,0.041715852287268367,156
188.052397941472,ppn,R,R,37841036607.114815,39412844526.73937,0.04153712637272289,False,0.04171568237184781,156
188.68024874152616,ppn,R,R,37841036607.114815,39405017924.47082,0.041330297940674,False,0.04133065873213216,156
189.2991675415542,ppn,R,R,37856491121.28973,39404670731.78845,0.040896014518050805,False,0.0409018224217002,157
189.75848594144918,ppn,R,R,37856491121.28973,39403757586.66469,0.040871893288197736,False,0.04087225393236681,157
190.7033303414937,ppn,R,R,37858644077.05161,39403751706.90293,0.04081254539139456,False,0.04081531552189029,158
191.18158834148198,ppn,R,R,37858644077.05161,39403583550.24485,0.040808103693542375,False,0.040808464317202205,158
191.76470454153605,ppn,R,R,37861902365.03467,39404514264.12353,0.040743116503133114,False,0.04086802258886036,159
192.32697114138864,ppn,R,R,37861902365.03467,39409229793.3525,0.040867661994363536,False,0.040868022586988954,159
192.98096844134852,ppn,R,R,37873036983.13656,39408756750.217415,0.04054915817193794,False,0.04057412033514411,160
193.5908840415068,ppn,R,R,37873036983.13656,39407630817.09325,0.04051942902387218,False,0.04051978951048409,160
194.30719674145803,ppn,R,R,37875129114.55982,39408141471.42087,0.04047543579915436,False,0.04059948835655472,161
194.84408694133162,ppn,R,R,37875129114.55982,39391705205.14261,0.04004147645267797,False,0.04004183691937742,161
195.553597941529,ppn,R,R,37875257443.04265,39391776263.4333,0.04003982871063538,False,0.040042230765638676,162
196.03627764154226,ppn,R,R,37875257443.04265,39374876971.402275,0.0395936458152073,False,0.039594006280685455,162
196.73061944148503,ppn,R,R,37875373400.90576,39374941807.4376,0.03959217485882194,False,0.03959436660538174,163
197.22698454139754,ppn,R,R,37875373400.90576,39358404950.00318,0.03915556246534457,False,0.03915592292971906,163
197.73957624146715,ppn,R,R,37875851358.81749,39350122449.23049,0.03892377431853533,False,0.03892419202032536,164
198.33749024150893,ppn,R,R,37875851358.81749,39339453852.78615,0.03864210153596814,False,0.038642461995793825,164
198.94151584152132,ppn,R,R,37875965239.70145,39339517015.56427,0.03864064629378028,False,0.038642815704477126,165
199.5634869413916,ppn,R,R,37875965239.70145,39323272513.72236,0.03821175948550737,False,0.038212119944249306,165
200.1550737414509,ppn,R,R,37890444127.89424,39323251282.42442,0.0378144724219629,False,0.037819926033381294,166
200.6182637414895,ppn,R,R,37890444127.89424,39323444269.323975,0.037819565708779423,False,0.037819926029781216,166
201.33745544147678,ppn,R,R,37890549489.57352,39323503016.37754,0.0378182303003638,False,0.03782025559589039,167
201.88359464146197,ppn,R,R,37890549489.57352,39307487133.30633,0.03739554223468611,False,0.03739590255468586,167
202.6215270415414,ppn,R,R,37895367049.34991,39312862985.046265,0.037405520676192294,False,0.03740757541582138,168
203.02423514146358,ppn,R,R,37895367049.34991,39313217347.866806,0.03741487176177705,False,0.03741523203596977,168
203.6214497415349,ppn,R,R,37895473333.49309,39313276386.36398,0.037413520089688346,False,0.03741556597820956,169
204.1278335414827,ppn,R,R,37895473333.49309,39297333624.86704,0.03699281650441755,False,0.03699317677759983,169
204.7831207413692,ppn,R,R,37895573489.39094,39297403605.50886,0.036991922460557713,False,0.036993867519359555,170
205.3151236413978,ppn,R,R,37895573489.39094,39281565950.25682,0.03657399356296587,False,0.03657435383519627,170
206.02770474134013,ppn,R,R,37905680274.10152,39283767337.14688,0.03635568740833084,False,0.0365632608212228,172
206.48787334142253,ppn,R,R,37905680274.10152,39277535567.148285,0.036191285399092665,False,0.036259543064497426,172
207.02195674134418,ppn,R,R,37905680274.10152,39279894005.745636,0.036253504005388626,False,0.03625386418155952,172
207.65009494149126,ppn,R,R,37905680721.326485,39279893385.00716,0.036253475403424495,False,0.03625383960982712,173
208.08357844152488,ppn,R,R,37905680721.326485,39279893325.090096,0.03625347382273625,False,0.03625383399890307,173
208.7876379415393,ppn,R,R,37905699598.02773,39279904048.23922,0.0362532406678755,False,0.03625389387611224,174
209.27954584150575,ppn,R,R,37905699598.02773,39267718619.44757,0.03593177374018719,False,0.03593213391617462,174
209.92364964145236,ppn,R,R,37905699792.10829,39267718633.09972,0.03593176879628501,False,0.03593213432185915,175
210.44287954154424,ppn,R,R,37905699792.10829,39267718244.073685,0.03593175853328945,False,0.03593211870927463,175
211.10127374134026,ppn,R,R,37909474966.736946,39274833822.38552,0.036016295579049507,False,0.036018341121209205,176
211.58618034143,ppn,R,R,37909474966.736946,39274893762.56457,0.03601787671883305,False,0.0360182368589508,176
212.1624456413556,ppn,R,R,37909877590.95641,39277313914.47316,0.036070713239204855,False,0.03607266977175532,177
212.63253264152445,ppn,R,R,37909877590.95641,39265122772.116974,0.03574913102552091,False,0.035749491161813696,177
213.21504674153402,ppn,R,R,37913839421.56706,39271614461.45143,0.03581212192168559,False,0.03581430953560145,178
213.584776541451,ppn,R,R,37913839421.56706,39271678021.07673,0.035813798344497494,False,0.035814158443157745,178
214.12510274141096,ppn,R,R,37923649565.840256,39276562521.07586,0.035674650797697494,False,0.03567787178009285,179
214.55278494139202,ppn,R,R,37923649565.840256,39276153102.241066,0.03566385492653312,False,0.03566421493204249,179
215.28853214136325,ppn,R,R,37923666772.30582,39276006192.97505,0.03565951121732769,False,0.03566022786679519,180
215.77124284137972,ppn,R,R,37923666772.30582,39275702209.696915,0.03565149555576297,False,0.035651855561108906,180
216.44179314142093,ppn,R,R,37928467043.83622,39272108790.33584,0.03542568026666326,False,0.0354294923608337,181
216.94538404140621,ppn,R,R,37928467043.83622,39262803381.37879,0.03518033924230046,False,0.0351806992020835,181
217.7369052413851,ppn,R,R,37929258930.61036,39263262931.9023,0.03517084274523863,False,0.03518030891826982,182
218.30096584139392,ppn,R,R,37929258930.61036,39263607255.92921,0.035179920803619424,False,0.03518028075588723,182
219.14170264150016,ppn,R,R,37929259052.70741,39263607266.30778,0.035179917744929456,False,0.03518028111194671,183
219.66904684132896,ppn,R,R,37929259052.70741,39263606999.03909,0.03517991069842519,False,0.03518027065069175,183
220.3577806414105,ppn,R,R,37932964873.907906,39268966166.365326,0.035220059831821526,False,0.035221805877276934,184
220.8001250415109,ppn,R,R,37932964873.907906,39269013926.20811,0.03522131889087321,False,0.035221678807974846,184
221.40015594149008,ppn,R,R,37941371737.00368,39266482603.181564,0.03492522292981626,False,0.03503883794107377,185
222.04507914138958,ppn,R,R,37941371737.00368,39264666219.9036,0.034877349508408484,False,0.03487770934576147,185
222.63911904138513,ppn,R,R,37949577895.52712,39261978730.88873,0.03458275185496329,False,0.03471079654528466,186
223.19966954155825,ppn,R,R,37949577895.52712,39257588002.81793,0.03446705285870855,False,0.03446741261825093,186
223.7327635413967,ppn,R,R,37957724497.27629,39250268928.05902,0.03405221066071751,False,0.0341276921436408,187
224.24279384152032,ppn,R,R,37957724497.27629,39251058541.81818,0.03407301311317257,False,0.03407337279550198,187
224.89861134137027,ppn,R,R,37959472860.9944,39250415368.47585,0.03400844137664438,False,0.03410662857963128,188
225.43974914145656,ppn,R,R,37959472860.9944,39240187637.94862,0.0337390032165128,False,0.033739362882276,188
226.0169436414726,ppn,R,R,37963010801.850395,39240270388.48842,0.03364484427499015,False,0.03415543705126115,189
226.50556504144333,ppn,R,R,37963010801.850395,39245380753.23282,0.03377945859130649,False,0.033779818223550695,189
227.3827495414298,ppn,R,R,37963614829.13969,39235453952.860565,0.03350152848839505,False,0.034227993506648846,190
227.89133884152398,ppn,R,R,37963614829.13969,39229699657.14802,0.03334995452109912,False,0.0333503141476214,190
228.64023314137012,ppn,R,R,37968975394.87285,39230112400.42133,0.033214933835659544,False,0.033493506851445524,192
229.2448600414209,ppn,R,R,37968975394.87285,39231822584.68142,0.03325997545825521,False,0.03336439883162617,192
229.79378354153596,ppn,R,R,37968975394.87285,39225996422.23696,0.033106530115475596,False,0.033106889691224904,192
230.44254264142364,ppn,R,R,37975513584.491325,39222315651.47872,0.032831736803595746,False,0.032929232723769165,193
230.97457294142805,ppn,R,R,37975513584.491325,39221775242.113495,0.032817506334690494,False,0.032817865848532,193
231.77246474148706,ppn,R,R,37981656625.45641,39219966120.65457,0.032602830029488716,False,0.03269143881029454,194
232.3228704414796,ppn,R,R,37981656625.45641,39217092868.95761,0.03252718162570023,False,0.03252754108139502,194
232.88483404135332,ppn,R,R,37988717350.22457,39214874821.19644,0.03227688525694905,False,0.03244691126218801,195
233.4004291414749,ppn,R,R,37988717350.22457,39206678267.34515,0.0320611224088454,False,0.03206148179773051,195
234.0562635413371,ppn,R,R,37995543926.32265,39201847110.783775,0.03174854363975621,False,0.03183452729990817,196
234.66900294134393,ppn,R,R,37995543926.32265,39203830892.55872,0.03180075454582432,False,0.03180111387013898,196
235.31637004134245,ppn,R,R,37995544045.221725,39203830689.74549,0.03180074597920424,False,0.031801106008839564,197
235.7805234414991,ppn,R,R,37995544045.221725,39203830695.43849,0.031800746129037716,False,0.03180110545335113,197
236.45738664153032,ppn,R,R,37999870462.263,39197737596.01123,0.031522926767284964,False,0.031565344668251526,198
237.04678914137185,ppn,R,R,37999870462.263,39199131261.18744,0.03155960229168153,False,0.031559961575084644,198
237.8343304414302,ppn,R,R,38005063889.613045,39199063179.47673,0.03141684732675887,False,0.031425688259170616,199
238.30157144134864,ppn,R,R,38005063889.613045,39199067211.35401,0.03141695341465511,False,0.031417312648961755,199
238.89333514147438,ppn,R,R,38011538011.7247,39197588368.05181,0.031202377445534335,False,0.031287906608714174,200
239.39069574140012,ppn,R,R,38011538011.7247,39194156438.172325,0.031112090915206947,False,0.031112450088328737,200
240.12092594150454,ppn,R,R,38017957828.29961,39191994118.869606,0.030881098239739613,False,0.030964530825137424,201
240.6852780415211,ppn,R,R,38017957828.29961,39189191295.59469,0.030807374572424884,False,0.03080773368489568,201
241.34919244144112,ppn,R,R,38026603767.94471,39188998220.9356,0.030567927130288552,False,0.030571256545770947,202
241.81386424135417,ppn,R,R,38026603767.94471,39188494070.17842,0.030554669286904534,False,0.03055502831772584,202
242.48964824154973,ppn,R,R,38026605078.86524,39188493974.76178,0.030554631250589992,False,0.030555027996734662,203
242.86864734138362,ppn,R,R,38026605078.86524,39188846273.06157,0.030563895772075744,False,0.030564254802884536,203
243.43095674132928,ppn,R,R,38032545881.600586,39185237478.27829,0.030308031449331807,False,0.030385437042282318,204
244.0159105414059,ppn,R,R,38032545881.600586,39182458631.4689,0.030234966479712355,False,0.030235325454439303,204
244.5749066413846,ppn,R,R,38037777221.139824,39182133983.937035,0.03008474328413757,False,0.03026708636737546,205
245.15760034136474,ppn,R,R,38037777221.139824,39183830120.80762,0.030129334135509556,False,0.030129693060866464,205
245.77225564140826,ppn,R,R,38042972087.97832,39180811358.65148,0.029909315918898116,False,0.030029615977469004,206
246.32484544138424,ppn,R,R,38042972087.97832,39185244974.8302,0.030025858237633374,False,0.0300262171139783,206
246.9148065415211,ppn,R,R,38049138497.649506,39182794799.41432,0.029794532715500255,False,0.029870485745483597,207
247.4747764414642,ppn,R,R,38049138497.649506,39180353354.232056,0.029730367131766577,False,0.02973072594995043,207
248.02970494143665,ppn,R,R,38054787579.24755,39180668585.69084,0.02958579138298134,False,0.029721708491716695,208
248.50324104144238,ppn,R,R,38054787579.24755,39174521292.72744,0.029424253417473123,False,0.029424612182391986,208
249.47264924133196,ppn,R,R,38060533648.18434,39174003561.43874,0.02925523650159123,False,0.02938340186708184,209
249.92785754147917,ppn,R,R,38060533648.18434,39164759482.70138,0.029012358174586694,False,0.029012716885342297,209
250.6652287414763,ppn,R,R,38060533921.371086,39164759645.183464,0.029012355057697947,False,0.02901271801444045,210
251.2903407413978,ppn,R,R,38060533921.371086,39164759806.784676,0.0290123593035978,False,0.029012718014350448,210
251.8539636414498,ppn,R,R,38065283152.94834,39163104087.70798,0.028840477301811607,False,0.028970072439696726,211
252.34216174134053,ppn,R,R,38065283152.94834,39166558069.25877,0.028931215666660126,False,0.02893157433265805,211
253.1029486414045,ppn,R,R,38067686360.11113,39170106165.15555,0.02895946432404095,False,0.02896071651145298,212
253.63103824155405,ppn,R,R,38067686360.11113,39170140180.30472,0.02896035786794715,False,0.028960716511302727,212
254.2627341414336,ppn,R,R,38075343175.406815,39169969204.61014,0.028748947164062733,False,0.028752052613472367,213
254.66843804134987,ppn,R,R,38075343175.406815,39169533568.59857,0.02873750574357281,False,0.02873786431480635,213
255.36314204148948,ppn,R,R,38080740949.01175,39171480663.942055,0.02864281754366993,False,0.028745004445941868,215
255.92079944140278,ppn,R,R,38080740949.01175,39168655251.93715,0.028568622243513087,False,0.02859589616023899,215
256.47256264137104,ppn,R,R,38080740949.01175,39169670478.827614,0.02859528209479656,False,0.028595640615204372,215
257.24006544146687,ppn,R,R,38080740985.07846,39169670407.33915,0.028595279243315508,False,0.028595637878674217,216
257.82557144155726,ppn,R,R,38080740985.07846,39169670422.9693,0.028595279653763184,False,0.028595638174170743,216
258.5318972414825,ppn,R,R,38086248073.24967,39166672623.751686,0.028367838922439326,False,0.028445351670568178,217
259.1482772415038,ppn,R,R,38086248073.24967,39167286062.03789,0.02838394547840739,False,0.028384303946974228,217
259.8322516414337,ppn,R,R,38086248350.80363,39167286226.08033,0.028383942291178466,False,0.02838430503786766,218
260.43876524153166,ppn,R,R,38086248350.80363,39167286389.01701,0.028383946569275897,False,0.028384305037840365,218
261.26978174154647,ppn,R,R,38086304276.72798,39167200558.710655,0.028380182916385888,False,0.02838142739749388,219
261.8957306414377,ppn,R,R,38086304276.72798,39158685993.18373,0.028156623143690274,False,0.02815698161172845,219
262.6731667413842,ppn,R,R,38087951638.01965,39159398592.59432,0.028130863133767114,False,0.028191064125323517,220
263.3321341413539,ppn,R,R,38087951638.01965,39160395973.14831,0.028157049381939858,False,0.028157407834473437,220
264.13549914141186,ppn,R,R,38093170487.25396,39156810296.68693,0.02792206045933776,False,0.02799215969586774,221
264.8958384413272,ppn,R,R,38093170487.25396,39154165120.86145,0.02785262082510309,False,0.02785297922852793,221
265.69232524139807,ppn,R,R,38094518025.22098,39153139323.29897,0.02778933434404185,False,0.027809486966164677,222
266.394256741507,ppn,R,R,38094518025.22098,39153893375.002235,0.027809128575399855,False,0.02780948696614681,222
267.2482483414933,ppn,R,R,38094576354.86329,39145821000.042145,0.027595651291306478,False,0.027596861198088317,223
267.877007341478,ppn,R,R,38094576354.86329,39145853438.20566,0.027596502807890166,False,0.02759686119808831,223
268.82165484153666,ppn,R,R,38094718850.78556,39145940554.96673,0.027594945858472775,False,0.02759756597659071,224
269.39439314138144,ppn,R,R,38094718850.78556,39139839650.06897,0.02743479492202261,False,0.027435153310880252,224
270.0124832415022,ppn,R,R,38099572237.36076,39139053024.705505,0.02728326661697844,False,0.027370345157367502,226
270.71030374150723,ppn,R,R,38099572237.36076,39139169874.0247,0.027286333562676957,False,0.0273571395113341,226
271.4169647414237,ppn,R,R,38099572237.36076,39136382375.79208,0.02721317005797297,False,0.02721352840117631,226
272.1285819413606,ppn,R,R,38099630137.401024,39128369722.75218,0.027001301105578968,False,0.027002504581221415,227
272.63608934148215,ppn,R,R,38099630137.401024,39128401865.90285,0.027002144766017366,False,0.02700250310867648,227
273.34596224152483,ppn,R,R,38099630377.93986,39128402004.925735,0.027002141931055323,False,0.027002503922538768,228
273.8399355413858,ppn,R,R,38099630377.93986,39128402143.94469,0.02700214557988212,False,0.027002503922538768,228
274.4698142413981,ppn,R,R,38104609315.77806,39125621190.53744,0.02679497029606348,False,0.026874531957170468,229
275.09657794144005,ppn,R,R,38104609315.77806,39128079476.86313,0.02685948444198516,False,0.026859842737818967,229
275.791069441475,ppn,R,R,38104664059.070564,39128109927.40779,0.026858808327260508,False,0.026860028697235527,230
276.3228266413789,ppn,R,R,38104664059.070564,39120246109.57153,0.02665243417253582,False,0.026652792467854836,230
277.2225524415262,ppn,R,R,38108062925.78302,39120195336.0317,0.026559534453898914,False,0.026565046676394397,231
277.8149960413575,ppn,R,R,38108062925.78302,39119939091.79549,0.02655281030639456,False,0.026553168569757358,231
278.39354624133557,ppn,R,R,38108123016.52539,39119972326.1423,0.026552063694612604,False,0.026553369658633724,232
278.92952614137903,ppn,R,R,38108123016.52539,39112145405.09482,0.02634667648506439,False,0.0263470347478619,232
279.74709814134985,ppn,R,R,38109682224.073456,39112596111.23315,0.02631651141205693,False,0.026375137910019414,233
280.35414644144475,ppn,R,R,38109682224.073456,39114546019.15978,0.026367677095233466,False,0.026368035343373137,233
281.3259397414513,ppn,R,R,38109734711.95284,39106765999.56046,0.02616211566791371,False,0.02616324013279159,234
281.79548804135993,ppn,R,R,38109734711.95284,39106795199.895874,0.02616288188514493,False,0.02616324013279155,234
282.49467554152943,ppn,R,R,38109734725.708305,39106795170.46612,0.026162880742520933,False,0.026163239013400626,235
282.99674364132807,ppn,R,R,38109734725.708305,39106795171.16171,0.02616288076077322,False,0.026163239008419464,235
283.6246884413995,ppn,R,R,38109786960.46473,39099052991.54812,0.02595831963347517,False,0.025959440400968255,236
284.2076472414192,ppn,R,R,38109786960.46473,39099082050.99867,0.02595908215284015,False,0.025959440399995565,236
285.0730903414078,ppn,R,R,38111652280.244484,39098940522.721,0.02590515455002418,False,0.02595547905707954,237
285.73489824146964,ppn,R,R,38111652280.244484,39095550015.26705,0.02581619206083552,False,0.025816550290456767,237
286.45168264140375,ppn,R,R,38111701678.52635,39087896301.368576,0.025614039254307386,False,0.025615118608608583,238
286.9531914414838,ppn,R,R,38111701678.52635,39087923730.43986,0.025614758956395534,False,0.02561511718555278,238
287.6396158414427,ppn,R,R,38111750962.45131,39080280677.951294,0.025412889490545876,False,0.025413967266577017,239
288.04179554153234,ppn,R,R,38111750962.45131,39080412212.51493,0.0254163407768373,False,0.025416699005531142,239
288.76287254155613,ppn,R,R,38111938010.1099,39081674904.288475,0.025444439322957813,False,0.025445581565781587,240
289.3161564413458,ppn,R,R,38111938010.1099,39075551886.13206,0.02528378052479363,False,0.025284138751729236,240
289.92194724152796,ppn,R,R,38112940389.64299,39075799051.40447,0.02526330038873459,False,0.025321513794999834,241
290.5954663413577,ppn,R,R,38112940389.64299,39069032306.466675,0.02508575583644812,False,0.0250861140539624,241
291.34972644154914,ppn,R,R,38114006051.08853,39069284272.247696,0.025063705449348328,False,0.025119809340989396,242
291.9980315414723,ppn,R,R,38114006051.08853,39062476277.276184,0.024885083580988843,False,0.02488544178848745,242
292.79778014146723,ppn,R,R,38114179702.00573,39056396616.24991,0.02472090234161839,False,0.024967969085877388,243
293.3663347414695,ppn,R,R,38114179702.00573,39057608193.16354,0.02475269043001771,False,0.024753048635884126,243
294.0981651414186,ppn,R,R,38118893690.437965,39058449553.21505,0.024648035968912962,False,0.024744556541251697,245
294.70171114150435,ppn,R,R,38118893690.437965,39059318232.84324,0.024670824658302726,False,0.024733044079832713,245
295.2820454414468,ppn,R,R,38118893690.437965,39057574635.98492,0.024625083644083334,False,0.02462544180565212,245
296.06030164146796,ppn,R,R,38119744280.55621,39058947250.200096,0.024638228492076752,False,0.02468410943871582,246
296.68202894134447,ppn,R,R,38119744280.55621,39058568603.89625,0.024628295416422974,False,0.02462868969732197,246
297.35498574143276,ppn,R,R,38120264096.54703,39057742863.94897,0.02459266192457621,False,0.024629310679906775,247
297.99147634138353,ppn,R,R,38120264096.54703,39046680430.702644,0.024302463692520204,False,0.02430246369251987,247
298.4875412413385,ppn,R,R,38122136267.995544,39046711052.33898,0.024252963628369484,False,0.0245619398609525,248
299.0432902413886,ppn,R,R,38122136267.995544,39050112331.61384,0.024342184212728712,False,0.024342184212728497,248
299.6006740415469,ppn,R,R,38123561306.56964,39046013379.702515,0.02419637729316526,False,0.024217574473048516,249
300.05425854143687,ppn,R,R,38123561306.56964,39055471837.65005,0.024444477355787253,False,0.024444477355786812,249
2.169441105099395,pnp,R,R,406892012.51816183,898133774820.6411,2206.3025451207463,False,,1
3.554423305206001,pnp,R,R,406892012.51816183,22642390170.501774,54.6471728957597,False,61.42570334006564,1
5.31232900521718,pnp,R,R,1486792863.956714,25729122850.551815,16.30511591377996,False,73.37131864355038,3
5.609416205203161,pnp,R,R,1486792863.956714,22312872308.64596,14.007384585681985,False,53.248293041726505,3
7.265093305148184,pnp,R,R,1486792863.956714,18688069956.171146,11.569383677587536,False,13.259619029407833,3
7.9839965051505715,pnp,R,R,2251326021.3949437,14696606386.947447,5.5279778438492375,False,8.722180460698672,4
8.361109005054459,pnp,R,R,2251326021.3949437,12676147372.665655,4.630524967153087,False,4.652607096370232,4
9.007769905030727,pnp,R,R,2929654798.50163,10114495950.088013,2.452453154296904,False,3.780171436581783,5
9.485719005111605,pnp,R,R,2929654798.50163,7106770857.996111,1.4258048633002307,False,1.4258048633002303,5
9.937829305185005,pnp,R,R,3296523328.8435593,6926791453.83744,1.1012414482949833,False,1.7181413766480416,7
10.36056150519289,pnp,R,R,3296523328.8435593,6681415976.71436,1.0268068234961474,False,1.4818253198601927,7
10.79413360520266,pnp,R,R,3296523328.8435593,5726721303.411667,0.7372002962347111,False,0.7372002962347115,7
11.30686650518328,pnp,R,R,3483053694.3882103,5109595935.382413,0.46698741498439644,False,0.48637385299824343,8
11.710031705209985,pnp,R,R,3483053694.3882103,5168792368.8414,0.4839829707963448,False,0.4839829707963452,8
12.156596405198798,pnp,R,R,3592812568.9349685,4824068813.127356,0.3426998265476935,False,0.35595063137505994,9
12.592115705134347,pnp,R,R,3592812568.9349685,4775972184.308208,0.3293129248108728,False,0.32931292481087315,9
13.17711160518229,pnp,R,R,3640463199.5374045,4773334287.10894,0.3111887211812745,False,0.33157496756252725,10
14.423529805149883,pnp,R,R,3640463199.5374045,4652278908.674158,0.2779359805821757,False,0.277935980582176,10
14.89811280509457,pnp,R,R,3640830327.289246,4652738383.665934,0.277933318889402,False,0.277949194117126,11
15.358433705056086,pnp,R,R,3640830327.289246,4652787368.817987,0.277946773279651,False,0.2779467732796509,11
15.986799105070531,pnp,R,R,3641058901.395636,4653056421.58535,0.27794044194171375,False,0.277955451424502,12
16.404959505191073,pnp,R,R,3641058901.395636,4648705629.560064,0.2767455170192914,False,0.27674551701929123,12
16.981542805209756,pnp,R,R,3641352137.6585765,4649037698.723891,0.2767338952593763,False,0.27675769112292103,13
17.501747005153447,pnp,R,R,3641352137.6585765,4649121524.270421,0.2767569157043541,False,0.2767569157043542,13
17.996016405057162,pnp,R,R,3679963850.855896,4608445118.274607,0.2523071706812452,False,0.25234967278876197,14
18.427909805206582,pnp,R,R,3679963850.855896,4552677966.215894,0.2371529044115528,False,0.23715290441155265,14
18.82906970521435,pnp,R,R,3680150991.7109456,4552814219.695702,0.2371270173289941,False,0.2371685619074122,15
19.305885405046865,pnp,R,R,3680150991.7109456,4542186744.423055,0.23423923492642862,False,0.23423923492642854,15
19.834827605169266,pnp,R,R,3699921077.32738,4626470294.92455,0.2504240491168688,False,0.25054625377515455,16
20.188978305086493,pnp,R,R,3699921077.32738,4625782131.220913,0.250238054959357,False,0.2502380549593573,16
20.674095305148512,pnp,R,R,3721424575.9342613,4625161536.949476,0.24284704488155118,False,0.2525042205899956,17
21.07221250515431,pnp,R,R,3721424575.9342613,4568304866.859294,0.2275688445767905,False,0.22756884457679089,17
21.515372005058452,pnp,R,R,3750177796.3527045,4478115461.195908,0.19410750752968853,False,0.19743312129140098,18
21.90680100512691,pnp,R,R,3750177796.3527045,4464415191.153002,0.19045427539327342,False,0.19045427539327353,18
22.343511605169624,pnp,R,R,3786176853.385069,4387620387.989901,0.15885246724993984,False,0.16226461060243022,20
22.670258705038577,pnp,R,R,3786176853.385069,4392666768.504482,0.16018531056656138,False,0.161020961453069,20
23.07053190516308,pnp,R,R,3786176853.385069,4394505483.52603,0.1606709495350378,False,0.16067094953503783,20
23.57570700510405,pnp,R,R,3797709210.40835,4404761073.889766,0.15984685236501872,False,0.17508873886800333,22
23.981792405014858,pnp,R,R,3797709210.40835,4404673946.73255,0.1598239103353929,False,0.1750440245383808,22
24.296078905230388,pnp,R,R,3797709210.40835,4429319419.081616,0.1663134731174829,False,0.16631347311748285,22
24.801110805012286,pnp,R,R,3835282353.6938596,4438598617.628565,0.15730687034127633,False,0.18666772077438384,23
25.250902905128896,pnp,R,R,3835282353.6938596,4481496868.21742,0.16849203133666912,False,0.16849203133666876,23
25.719410005025566,pnp,R,R,3862078669.9734864,4484969072.340362,0.1612837167739909,False,0.17123498269236928,25
26.070875505218282,pnp,R,R,3862078669.9734864,4487260992.760292,0.16187715896297306,False,0.16934859507236114,25
26.39017730508931,pnp,R,R,3862078669.9734864,4458286208.87347,0.15437477841539593,False,0.1543747784153956,25
26.831510205054656,pnp,R,R,3862128656.0625863,4455423606.465712,0.1536186396773187,False,0.1536318191123381,26
27.159914205083624,pnp,R,R,3862128656.0625863,4455467267.187724,0.15362994451097411,False,0.15362994451097411,26
27.65319220512174,pnp,R,R,3866428469.798998,4455403808.63064,0.15233059228488988,False,0.15443554194046236,27
28.12116340501234,pnp,R,R,3866428469.798998,4454017220.378352,0.15197196978272332,False,0.15197196978272312,27
28.577412605052814,pnp,R,R,3866439023.864857,4450767002.343744,0.15112820217058487,False,0.15113016385033412,28
28.923171505099162,pnp,R,R,3866439023.864857,4450774588.864102,0.1511301643172298,False,0.15113016431722964,28
29.32637920510024,pnp,R,R,3872942409.5681877,4456991251.997112,0.15080235662322772,False,0.15466081447817137,30
29.64969210512936,pnp,R,R,3872942409.5681877,4456945463.98771,0.15079053408507437,False,0.15464307897031493,30
30.026260905200616,pnp,R,R,3872942409.5681877,4460116128.713609,0.15160920485024398,False,0.1516092048502438,30
33.76417410513386,pnp,R,R,3880618125.2060385,4442467442.873404,0.14478345962926564,False,0.14478530834773468,31
34.350443905219436,pnp,R,R,3880618125.2060385,4442474617.044227,0.14478530834784387,False,0.1447853083478438,31
35.03978180512786,pnp,R,R,3890807309.4679027,4428240846.4207325,0.13812905502799833,False,0.13987052424022114,32
35.58827880513854,pnp,R,R,3890807309.4679027,4434867766.367347,0.13983227994239789,False,0.13983227994239816,32
36.15492390515283,pnp,R,R,3890841129.6509013,4434910098.747214,0.13983325223693432,False,0.13983623079158863,33
36.721483905101195,pnp,R,R,3890841129.6509013,4433789402.823196,0.13954521787966456,False,0.1395452178796646,33
37.313245005207136,pnp,R,R,3903337550.178158,4435587171.817674,0.13635756959200784,False,0.139934005811698,34
37.81292450521141,pnp,R,R,3903337550.178158,4413643037.213998,0.1307356795244492,False,0.13073567952444914,34
38.599456805037335,pnp,R,R,3926958986.239108,4445875480.365651,0.13214207124264243,False,0.13215443628588344,35
39.208523905137554,pnp,R,R,3926958986.239108,4445819139.832926,0.1321277241275025,False,0.13212772412750232,35
39.7739218052011,pnp,R,R,3940547758.9244986,4416409948.8401165,0.12076041683237859,False,0.12192292999715205,36
40.32687150500715,pnp,R,R,3940547758.9244986,4418066378.274465,0.12118077195447974,False,0.12118077195447975,36
40.760300705209374,pnp,R,R,3940568721.740721,4416855727.856601,0.12086758022722233,False,0.12087299734759929,37
41.17218190501444,pnp,R,R,3940568721.740721,4416873777.580709,0.12087216071429996,False,0.1208721607143,37
41.731559705222026,pnp,R,R,3940600976.3746805,4416888406.15407,0.12086669841349162,False,0.1208747782266484,38
42.201946705114096,pnp,R,R,3940600976.3746805,4416920245.599424,0.1208747782585573,False,0.12087477825855752,38
42.8112164051272,pnp,R,R,3940629340.349081,4416963751.098853,0.12087775063553075,False,0.12087908928424593,39
43.41098370519467,pnp,R,R,3940629340.349081,4416537441.984309,0.12076956763283642,False,0.12076956763283671,39
43.90304470504634,pnp,R,R,3940652924.2244654,4416054650.175532,0.12064034440298443,False,0.12064785380288037,40
44.41460750508122,pnp,R,R,3940652924.2244654,4416078986.894386,0.12064652021174549,False,0.12064652021174536,40
44.93727120500989,pnp,R,R,3943949657.564196,4414914652.924464,0.11941455552227787,False,0.12172411097710162,41
45.3873655050993,pnp,R,R,3943949657.564196,4421853464.827164,0.12117391162597224,False,0.1211739116259723,41
46.16077700513415,pnp,R,R,3966857681.9527984,4422434772.574314,0.11484583696918649,False,0.1164029026806677,42
46.769137205090374,pnp,R,R,3966857681.9527984,4426906797.115734,0.11597318382656563,False,0.11597318382656586,42
47.38907120516524,pnp,R,R,3972859418.7581096,4420392873.258053,0.1126476946017485,False,0.11265066314449335,43
47.9223660051357,pnp,R,R,3972859418.7581096,4412982018.4220915,0.11078232408272859,False,0.11078232408272867,43
48.5555459051393,pnp,R,R,3976290644.9426622,4411436507.170598,0.10943512461328408,False,0.1108415648057422,44
49.110739305149764,pnp,R,R,3976290644.9426622,4409432203.008998,0.10893106081599857,False,0.1089310608159987,44
49.619615705218166,pnp,R,R,3976302870.1945915,4408626173.910297,0.10872494320196213,False,0.10872810869008347,45
50.11829660506919,pnp,R,R,3976302870.1945915,4408638164.651747,0.10872795875229646,False,0.10872795875229627,45
50.925576905021444,pnp,R,R,3998541693.077991,4413431356.534382,0.10376024443476983,False,0.10376232635910838,46
51.404695405159146,pnp,R,R,3998541693.077991,4413424852.139584,0.10375861774301631,False,0.1037586177430162,46
52.00797270517796,pnp,R,R,3998560593.237527,4413023119.042758,0.10365293113381391,False,0.10365887072528884,47
52.663833105005324,pnp,R,R,3998560593.237527,4413046338.865086,0.10365873817907079,False,0.10365873817907087,47
53.22589050512761,pnp,R,R,3998570945.5409164,4413052037.883987,0.10365730606963153,False,0.10365961067550057,48
53.69701490504667,pnp,R,R,3998570945.5409164,4413061252.986013,0.1036596106684875,False,0.10365961066848754,48
54.2458192051854,pnp,R,R,4002137747.655503,4414916629.919442,0.10313959895701985,False,0.10361198617514315,49
54.76045870501548,pnp,R,R,4002137747.655503,4406904651.639241,0.10113767428941078,False,0.10113767428941112,49
55.35098500503227,pnp,R,R,4014183012.2011743,4405528508.188919,0.09749069606399208,False,0.09962266786037856,50
55.80493390513584,pnp,R,R,4014183012.2011743,4399774125.762966,0.09605718333961888,False,0.09605718333961911,50
56.463726005051285,pnp,R,R,4014197848.4800997,4399283074.881322,0.09593080384591102,False,0.0959350581470414,51
57.1557775051333,pnp,R,R,4014197848.4800997,4399300138.579915,0.09593505468237629,False,0.09593505468237612,51
57.79309660522267,pnp,R,R,4019745960.6644635,4400098305.056817,0.0946209905089328,False,0.09616285990687228,52
58.34420520509593,pnp,R,R,4019745960.6644635,4390356362.770523,0.09219746862928568,False,0.09219746862928566,52
58.93083720514551,pnp,R,R,4024956153.346957,4381234775.741779,0.08851739219533061,False,0.08917241921802566,53
59.38458750513382,pnp,R,R,4024956153.346957,4381884383.746753,0.08867878724666145,False,0.08867878724666149,53
60.04148660507053,pnp,R,R,4027058873.1447973,4379357179.841294,0.08748278031043077,False,0.08776157117911511,54
60.59489060519263,pnp,R,R,4027058873.1447973,4380479886.119603,0.08776157093993842,False,0.0877615709399388,54
61.090992105193436,pnp,R,R,4029534008.5759063,4372726116.178038,0.08516918007683483,False,0.0855928553901564,55
61.48175850510597,pnp,R,R,4029534008.5759063,4374433330.262095,0.08559285539026429,False,0.08559285539026443,55
61.91010250500403,pnp,R,R,4031500926.355369,4373733755.535418,0.08488968139452724,False,0.08624175722511757,56
62.35011640517041,pnp,R,R,4031500926.355369,4377881754.152357,0.08591857824776183,False,0.08591857824776213,56
62.87356800516136,pnp,R,R,4031517105.982204,4374029239.853096,0.08495862100216622,False,0.08496189068334084,57
63.30216370522976,pnp,R,R,4031517105.982204,4374042421.539025,0.08496189066110182,False,0.08496189066110187,57
63.785557305207476,pnp,R,R,4036784924.159116,4372629308.250522,0.08319600632708068,False,0.0844939000636574,58
64.28288290509954,pnp,R,R,4036784924.159116,4362850450.180888,0.08077356910207278,False,0.08077356910207298,58
65.04794670501724,pnp,R,R,4036795945.7717843,4362471730.833221,0.08067680146244594,False,0.080679944010722,59
65.50759880500846,pnp,R,R,4036795945.7717843,4362484591.851934,0.08067998740963911,False,0.08067998740963946,59
65.94094700505957,pnp,R,R,4037130282.598617,4362888042.857464,0.08069042548935612,False,0.08069192920738485,60
66.5179418050684,pnp,R,R,4037130282.598617,4355071930.14912,0.07875436889439458,False,0.07875436889439476,60
67.20122360507958,pnp,R,R,4039406070.2516985,4353460414.046323,0.0777476535739956,False,0.07774911191789319,61
67.75295100500807,pnp,R,R,4039406070.2516985,4350954397.596923,0.07712726126735059,False,0.0771272612673506,61
68.30892490502447,pnp,R,R,4040938043.526355,4351750293.164255,0.0769158661404934,False,0.07705176224587833,62
68.88571140519343,pnp,R,R,4040938043.526355,4347743728.96661,0.07592437254309381,False,0.07592437254309385,62
69.49075040500611,pnp,R,R,4044868315.902992,4348185370.252851,0.07498811596840449,False,0.07610950311522449,63
70.0195511050988,pnp,R,R,4044868315.902992,4341103996.782602,0.07323741040342813,False,0.0732374104034283,63
71.22371540521272,pnp,R,R,4052380754.6185136,4340406862.439551,0.0710757762564076,False,0.07279020722893194,64
71.64641610509716,pnp,R,R,4052380754.6185136,4336544093.95463,0.07012256659551408,False,0.07012256659551444,64
72.12083450518548,pnp,R,R,4053601448.0574074,4336144571.531349,0.06970175215655305,False,0.07109456108495123,65
72.57799770520069,pnp,R,R,4053601448.0574074,4340703791.78489,0.07082648538747427,False,0.07082648538747474,65
73.18401710502803,pnp,R,R,4060053600.5647674,4340124661.563491,0.0689821092410614,False,0.07076078082845046,66
73.69832550501451,pnp,R,R,4060053600.5647674,4335889283.226702,0.06793892637859877,False,0.06793892637859895,66
74.35508270515129,pnp,R,R,4061903125.381335,4332708791.147353,0.06666965149263504,False,0.06692077003838263,67
74.94967230502516,pnp,R,R,4061903125.381335,4333728810.2968645,0.06692077002452157,False,0.0669207700245218,67
75.62988330516964,pnp,R,R,4065146747.4885054,4328648577.663296,0.06481975843494081,False,0.06527818032705833,68
76.06138100521639,pnp,R,R,4065146747.4885054,4329533523.304566,0.06503744938098532,False,0.06503744938098545,68
76.57835400500335,pnp,R,R,4065148787.0207505,4329535186.7715,0.06503732424133757,False,0.0650376378484252,69
77.1288389051333,pnp,R,R,4065148787.0207505,4324681008.992808,0.06384322827265132,False,0.06384322827265161,69
77.75960020511411,pnp,R,R,4066995176.7385817,4320594633.078072,0.06235548490196563,False,0.06259150749894754,70
78.25457790517248,pnp,R,R,4066995176.7385817,4321396821.777595,0.06255272848467541,False,0.06255272848467555,70
78.81039610505104,pnp,R,R,4068759327.3221455,4317398572.89723,0.061109351911145415,False,0.061336342253601475,71
79.34513460518792,pnp,R,R,4068759327.3221455,4318235208.145965,0.06131497607847258,False,0.06131497607847253,71
79.873327805195,pnp,R,R,4079234543.115852,4318234895.050605,0.05858950972507615,False,0.05859101755694586,72
80.34102380508557,pnp,R,R,4079234543.115852,4318233082.407551,0.05858906536645092,False,0.05858906536645097,72
81.15014380519278,pnp,R,R,4088764563.33404,4318981173.251379,0.056304687235309236,False,0.05630506360249512,73
81.87623420520686,pnp,R,R,4088764563.33404,4318980668.742318,0.056304563846189426,False,0.05630456384618955,73
82.59564090520144,pnp,R,R,4098565641.911755,4318980673.727683,0.053778577940041705,False,0.05377993951756126,75
83.13044680515304,pnp,R,R,4098565641.911755,4318980649.704634,0.05377857207871073,False,0.0537796776359844,75
83.80246730521321,pnp,R,R,4098565641.911755,4318977637.185857,0.05377783706089234,False,0.05377783706089243,75
84.3382168051321,pnp,R,R,4101631711.299395,4319350562.8596945,0.05308103381405882,False,0.05383775934351095,76
85.2690924052149,pnp,R,R,4101631711.299395,4313560430.915606,0.05166936832294766,False,0.05166936832294794,76
85.95694920513779,pnp,R,R,4103839135.498925,4312534280.962128,0.05085363694155376,False,0.05129590816840021,77
86.48692750511691,pnp,R,R,4103839135.498925,4314349290.917152,0.0512959081649369,False,0.051295908164937,77
87.0529824050609,pnp,R,R,4103839769.540566,4314349700.426386,0.05129584552697741,False,0.05129596831236505,78
87.47492210520431,pnp,R,R,4103839769.540566,4314350204.282036,0.0512959683036156,False,0.05129596830361582,78
88.24557720520534,pnp,R,R,4106712793.7593985,4311816313.891001,0.0499434780156236,False,0.05005436159455082,79
88.6831205051858,pnp,R,R,4106712793.7593985,4310961694.403126,0.049735374958313594,False,0.04973537495831375,79
89.57458380516618,pnp,R,R,4107983915.614243,4306983027.654575,0.04844203778012535,False,0.04865371716307547,80
90.00725860521197,pnp,R,R,4107983915.614243,4307852603.155021,0.04865371716308009,False,0.048653717163080215,80
90.62461040518247,pnp,R,R,4110781352.0681925,4308414374.692302,0.04807675371123232,False,0.04844671266778937,81
91.25180660514161,pnp,R,R,4110781352.0681925,4306712018.4287,0.047662633835276136,False,0.04766263383527647,81
91.75222730520181,pnp,R,R,4113210143.5304246,4302692585.972684,0.04606680325834844,False,0.04638688099730888,82
92.13211170514114,pnp,R,R,4113210143.5304246,4303162006.460268,0.046180928350722406,False,0.046180928350722385,82
92.6808359050192,pnp,R,R,4114506370.9966807,4303876880.275447,0.04602508592856891,False,0.046308914969636975,83
93.15844450518489,pnp,R,R,4114506370.9966807,4301647771.427767,0.045483317695229175,False,0.04548331769522904,83
93.87166390521452,pnp,R,R,4115442263.3724117,4300271339.484886,0.04491110900946427,False,0.04499433902198117,84
94.42783980513923,pnp,R,R,4115442263.3724117,4300613867.79302,0.04499433902126215,False,0.04499433902126212,84
94.95179460500367,pnp,R,R,4117852835.19658,4296048948.042246,0.04327403624592119,False,0.043346992856791874,85
95.53155410522595,pnp,R,R,4117852835.19658,4296345370.783821,0.04334602102863161,False,0.0433460210286316,85
96.16161920502782,pnp,R,R,4120349293.651733,4296832579.8636,0.0428321177730675,False,0.04332748357668078,87
96.71894380520098,pnp,R,R,4120349293.651733,4297559323.575482,0.043008496924466844,False,0.04332239574504987,87
97.18821830512024,pnp,R,R,4120349293.651733,4295984638.298913,0.04262632416086265,False,0.042626324160862664,87
97.7160602051299,pnp,R,R,4127319998.236449,4295984593.351965,0.04086540301880737,False,0.040866247112644326,88
98.42476110509597,pnp,R,R,4127319998.236449,4295981372.839467,0.04086462272735947,False,0.040864622727359294,88
98.95927930506878,pnp,R,R,4128320202.0265403,4293728760.686983,0.04006679486228948,False,0.04006691301752533,89
99.51568450522609,pnp,R,R,4128320202.0265403,4293729248.4707346,0.04006691301779286,False,0.04006691301779274,89
100.09276170516387,pnp,R,R,4130167798.6809072,4293936861.3375597,0.039651915040584296,False,0.04016818491518077,90
100.66888810507953,pnp,R,R,4130167798.6809072,4290610975.9001837,0.03884664862055209,False,0.0388466486205521,90
101.23742570518516,pnp,R,R,4130492369.938563,4291072544.9303503,0.038876763496884514,False,0.03887681236707803,91
101.761813105084,pnp,R,R,4130492369.938563,4289010767.9647894,0.03837760340145224,False,0.03837760340145248,91
102.44720940501429,pnp,R,R,4130793284.543697,4287056435.6650443,0.03782884796149011,False,0.0391033783793148,92
102.98302000504918,pnp,R,R,4130793284.543697,4287509111.388827,0.03793843362521132,False,0.037938433625211494,92
103.50836990517564,pnp,R,R,4136766134.327134,4287508962.335801,0.036439775204547775,False,0.036440685713223966,93
104.42154930508696,pnp,R,R,4136766134.327134,4287507685.089954,0.0364394664498815,False,0.036439466449881434,93
104.98398020514287,pnp,R,R,4138635756.1064153,4286328716.6651797,0.03568638780082267,False,0.0359320914486407,94
105.62223960505798,pnp,R,R,4138635756.1064153,4285238179.353013,0.035422886160080935,False,0.03542288616008085,94
106.14479990513064,pnp,R,R,4138773076.306267,4285238918.557193,0.03538871050684489,False,0.03607729981446554,95
106.59550320520066,pnp,R,R,4138773076.306267,4284191250.642116,0.03513557560532665,False,0.03513557560532657,95
107.26882260502316,pnp,R,R,4139712752.3478436,4283410420.385309,0.03471199009060899,False,0.03471233245221889,96
107.86068280506879,pnp,R,R,4139712752.3478436,4282100807.449285,0.03439563651383448,False,0.03439563651383438,96
108.4784889051225,pnp,R,R,4141445509.7901645,4279194569.880489,0.03326110648194991,False,0.033284940144726036,97
109.06219190522097,pnp,R,R,4141445509.7901645,4279230624.0694065,0.03326981218357816,False,0.03326981218357816,97
109.59174970514141,pnp,R,R,4142335257.5656004,4277258359.7081404,0.03257174848320532,False,0.032683709464698174,98
110.06925940513611,pnp,R,R,4142335257.5656004,4277722167.2024136,0.03268371612112797,False,0.03268371612112774,98
110.76231860509142,pnp,R,R,4142381243.760519,4277730635.252655,0.03267429614210582,False,0.032674543091934384,99
111.39150750520639,pnp,R,R,4142381243.760519,4274957199.308732,0.03200476917664363,False,0.03200476917664349,99
111.8940114050638,pnp,R,R,4142393184.646801,4274944177.546765,0.03199865077782715,False,0.0319986992328549,100
112.39012990519404,pnp,R,R,4142393184.646801,4272227249.637044,0.03134276714037054,False,0.031342767140370556,100
113.0008232051041,pnp,R,R,4142631836.3751307,4270425281.3030596,0.03084837127108786,False,0.03168027617339959,101
113.5690118051134,pnp,R,R,4142631836.3751307,4270716349.784976,0.03091863300165265,False,0.03091863300165261,101
114.22411800501868,pnp,R,R,4143748940.5606585,4269137749.830338,0.030259750546739017,False,0.030481413675522838,102
114.88801320502535,pnp,R,R,4143748940.5606585,4270056266.2042003,0.03048141368006041,False,0.030481413680060496,102
115.50975090521388,pnp,R,R,4144165161.3557773,4268272167.9895744,0.029947408416800547,False,0.030817030824184282,103
115.99862400512211,pnp,R,R,4144165161.3557773,4268657417.1458426,0.03004037024174422,False,0.030040370241744174,103
116.83595190523192,pnp,R,R,4148466513.0870633,4268657243.5962977,0.02897232751670331,False,0.02897239465490855,105
117.48375780507922,pnp,R,R,4148466513.0870633,4268657232.1049275,0.028972324746674882,False,0.028972333001834195,105
118.17814900516532,pnp,R,R,4148466513.0870633,4268657228.137949,0.028972323790423138,False,0.02897232379042306,105
118.81256900518201,pnp,R,R,4152713271.455737,4268657064.3791456,0.02792000924320126,False,0.027920060172810974,107
119.35108130518347,pnp,R,R,4152713271.455737,4268657062.866132,0.027920008878857816,False,0.02792002392230313,107
119.99777600518428,pnp,R,R,4152713271.455737,4268657056.9238906,0.027920007447927997,False,0.027920007447927983,107
120.5550036050845,pnp,R,R,4152713435.634595,4268657173.363316,0.02791999484814034,False,0.02792002376989255,108
121.0366190050263,pnp,R,R,4152713435.634595,4266537281.041137,0.02740951119569579,False,0.027409511195695523,108
121.56853800523095,pnp,R,R,4154018702.102847,4266395555.560847,0.02705256319648064,False,0.027206277035529698,109
122.11240680515766,pnp,R,R,4154018702.102847,4265619526.1449256,0.026865749060201338,False,0.0268657490602012,109
122.72429120517336,pnp,R,R,4154019555.531967,4263566703.051081,0.02637136057128786,False,0.02637149992393172,110
123.25031850510277,pnp,R,R,4154019555.531967,4263567281.88967,0.026371499915501362,False,0.02637149991550155,110
123.96245370502584,pnp,R,R,4157792626.4858227,4263566812.25076,0.025439985893269013,False,0.025440072914448594,111
124.5430349051021,pnp,R,R,4157792626.4858227,4263566810.435124,0.025439985456586323,False,0.025439985456586347,111
125.11912920512259,pnp,R,R,4158969157.3398194,4262883235.1290035,0.024985537006398495,False,0.025147777796195824,112
125.71610750514083,pnp,R,R,4158969157.3398194,4262167858.2907267,0.024813528796860718,False,0.024813528796860582,112
126.23946800502017,pnp,R,R,4159293733.086288,4261419148.8870645,0.024553547393969977,False,0.024553816477452316,113
126.75820910511538,pnp,R,R,4159293733.086288,4259530906.0211015,0.024099565783836985,False,0.02409956578383683,113
127.39073180500418,pnp,R,R,4162832935.0910583,4259530896.862138,0.023228883618161333,False,0.023229062492750484,114
127.89731810521334,pnp,R,R,4162832935.0910583,4259530179.3257427,0.023228711250832257,False,0.023228711250832184,114
128.50638390518725,pnp,R,R,4163626330.806295,4258703793.1849155,0.022835253412428314,False,0.022835453016297955,115
128.96508490503766,pnp,R,R,4163626330.806295,4257765034.2175937,0.022609786741613958,False,0.022609786741613916,115
129.69837200501934,pnp,R,R,4164073266.085063,4257007786.9003134,0.022318176188726113,False,0.0224350053717795,116
130.22882980504073,pnp,R,R,4164073266.085063,4257494272.13249,0.022435005360810667,False,0.02243500536081079,116
130.85141980508342,pnp,R,R,4167531543.16632,4257494241.4233255,0.02158656685023086,False,0.021587133332932155,117
131.3180240050424,pnp,R,R,4167531543.16632,4257493922.8612638,0.02158649041120264,False,0.021586490411202544,117
131.82041440508328,pnp,R,R,4168594078.373437,4255984604.3480625,0.020964028718460703,False,0.021072494436381723,118
132.29905260517262,pnp,R,R,4168594078.373437,4255161626.4384246,0.020766605344016975,False,0.020766605344017003,118
132.79995260504074,pnp,R,R,4168906555.0564113,4253408789.052813,0.020269639743762058,False,0.02053170492348669,119
133.3057891051285,pnp,R,R,4168906555.0564113,4252897751.809841,0.02014705670280814,False,0.020147056702808232,119
133.82844330510125,pnp,R,R,4169231657.950831,4252255642.166745,0.01991349750441085,False,0.01991363535220958,120
134.26068340521306,pnp,R,R,4169231657.950831,4250513436.3066206,0.019495625339211564,False,0.019495625339211647,120
134.9541446052026,pnp,R,R,4172547332.145196,4250513419.6358175,0.018685489051250004,False,0.018685722746160257,121
135.6325822051149,pnp,R,R,4172547332.145196,4250512309.120485,0.01868522290320085,False,0.01868522290320069,121
136.02943870518357,pnp,R,R,4172568367.2993565,4249108983.7449903,0.018343765687696578,False,0.018347497038794364,122
136.47096880502068,pnp,R,R,4172568367.2993565,4249124553.069496,0.01834749704045935,False,0.01834749704045956,122
137.04512870521285,pnp,R,R,4173519140.6249046,4247687927.8131304,0.01777128238523429,False,0.017851963837110983,123
137.5691523051355,pnp,R,R,4173519140.6249046,4247068122.794827,0.017622773417761195,False,0.01762277341776133,123
138.23071870510466,pnp,R,R,4173866693.16642,4246369619.257426,0.017370685606636682,False,0.017454679214394014,124
138.8059992052149,pnp,R,R,4173866693.16642,4246720197.3834004,0.017454679215380464,False,0.01745467921538028,124
139.62401120504364,pnp,R,R,4173867216.0976157,4246720469.705217,0.017454616986046778,False,0.01745468279131754,125
140.2544640051201,pnp,R,R,4173867216.0976157,4246045442.7091413,0.01729288999255929,False,0.017292889992559114,125
140.76822500512935,pnp,R,R,4173978814.7574697,4245648188.865122,0.017170516978729955,False,0.017170529634205657,126
141.2516917050816,pnp,R,R,4173978814.7574697,4244305249.2803116,0.01684877610643265,False,0.0168487761064326,126
141.85018840502016,pnp,R,R,4174423092.539992,4243317796.077311,0.016504005945262135,False,0.01655961013659898,127
142.31337040523067,pnp,R,R,4174423092.539992,4243506402.27535,0.01654918732574462,False,0.016549187325744532,127
142.8970005051233,pnp,R,R,4174423161.9649987,4242220524.896329,0.016241133277781206,False,0.01624114521647437,128
143.3212679051794,pnp,R,R,4174423161.9649987,4242220574.733494,0.016241145216476127,False,0.016241145216476197,128
143.8123230051715,pnp,R,R,4174746203.1745806,4241427420.942984,0.015972520130133283,False,0.01597253135721116,129
144.2791374051012,pnp,R,R,4174746203.1745806,4240235816.7841935,0.015687088609078303,False,0.01568708860907825,129
144.98634050507098,pnp,R,R,4174892306.3871546,4240474159.7769117,0.01570863355910368,False,0.015708644017870303,130
145.49731140513904,pnp,R,R,4174892306.3871546,4239789914.844858,0.01554473832975689,False,0.015544738329756705,130
145.9372989051044,pnp,R,R,4175138263.9401593,4239185444.8872933,0.015340134122095339,False,0.015340163754973364,131
146.38738330523483,pnp,R,R,4175138263.9401593,4237996010.5115476,0.015055249095407897,False,0.01505524909540789,131
147.00190280517563,pnp,R,R,4175871630.37098,4237511083.6967535,0.01476085923654158,False,0.0148468231824272,132
147.57063330500387,pnp,R,R,4175871630.37098,4237078211.7873225,0.014657198983605957,False,0.014657198983605938,132
147.57087350520305,pnp,R,R,4175871630.37098,4237078211.7873225,0.014657198983605957,True,0.014657198983605938,132
2.133014165563509,pnn,R,R,2603862457.86001,898133774820.6411,343.9236621963413,False,,1
4.698947665514424,pnn,R,R,2603862457.86001,299799530665.9874,114.1364695784962,False,324.32001080663156,1
10.667486165650189,pnn,R,R,15225002748.979712,192487280044.5104,11.642840413109925,False,24.304568915317045,3
11.253623565426096,pnn,R,R,15225002748.979712,194678474189.57443,11.786761184829384,False,24.003564314277096,3
11.753120965557173,pnn,R,R,15225002748.979712,158500957838.262,9.410570063698923,False,12.92670772186843,3
12.402095165569335,pnn,R,R,22180636528.487823,147306994922.14648,5.641242902698123,False,708.474750551907,5
12.981732165440917,pnn,R,R,22180636528.487823,157032454224.3297,6.079709097736857,False,24.68418030268482,5
13.563778565498069,pnn,R,R,22180636528.487823,146490032571.82855,5.6044106707074555,False,23.19121830619729,5
14.460186765529215,pnn,R,R,26933980200.7233,146480510159.95486,4.438502184538667,False,122.55719844761738,6
15.089132365537807,pnn,R,R,26933980200.7233,135251451378.80083,4.021591698324955,False,5.513575121663631,6
16.087633365532383,pnn,R,R,27338328056.626816,136104260520.87564,3.978514422643485,False,46.18301614913357,7
16.672878665616736,pnn,R,R,27338328056.626816,129768797770.3677,3.7467715473152987,False,5.637875256483842,7
17.443161965580657,pnn,R,R,28295471489.103523,141993689228.39902,4.018247859311347,False,7.253081123008918,8
18.03029336547479,pnn,R,R,28295471489.103523,132859412288.14694,3.695430233043142,False,4.896984490457292,8
18.810410365462303,pnn,R,R,32005394514.42364,128542426790.19049,3.0162737794799312,False,29.68111693675178,9
19.51158036547713,pnn,R,R,32005394514.42364,125437023708.22958,2.9192462899246494,False,4.392360567917595,9
20.039158465573564,pnn,R,R,33425904923.468346,123991182012.31424,2.709433814767419,False,3.7623780724258427,10
20.675394665449858,pnn,R,R,33425904923.468346,126606283068.499,2.7876695741932975,False,3.6813610103921146,10
21.294697165489197,pnn,R,R,39892678522.70012,128290875102.22824,2.215900256715701,False,3.3080053923052195,11
21.846210265532136,pnn,R,R,39892678522.70012,123937872468.85255,2.106782423705348,False,2.8185437445894834,11
22.538504065480083,pnn,R,R,40169631005.43426,124671673869.46411,2.103630049591399,False,2.8369123301264962,12
23.166332165477797,pnn,R,R,40169631005.43426,112096878752.68599,1.7905877138259303,False,2.4325290754762054,12
24.385530265513808,pnn,R,R,41034327294.83689,110082371909.1372,1.6826898152413046,False,2.1682410150729576,13
24.974081865511835,pnn,R,R,41034327294.83689,110359506108.22221,1.6894435313944602,False,1.8989076581699493,13
25.702078765491024,pnn,R,R,41079600739.7096,104595526887.15791,1.546167075719668,False,3.3288351362012025,14
26.45672286557965,pnn,R,R,41079600739.7096,106755216334.7082,1.598740358046208,False,1.6681440360064603,14
27.429210565518588,pnn,R,R,43000246203.33531,102621422599.78674,1.3865310471600725,False,1.471025556345896,15
27.996302865445614,pnn,R,R,43000246203.33531,101697471561.59889,1.3650439367417095,False,1.4306151296552336,15
28.585709465434775,pnn,R,R,45210360999.03831,99916946996.75996,1.210045325647485,False,1.3497886952482274,16
29.210335165495053,pnn,R,R,45210360999.03831,95675162210.12172,1.1162220361867243,False,1.1749249118003533,16
30.026015165494755,pnn,R,R,45270275128.80608,95661164262.0417,1.1131120584060956,False,1.1863589205219511,17
30.57139566564001,pnn,R,R,45270275128.80608,90042439286.72438,0.9889969528687306,False,1.0277968073352803,17
31.129041365580633,pnn,R,R,47384621909.383835,86118327552.03642,0.8174319870426556,False,0.8875478940009983,18
34.06624036561698,pnn,R,R,47384621909.383835,83993425455.24704,0.772588280135952,False,0.8077550362061685,18
34.74072306556627,pnn,R,R,47755004214.8736,84190476890.8455,0.762966589051705,False,0.9386970601217667,19
35.3555206656456,pnn,R,R,47755004214.8736,81889669622.31372,0.714787192853156,False,0.7496812124152343,19
36.246106965467334,pnn,R,R,47755020591.546104,81890522531.07701,0.7148044648853902,False,0.7497065546378501,20
36.96213516546413,pnn,R,R,47755020591.546104,79892013118.77415,0.6729552647898376,False,0.7078492723856781,20
37.77854916546494,pnn,R,R,47798524614.69381,76068178053.52922,0.5914335989806889,False,0.6210032490911855,21
38.44695746549405,pnn,R,R,47798524614.69381,76091538626.95735,0.5919223289910072,False,0.6210033134571247,21
39.21976206544787,pnn,R,R,48123640834.78443,76675846020.96837,0.5933093317732936,False,0.658378878078616,22
39.85489776544273,pnn,R,R,48123640834.78443,73349697990.81569,0.5241926154888412,False,0.5530768834179949,22
40.60499316547066,pnn,R,R,48129708743.46391,71518738808.9235,0.48595827143117387,False,1.1926951225475861,23
41.277630765456706,pnn,R,R,48129708743.46391,68597832317.94183,0.4252700485593013,False,0.45415868728235337,23
42.164603765588254,pnn,R,R,48137621919.27131,67359885595.37103,0.39931892996991447,False,0.7399120599900173,24
43.13547636545263,pnn,R,R,48137621919.27131,67855448732.30397,0.40961364576962755,False,0.41061851553432344,24
43.93030456546694,pnn,R,R,48138381550.271614,66238923714.96098,0.3760106090352604,False,0.3770316985054257,25
44.70506396563724,pnn,R,R,48138381550.271614,65391206615.404465,0.35840060487109393,False,0.35941909298181207,25
45.47176176542416,pnn,R,R,48524743315.923615,65516568918.26565,0.3501682737756202,False,0.3599029776751614,26
46.08755546552129,pnn,R,R,48524743315.923615,65158645667.32669,0.34279217600610346,False,0.3438025547516223,26
46.82421556557529,pnn,R,R,48585386964.01461,65286604056.40358,0.343749800835361,False,0.3489830889884517,27
47.45941626559943,pnn,R,R,48585386964.01461,65491809947.7294,0.3479734142333115,False,0.3489825318372215,27
48.17477166559547,pnn,R,R,48661674366.21037,65247363926.36049,0.3408368038331797,False,0.34276311671514464,28
48.74657496553846,pnn,R,R,48661674366.21037,64391647417.0313,0.32325178399006105,False,0.3242593195900324,28
49.52533166552894,pnn,R,R,48995162185.236786,64004464809.76689,0.3063425439390157,False,0.31787511767968823,29
50.21428616554476,pnn,R,R,48995162185.236786,64159878997.68462,0.3095145752373336,False,0.3105152530000237,29
50.946532365633175,pnn,R,R,48996477723.17708,64160840806.79628,0.30949904540680717,False,0.310626745371568,30
51.721004265593365,pnn,R,R,48996477723.17708,64167066577.372765,0.30962611108307203,False,0.3106267619779212,30
52.45522706559859,pnn,R,R,49213333148.38112,64201989685.28338,0.3045649538045019,False,0.3105218581605,31
53.030219765612856,pnn,R,R,49213333148.38112,63941531946.513504,0.2992725315663134,False,0.3002687731565819,31
53.74188476544805,pnn,R,R,49251220373.59478,63958202309.87478,0.2986115232215627,False,0.30349496835831735,32
54.35954936547205,pnn,R,R,49251220373.59478,63313758459.3109,0.2855266931264817,False,0.2865221683432631,32
55.14003626559861,pnn,R,R,49252642921.94196,63316533916.68525,0.28554591511022953,False,0.2866434035377087,33
55.85622686543502,pnn,R,R,49252642921.94196,62646729284.79099,0.27194655084959884,False,0.27294199731438806,33
56.702350365463644,pnn,R,R,49402354065.09111,62563583393.13038,0.2664089510936749,False,0.2689260368167322,34
57.31284686550498,pnn,R,R,49402354065.09111,62603674694.72083,0.26722047723142994,False,0.2682129070499276,34
58.04784986563027,pnn,R,R,49581412388.29275,62586647209.854294,0.26230061216715894,False,0.2650309485242697,36
58.73094996553846,pnn,R,R,49581412388.29275,62532241736.970085,0.2612033164213634,False,0.26252127728000607,36
59.33591056545265,pnn,R,R,49581412388.29275,62502085891.99702,0.2605951077495954,False,0.26158395350683616,36
60.10862436564639,pnn,R,R,49590376115.95903,61719311988.631546,0.2445824537468917,False,0.24470142560405853,37
60.83621956547722,pnn,R,R,49590376115.95903,61723612248.37825,0.2446691693575307,False,0.2447013920768719,37
61.55208876542747,pnn,R,R,49855968519.70498,61621945265.075584,0.23599936165557067,False,0.23769806651111158,38
62.12649186560884,pnn,R,R,49855968519.70498,61383682086.17234,0.23122033146164167,False,0.23125238252431402,38
62.848711765604094,pnn,R,R,49859581107.958755,61386111922.41546,0.2311798566758676,False,0.2315612185912055,39
63.46214316552505,pnn,R,R,49859581107.958755,60869793267.68523,0.22082440155055738,False,0.220856450290962,39
64.26469856547192,pnn,R,R,49865530312.3495,60877296630.138405,0.22082922308883512,False,0.22100113547191721,40
64.93536986550316,pnn,R,R,49865530312.3495,60884272224.85126,0.22096911119729734,False,0.22100115611412852,40
65.70070796553046,pnn,R,R,49959199819.99515,60966509793.67701,0.2203259862716298,False,0.22215128295582695,41
66.54302606545389,pnn,R,R,49959199819.99515,60635072802.81213,0.21369183296134753,False,0.21372381779652028,41
67.30538256559521,pnn,R,R,50207898198.13722,60627225930.82543,0.20752367867641142,False,0.20779579675235096,42
67.9852084654849,pnn,R,R,50207898198.13722,60614742015.18723,0.2072750342183438,False,0.20730686062074163,42
68.80517026549205,pnn,R,R,50208288030.06842,60235489885.86175,0.19971208438312615,False,0.1997456954810983,43
69.5688738655299,pnn,R,R,50208288030.06842,60038521549.16581,0.19578906002949803,False,0.19582209161567385,43
70.428721065633,pnn,R,R,50264596108.805244,60006278994.60531,0.19380804064778978,False,0.19471189248665888,44
71.14855806552805,pnn,R,R,50264596108.805244,59959180274.014725,0.19287102485065444,False,0.19290401943374463,44
71.78865466546267,pnn,R,R,50391910892.339714,59836165371.91665,0.18741608151661882,False,0.19078960139545273,45
72.50917736557312,pnn,R,R,50391910892.339714,59698173955.995895,0.18467771709508374,False,0.18471062831760804,45
73.13555366545916,pnn,R,R,50536788397.92848,59572331292.335945,0.17879139495888174,False,0.17926952625053708,46
73.76038016565144,pnn,R,R,50536788397.92848,59593258058.96147,0.17920548471980502,False,0.17923830159332202,46
74.65678186551668,pnn,R,R,50699311119.174545,59618228653.25039,0.1759179234824495,False,0.17900154921616,48
75.38188566546887,pnn,R,R,50699311119.174545,59625019341.82253,0.17605186393296512,False,0.178791726471182,48
76.03245326550677,pnn,R,R,50699311119.174545,59685958765.64704,0.1772538412868836,False,0.17728655296197726,48
76.6930055655539,pnn,R,R,50855344680.36953,59657880245.570305,0.17308968448696027,False,0.17628653176627734,49
77.3273880656343,pnn,R,R,50855344680.36953,59409197754.37683,0.16819968732429302,False,0.16823229863394434,49
77.98703376553021,pnn,R,R,50860287466.9596,59291615857.269196,0.16577429680842526,False,0.19210060468879575,50
78.68663536547683,pnn,R,R,50860287466.9596,59318559698.54183,0.16630405868384024,False,0.16633666682420686,50
79.57040256564505,pnn,R,R,51018737293.45225,59239247886.606544,0.16112728439104895,False,0.16204493885963717,51
80.20558166550472,pnn,R,R,51018737293.45225,59215386576.05233,0.1606595873875547,False,0.16069209425622255,51
80.9913770656567,pnn,R,R,51101538582.30285,59090637267.38621,0.15633773281045782,False,0.15920956906156242,52
81.61873006564565,pnn,R,R,51101538582.30285,58986603099.791664,0.15430190041713376,False,0.15433435461399003,52
82.37771286559291,pnn,R,R,51125690825.958984,58992716386.31525,0.15387617131936726,False,0.15493826660378127,53
82.96440656553023,pnn,R,R,51125690825.958984,58785217609.99793,0.14981757038967647,False,0.1498500092548733,53
83.73147746548057,pnn,R,R,51228634019.464516,58776604113.0023,0.14733889040785075,False,0.1474990411414526,55
84.52575706550851,pnn,R,R,51228634019.464516,58773317106.51256,0.14727472694628974,False,0.14734706367172423,55
85.1172942656558,pnn,R,R,51228634019.464516,58772422878.73976,0.14725727132230304,False,0.14728964500207306,55
85.84486686554737,pnn,R,R,51309590053.21576,58715614992.168755,0.14433997487159478,False,0.14536387331989656,56
86.5010551654268,pnn,R,R,51309590053.21576,58622417504.36829,0.1425235992641538,False,0.1425559218648816,56
87.5625624654349,pnn,R,R,51323532487.33146,58613986118.58718,0.1420489447614557,False,0.14272060648823393,57
88.14205056545325,pnn,R,R,51323532487.33146,58466810607.86159,0.13918134185898756,False,0.1392061419300996,57
88.74680296564475,pnn,R,R,51334068106.145004,58218319646.78263,0.1341068766730673,False,0.13442358291692622,58
89.72747716563754,pnn,R,R,51334068106.145004,58207279130.46544,0.13389180475836215,False,0.1339089684780954,58
90.49473826563917,pnn,R,R,51348805169.161026,58211258486.33438,0.13364387534560973,False,0.13428172186888074,59
91.13179056555964,pnn,R,R,51348805169.161026,57993357703.86601,0.12940033390875394,False,0.12941749270251401,59
91.91895896545611,pnn,R,R,51430136350.381996,57900432462.3734,0.12580748508832884,False,0.1265939683431123,60
92.57446766551584,pnn,R,R,51430136350.381996,57855239232.24715,0.12492875457479569,False,0.12494588623378516,60
93.23262366559356,pnn,R,R,51430144212.81208,57855262406.1723,0.12492903319060922,False,0.12494652809268048,61
93.95770956552587,pnn,R,R,51430144212.81208,57754404345.27908,0.12296796420204337,False,0.1229850958584138,61
94.72211686545052,pnn,R,R,51430627751.76493,57752184494.88524,0.12291424428323006,False,0.1229372316570303,62
95.37716346560046,pnn,R,R,51430627751.76493,57751584291.6676,0.12290257413172956,False,0.12291970562703208,62
96.24652596563101,pnn,R,R,51434904579.58326,57694360033.03975,0.12169664753186193,False,0.12177123862070403,63
96.97088106558658,pnn,R,R,51434904579.58326,57697310880.62781,0.12175401805898112,False,0.12177114812979463,63
97.71364786545746,pnn,R,R,51539162120.55879,57699753024.7319,0.11953222851707301,False,0.12153320742144243,64
98.37559376563877,pnn,R,R,51539162120.55879,57524240183.097855,0.11612680176171586,False,0.11614389718045137,64
99.519116865471,pnn,R,R,51606194785.78197,57516516392.61996,0.11452736694444954,False,0.114656752411256,65
100.23110786546022,pnn,R,R,51606194785.78197,57515411511.05222,0.11450595708130584,False,0.11452303029434498,65
100.90819606557488,pnn,R,R,51668845307.66782,57517466920.742905,0.11319435490088514,False,0.11479914911793401,66
101.54436166561209,pnn,R,R,51668845307.66782,57453032180.60483,0.11194728348377869,False,0.11196433599487113,66
102.17774416552857,pnn,R,R,51668848428.41002,57372875870.25426,0.11039586937470602,False,0.11041324856299696,67
102.8916111655999,pnn,R,R,51668848428.41002,57372917044.18199,0.11039666625578604,False,0.1104137187658481,67
103.61867406545207,pnn,R,R,51709024222.364944,57319698774.998825,0.1085047462606572,False,0.10863268705485014,68
104.22730586561374,pnn,R,R,51709024222.364944,57325433390.44696,0.10861564789793188,False,0.10863268715889199,68
104.98660216550343,pnn,R,R,51773479219.29731,57264845524.14451,0.10606523624938125,False,0.10678497772661479,69
105.64324026554823,pnn,R,R,51773479219.29731,57211697939.292274,0.1050386955251792,False,0.10505571357324177,69
106.29609266552143,pnn,R,R,51782517373.996574,57223730017.84399,0.10507817927329666,False,0.10526435067412764,70
106.88238446554169,pnn,R,R,51782517373.996574,57232490328.61367,0.10524735433881949,False,0.10526436941654098,70
107.74891946557909,pnn,R,R,51841372200.641846,57232664507.92274,0.10399594143486324,False,0.10402715230182158,71
108.42113856552169,pnn,R,R,51841372200.641846,57232023131.63242,0.10398356953452392,False,0.10400056529525178,71
109.40996566554531,pnn,R,R,51853826926.44918,57222052515.24049,0.10352612154172824,False,0.10412337662582843,72
110.06235066545196,pnn,R,R,51853826926.44918,57137613125.8406,0.10189770963069078,False,0.10191470130922156,72
110.87013706564903,pnn,R,R,51883840152.56341,57140417617.068855,0.10131434853412125,False,0.10192133999300315,73
111.47782516549341,pnn,R,R,51883840152.56341,57084530932.52518,0.10023719841610101,False,0.10025418026546164,73
112.14063116558827,pnn,R,R,51884036328.4501,57085371104.870476,0.10024923164214705,False,0.10027078314662853,74
112.7593429654371,pnn,R,R,51884036328.4501,57052366427.26492,0.09961310770227838,False,0.09963008948742975,74
113.82524306559935,pnn,R,R,51888451231.61185,57045879454.18252,0.09939452999955067,False,0.09950443627380835,75
114.6552754654549,pnn,R,R,51888451231.61185,56909145588.22277,0.09675937973558524,False,0.09677636007584989,75
115.7561891656369,pnn,R,R,51916633284.993355,56906490206.87296,0.09611287570378613,False,0.09615932759778714,76
116.51671956549399,pnn,R,R,51916633284.993355,56906108535.169235,0.09610552407715733,False,0.09612249519993606,76
117.22907176543958,pnn,R,R,51978676284.37538,56907436388.25681,0.09482273224728122,False,0.09587823198201295,77
117.89815606549382,pnn,R,R,51978676284.37538,56887956840.926834,0.0944479718893334,False,0.09446492275497112,77
118.93977136560716,pnn,R,R,51986389686.73393,56883792512.063675,0.09420548060446432,False,0.09444744742444428,78
119.63122986559756,pnn,R,R,51986389686.73393,56871852610.06302,0.09397580699041641,False,0.09398512603991908,78
120.33233756548725,pnn,R,R,51999778011.76368,56786081924.99944,0.09204469896300282,False,0.09211470111589685,79
120.99514216557145,pnn,R,R,51999778011.76368,56789237557.67504,0.09210538446583105,False,0.0921147011159682,79
121.72475056559779,pnn,R,R,52053677885.923744,56791375991.520035,0.09101562652266404,False,0.09207024624276408,80
122.46431746543385,pnn,R,R,52053677885.923744,56700479670.365814,0.0892694228950659,False,0.08927872989811787,80
123.30917566549033,pnn,R,R,52074004762.39836,56695707736.09624,0.08875259344438047,False,0.0909213647257927,81
124.32654486550018,pnn,R,R,52074004762.39836,56625192439.37407,0.08739845720992134,False,0.08740776058002261,81
125.17157956562005,pnn,R,R,52116294053.87666,56624770949.15806,0.08650801015553089,False,0.08656797591525542,82
125.83388266549446,pnn,R,R,52116294053.87666,56627060162.93374,0.08655193526220306,False,0.08656123108316961,82
126.73690916551277,pnn,R,R,52116530594.163795,56568691781.57445,0.08542704467571038,False,0.090896060037179,83
127.44514746544883,pnn,R,R,52116530594.163795,56500106175.39276,0.0841110398419318,False,0.08412033562070723,83
128.54486816562712,pnn,R,R,52121335289.65077,56494330971.269684,0.08390030027659745,False,0.08410691197877587,84
129.2174225654453,pnn,R,R,52121335289.65077,56376730858.6111,0.08164402437719742,False,0.08164833652862893,84
130.09877986554056,pnn,R,R,52126409115.7997,56375999320.42423,0.08152470651074384,False,0.0816134745325022,85
130.67059956560843,pnn,R,R,52126409115.7997,56367208612.256325,0.08135606439023291,False,0.081360376121933,85
131.48402206553146,pnn,R,R,52133050914.45387,56366389307.55352,0.08120258298418426,False,0.08134436677507223,87
132.2054673654493,pnn,R,R,52133050914.45387,56364136302.37479,0.081159366538202,False,0.0812688928066468,87
132.84486986557022,pnn,R,R,52133050914.45387,56354608025.52889,0.08097659808942037,False,0.08098090927180182,87
133.60714266565628,pnn,R,R,52145625921.47135,56353533922.60217,0.08069532059060358,False,0.080709172231368,88
134.10727666551247,pnn,R,R,52145625921.47135,56353398248.30614,0.08069271875596007,False,0.08069702889869246,88
134.70965866558254,pnn,R,R,52145782875.16751,56313198743.364975,0.07991855982244811,False,0.07993407603018077,89
135.36912036547437,pnn,R,R,52145782875.16751,56313782435.40802,0.0799297532883596,False,0.07993406341811882,89
136.15052826562896,pnn,R,R,52167655038.01445,56312048732.03001,0.07944374135650811,False,0.0794657213225665,91
137.0542620655615,pnn,R,R,52167655038.01445,56311818689.38697,0.0794393316769304,False,0.07945108314365103,91
137.64910976565443,pnn,R,R,52167655038.01445,56311841135.844955,0.07943976195231794,False,0.079444070274983,91
138.44934246549383,pnn,R,R,52204562151.47417,56355990604.49262,0.07952233065326508,False,0.07953492101162969,92
139.08942406554706,pnn,R,R,52204562151.47417,56356422919.8664,0.07953061183322263,False,0.07953491711002836,92
139.80205736565404,pnn,R,R,52214259255.84301,56336430145.18079,0.07894722529988774,False,0.07895895355164836,93
140.49359906557947,pnn,R,R,52214259255.84301,56276699449.960014,0.07780327159697098,False,0.07780757607421122,93
141.05895406543277,pnn,R,R,52268650997.49097,56287912225.236946,0.076896211228771,False,0.07703644939000871,94
141.6551487655379,pnn,R,R,52268650997.49097,56282122626.53165,0.07678544505067353,False,0.07678974504859376,94
142.34611916565336,pnn,R,R,52276505336.544846,56284869381.36507,0.07667620509472162,False,0.07697372780819643,95
142.97740206564777,pnn,R,R,52276505336.544846,56213018959.7038,0.07530177462736898,False,0.07530607397923157,95
143.667552865576,pnn,R,R,52314021812.18812,56204083682.38705,0.0743598319426595,False,0.07537198931767192,96
144.28228566562757,pnn,R,R,52314021812.18812,56119461885.89937,0.0727422580388315,False,0.07274655430745716,96
145.01476756553166,pnn,R,R,52351312901.76238,56102697865.72404,0.07165789654599797,False,0.0717525036438066,97
145.58702826546505,pnn,R,R,52351312901.76238,56079747449.48941,0.07121950417410661,False,0.07122379738239766,97
146.21510016545653,pnn,R,R,52387262450.743454,56088314819.56961,0.0706479437116232,False,0.0712524397088332,98
146.91518086544238,pnn,R,R,52387262450.743454,56049988631.95471,0.06991635007947017,False,0.06992064034164591,98
147.72020296542905,pnn,R,R,52418136108.41485,56049311425.87479,0.06927326278732404,False,0.06931443950567549,99
148.4232215655502,pnn,R,R,52418136108.41485,56045980889.023575,0.06920972491477695,False,0.06921401265003946,99
149.04179596551694,pnn,R,R,52422578079.08952,55951287563.376526,0.06731278036275268,False,0.06758973452963224,100
149.73937716544606,pnn,R,R,52422578079.08952,55943118176.3504,0.06715694317722165,False,0.0671612305491676,100
150.4677607654594,pnn,R,R,52448404500.45787,55944086057.148415,0.06664991223250705,False,0.06708549710808812,101
151.04376326547936,pnn,R,R,52448404500.45787,55928034473.93441,0.06634386701784534,False,0.06634815227862176,101
151.88087236555293,pnn,R,R,52454778311.13378,55926682682.36392,0.06618852434446776,False,0.06626222668436858,103
152.40803886554204,pnn,R,R,52454778311.13378,55926624684.90633,0.06618741867860733,False,0.06625383180384047,103
152.95620126556605,pnn,R,R,52454778311.13378,55920119282.33221,0.06606339942271555,False,0.06606768416278751,103
153.60126166557893,pnn,R,R,52454852347.832726,55892222808.15316,0.06553007598852689,False,0.06553977687299706,104
154.34408606565557,pnn,R,R,52454852347.832726,55892490101.518456,0.06553517167278344,False,0.06553945640680783,104
155.0172105655074,pnn,R,R,52485698527.45007,55881538152.896835,0.06470028447217357,False,0.0651494383041944,105
155.6686190655455,pnn,R,R,52485698527.45007,55896300170.897064,0.06498154238460296,False,0.06498582460046166,105
156.2814376654569,pnn,R,R,52490891769.998505,55831450357.59264,0.06364072841878166,False,0.06377065536700326,106
156.84163006558083,pnn,R,R,52490891769.998505,55825757639.387474,0.06353227687579577,False,0.0635365586679889,106
157.61716256546788,pnn,R,R,52513609030.21063,55845897939.205315,0.0634557207271289,False,0.0641490764780475,107
158.23452786542475,pnn,R,R,52513609030.21063,55869604867.56035,0.0639071642442064,False,0.06391144418410678,107
159.01853936561383,pnn,R,R,52528217696.82089,55869538030.24216,0.06361000772397207,False,0.06361968989598826,109
159.65571986557916,pnn,R,R,52528217696.82089,55869463878.61983,0.06360859607085345,False,0.06361612727756376,109
160.27807936561294,pnn,R,R,52528217696.82089,55869528813.49882,0.06360983226126371,False,0.06361411101086636,109
161.01351146562956,pnn,R,R,52549359885.163666,55902333689.08817,0.06380617787260912,False,0.06443582359235514,110
161.5907851655502,pnn,R,R,52549359885.163666,55921076861.842766,0.06416285534300181,False,0.06416713237113464,110
162.6330583654344,pnn,R,R,52559676038.43844,55926433724.20329,0.06405590634353686,False,0.06417249903109523,111
163.37458196561784,pnn,R,R,52559676038.43844,55931676500.69005,0.06415565536944268,False,0.0641599315581016,111
163.99523536558263,pnn,R,R,52561212843.623024,55932374721.48615,0.06413782512768118,False,0.06419609565203344,112
164.64729576557875,pnn,R,R,52561212843.623024,55864493645.87857,0.06284635805652483,False,0.06285063412015494,112
165.35946606565267,pnn,R,R,52589165381.8604,55836412767.66702,0.061747459999178744,False,0.062057030981019584,113
165.97752986545675,pnn,R,R,52589165381.8604,55841642205.27263,0.061846899447735026,False,0.06185117323852383,113
166.70288766548038,pnn,R,R,52602208667.65051,55849944875.757416,0.06174144185896524,False,0.061862453953605116,114
167.30572756542824,pnn,R,R,52602208667.65051,55818102930.84522,0.061136107107464976,False,0.061140379838521226,114
168.06561396550387,pnn,R,R,52615733220.64575,55818071685.68549,0.0608627547127516,False,0.06087960997879068,115
168.8054381655529,pnn,R,R,52615733220.64575,55818649668.65253,0.06087373969636123,False,0.0608780113291378,115
169.54543426563032,pnn,R,R,52644508348.421486,55806317280.493546,0.0600596155470956,False,0.060381308530651524,116
170.1704485656228,pnn,R,R,52644508348.421486,55794079580.892746,0.05982715636028346,False,0.05983142565821503,116
170.8624257654883,pnn,R,R,52670616466.222496,55784653206.85243,0.05912284589695194,False,0.059174539640357134,117
171.4785328656435,pnn,R,R,52670616466.222496,55766852118.278946,0.058784875890754984,False,0.05878914307245278,117
172.20546036562882,pnn,R,R,52670650378.489586,55766788796.87888,0.058782991972579524,False,0.058787301475495525,118
172.87980016553774,pnn,R,R,52670650378.489586,55766785200.09981,0.058782923684471244,False,0.05878719086342166,118
173.57023176550865,pnn,R,R,52671377930.80214,55742769825.06613,0.058312351317238775,False,0.058325445518674496,119
174.33815206564032,pnn,R,R,52671377930.80214,55743234811.22331,0.058321179378615806,False,0.05832544649862322,119
175.08351276558824,pnn,R,R,52687775495.75227,55753331260.86134,0.058183435080803925,False,0.058315162637275146,120
175.75070116552524,pnn,R,R,52687775495.75227,55758835649.71263,0.05828790692079888,False,0.05829217271278717,120
176.5706031655427,pnn,R,R,52690017545.5258,55758841015.41656,0.05824297680749857,False,0.061348994806715434,121
177.16771136550233,pnn,R,R,52690017545.5258,55760640440.89787,0.05827712797246565,False,0.058281393582937394,121
178.0925993656274,pnn,R,R,52713931211.9078,55718034653.403915,0.056988795417662,False,0.057085991553259344,122
178.7490733654704,pnn,R,R,52713931211.9078,55719296675.136536,0.0570127363703401,False,0.05701700004571801,122
179.66871856548823,pnn,R,R,52714449327.61428,55692039726.83791,0.056485279410171785,False,0.05862150865744046,123
180.37574716564268,pnn,R,R,52714449327.61428,55671704015.75505,0.05609950831055399,False,0.05610377194402549,123
181.18116116547026,pnn,R,R,52733380267.425285,55694653628.37408,0.056155576333839496,False,0.05616887626256241,124
181.77933756564744,pnn,R,R,52733380267.425285,55692613643.91423,0.0561168914543666,False,0.05612115355722175,124
182.46503886557184,pnn,R,R,52744531930.85287,55692517183.824104,0.05589177010492752,False,0.05590641913930787,125
183.13561326544732,pnn,R,R,52744531930.85287,55691506427.67577,0.05587260686446771,False,0.055876868066195295,125
183.9700797656551,pnn,R,R,52768146648.426025,55651091208.9427,0.05463418262014463,False,0.054682352920100236,126
184.6324907655362,pnn,R,R,52768146648.426025,55652028065.08729,0.054651936818540525,False,0.054656196113302115,126
185.40230286563747,pnn,R,R,52773228198.173706,55636284621.961174,0.05425206153840234,False,0.054276238817743704,127
185.9244683654979,pnn,R,R,52773228198.173706,55635082587.087204,0.05422928417732331,False,0.054233543061956005,127
186.59988886560313,pnn,R,R,52775956026.39938,55594109512.228134,0.053398435537938216,False,0.05428627907173254,128
187.30523676564917,pnn,R,R,52775956026.39938,55580014962.08118,0.053131371685226414,False,0.0531356303497303,128
188.06199216563255,pnn,R,R,52791501807.332695,55587260490.99728,0.05295849877254777,False,0.053426237827525064,129
188.71347346552648,pnn,R,R,52791501807.332695,55569407483.79122,0.05262031920585897,False,0.052624576616292336,129
189.4573229656089,pnn,R,R,52795897223.97277,55567702790.418236,0.052500397041967295,False,0.052526750251865074,130
190.00974456546828,pnn,R,R,52795897223.97277,55565711255.05467,0.05246267563806506,False,0.0524669326940562,130
190.7753490654286,pnn,R,R,52797850503.602135,55514612427.01271,0.05145591908566849,False,0.0515108447040871,131
191.4921201656107,pnn,R,R,52797850503.602135,55512150203.22639,0.051409284160897295,False,0.05141043046932854,131
192.20625936542638,pnn,R,R,52817210105.26787,55491542411.28966,0.050633729057094845,False,0.05084842696723325,132
192.81328806560487,pnn,R,R,52817210105.26787,55502107407.09565,0.05083375847525118,False,0.050834904363514975,132
193.5514812655747,pnn,R,R,52837219827.09077,55498932191.16691,0.0503757081236782,False,0.050708034011020364,133
194.20296256546862,pnn,R,R,52837219827.09077,55489488655.03605,0.0501969792624366,False,0.05019812471674677,133
194.8627455655951,pnn,R,R,52852056412.2069,55473454251.275696,0.04959878606470536,False,0.04997118802777439,134
195.51437666546553,pnn,R,R,52852056412.2069,55459697682.59365,0.049338501610024066,False,0.049339646742783155,134
196.2883663654793,pnn,R,R,52869500224.3716,55449353189.47252,0.04879662100364768,False,0.048820496214842427,135
196.81034176563844,pnn,R,R,52869500224.3716,55431777605.65852,0.048464187677449866,False,0.048465332432382734,135
197.64598616561852,pnn,R,R,52880448378.29417,55431407193.86362,0.048240113194965684,False,0.048243109114799024,136
198.28260666551068,pnn,R,R,52880448378.29417,55431343497.33986,0.048238908656696555,False,0.04824005317462424,136
199.44512296561152,pnn,R,R,52885470559.76166,55431340931.68955,0.048139315864666576,False,0.04814457135224434,137
200.0405523655936,pnn,R,R,52885470559.76166,55431540513.05725,0.048143089705867004,False,0.0481442341151074,137
201.17007346544415,pnn,R,R,52888808187.18427,55428140384.21243,0.048012656818450905,False,0.048109203388155775,138
201.79956656554714,pnn,R,R,52888808187.18427,55387318842.84838,0.04724081977459904,False,0.047241964111619815,138
202.36266026552767,pnn,R,R,52910901744.010704,55385786852.46076,0.04677457814693553,False,0.046807229804007186,139
202.9742351656314,pnn,R,R,52910901744.010704,55385560945.46401,0.04677030857319364,False,0.04677145243238316,139
204.20306956558488,pnn,R,R,52915471586.93104,55385544296.96831,0.04667959362280971,False,0.04668447914268768,140
204.91450656554662,pnn,R,R,52915471586.93104,55385169643.7091,0.046672513401317284,False,0.04667365716172171,140
205.5995228656102,pnn,R,R,52931810752.76008,55372042529.154205,0.04610142259807137,False,0.04621857119023696,141
206.2627372655552,pnn,R,R,52931810752.76008,55363120265.12882,0.04593286112438477,False,0.04593400453172947,141
207.33148216549307,pnn,R,R,52936257889.509476,55362318802.22804,0.04582985291068997,False,0.04591642610696999,142
208.00183906545863,pnn,R,R,52936257889.509476,55366841250.33142,0.04591528486760721,False,0.045916428178895095,142
208.7340421655681,pnn,R,R,52952179839.57746,55350976932.20324,0.045301196284895484,False,0.04547665506716096,143
209.35917726554908,pnn,R,R,52952179839.57746,55342375250.00664,0.04513875382789623,False,0.04513989679540712,143
210.43912396556698,pnn,R,R,52954462405.32167,55338709900.66597,0.045024486833515454,False,0.04510899724498217,144
211.03894246555865,pnn,R,R,52954462405.32167,55301775594.122765,0.04432701385644133,False,0.0443281567746852,144
211.81218696548603,pnn,R,R,52957587774.287926,55301571397.01136,0.04426152551951179,False,0.04426340010332182,146
212.6308843656443,pnn,R,R,52957587774.287926,55301560724.95853,0.04426132399876126,False,0.044262801669743494,146
213.23349296557717,pnn,R,R,52957587774.287926,55301573752.21414,0.044261569992889216,False,0.044262712843682266,146
213.99395086546429,pnn,R,R,52981751193.97284,55301547402.22603,0.04378481563888137,False,0.04379223923091867,147
214.67197776562534,pnn,R,R,52981751193.97284,55301874981.54405,0.043790998509599,False,0.04379214083917144,147
215.32397816563025,pnn,R,R,52981902014.58265,55318683833.603546,0.04410528369437783,False,0.044106762595188975,148
216.36258626542985,pnn,R,R,52981902014.58265,55307348948.25723,0.04389134487913493,False,0.043892487205455445,148
217.0216164656449,pnn,R,R,52989619072.58751,55288603300.197014,0.04338555867820548,False,0.04347868668738257,149
217.66804556548595,pnn,R,R,52989619072.58751,55292699658.885155,0.0434628636062242,False,0.04346400576618392,149
220.92709816549905,pnn,R,R,52992290102.59323,55289618698.68432,0.043352128991659855,False,0.04337537887317482,150
221.6143330654595,pnn,R,R,52992290102.59323,55287286498.48206,0.0433081188121085,False,0.043309260914498875,150
222.51266106544062,pnn,R,R,52995128819.77068,55280074733.57556,0.043116149817763016,False,0.04314367015262762,151
223.14219366549514,pnn,R,R,52995128819.77068,55280226490.956474,0.04311901342776436,False,0.04312015546897705,151
224.06478876550682,pnn,R,R,52995279802.20113,55280310563.752365,0.043117628024228694,False,0.04312046426396749,152
224.9420503654983,pnn,R,R,52995279802.20113,55255268803.6344,0.042645099900753713,False,0.042646241938712845,152
225.68470186553895,pnn,R,R,52996012155.778,55255362846.76323,0.04263246608714688,False,0.043342560964649834,153
226.42450316553004,pnn,R,R,52996012155.778,55245880075.786545,0.04245353241665084,False,0.042454674438828235,153
227.44979586545378,pnn,R,R,53001179671.23641,55248899091.59823,0.042408856450069754,False,0.042465578844656425,154
228.30387766542844,pnn,R,R,53001179671.23641,55251844473.23769,0.04246442845163134,False,0.042465570362463616,154
229.16546336561441,pnn,R,R,53011683020.77939,55255459445.77983,0.042326074124470425,False,0.042448959184351404,155
229.88279126561247,pnn,R,R,53011683020.77939,55243319495.88096,0.042097068946609806,False,0.04209821063119192,155
230.68480116548017,pnn,R,R,53012939373.764404,55243929141.09463,0.04208387223354593,False,0.042098296913130336,156
231.35909306560643,pnn,R,R,53012939373.764404,55244633313.13813,0.04209715525561242,False,0.04209829691313775,156
232.0914215655066,pnn,R,R,53028230043.30006,55240594893.96689,0.041720510921453124,False,0.04175140537590192,158
232.7215164655354,pnn,R,R,53028230043.30006,55240201722.03714,0.04171309653237354,False,0.04171797595189578,158
233.3321459654253,pnn,R,R,53028230043.30006,55239945920.35023,0.041708272654851886,False,0.041709413983181017,158
234.12016136548482,pnn,R,R,53030508748.67726,55213325985.87853,0.04116153679660317,False,0.04117410518367188,159
234.88761066552252,pnn,R,R,53030508748.67726,55213931960.93624,0.04117296371050627,False,0.04117410498979286,159
235.6632747654803,pnn,R,R,53043548951.79414,55201116415.45171,0.04067539797569664,False,0.04081483697506166,160
236.38845316553488,pnn,R,R,53043548951.79414,55194922574.78745,0.04055862900403717,False,0.04055977000275209,160
237.09725706558675,pnn,R,R,53045765292.949036,55169871070.48375,0.040042890621036165,False,0.04012607304410514,161
238.15997446561232,pnn,R,R,53045765292.949036,55167809986.80499,0.040004035800724314,False,0.040005176751766534,161
239.0249578654766,pnn,R,R,53049373934.38433,55167862012.85127,0.03993427106391967,False,0.039936005789235285,163
239.9458831655793,pnn,R,R,53049373934.38433,55167857946.22708,0.039934194406574086,False,0.03993581169636983,163
240.65817256551236,pnn,R,R,53049373934.38433,55167875548.548225,0.0399345262167321,False,0.03993566709016199,163
241.54662846564315,pnn,R,R,53068803674.055016,55163771188.66645,0.039476441328479606,False,0.03986225122044196,164
242.3899803655222,pnn,R,R,53068803674.055016,55160400402.59946,0.03941292404838981,False,0.03941406450411892,164
243.48330796556547,pnn,R,R,53080889470.239746,55159154370.45973,0.03915278965672164,False,0.03938009285074025,165
244.24718426563777,pnn,R,R,53080889470.239746,55137141927.13122,0.038738093453470235,False,0.0387392336495332,165
245.03576866560616,pnn,R,R,53082643681.65149,55136328758.16733,0.03868844756173506,False,0.03873659233659538,166
245.8335756654851,pnn,R,R,53082643681.65149,55138730640.75343,0.038733695545247526,False,0.0387348885832187,166
246.75976606551558,pnn,R,R,53083771418.84312,55137300433.7009,0.038684685732951474,False,0.03873272007451312,167
247.55257506552152,pnn,R,R,53083771418.84312,55107772930.97901,0.03812844223455891,False,0.03812844223455892,167
249.09781686542556,pnn,R,R,53092762388.98184,55096507830.13904,0.037740463125215395,False,0.037772601566303965,168
249.7976898655761,pnn,R,R,53092762388.98184,55098214029.09133,0.03777259931243804,False,0.03777259931243774,168
250.38559206551872,pnn,R,R,53092834678.82348,55098320807.47111,0.03777319747155139,False,0.037774003980235706,169
251.06875536544248,pnn,R,R,53092834678.82348,55098363627.421555,0.03777400398246211,False,0.03777400398246176,169
252.168933365494,pnn,R,R,53096585638.935295,55093987888.81436,0.037618280457084374,False,0.037621350755936415,170
252.87886896543205,pnn,R,R,53096585638.935295,55077636569.23126,0.03731032620001984,False,0.037310326200019714,170
253.80978176556528,pnn,R,R,53099676615.86863,55074038174.24874,0.03718217669502866,False,0.03719778434992276,171
254.55912566557527,pnn,R,R,53099676615.86863,55074866935.458694,0.03719778434582377,False,0.03719778434582356,171
255.3066997656133,pnn,R,R,53101065202.96289,55051766467.42585,0.03673563340032793,False,0.036742644235947815,172
256.07227616547607,pnn,R,R,53101065202.96289,55052138790.93168,0.03674264500177915,False,0.036742645001778866,172
256.95913136564195,pnn,R,R,53111250816.52704,55044919750.5778,0.036407896713459564,False,0.03652291768250697,173
257.9007596655283,pnn,R,R,53111250816.52704,55042541880.69425,0.036363125222542036,False,0.03636312522254173,173
258.8806176655926,pnn,R,R,53122619501.21055,55039624625.09718,0.03608641934238488,False,0.03609589210150422,174
259.71366316545755,pnn,R,R,53122619501.21055,55033482415.73482,0.03597079610279241,False,0.03597079610279216,174
260.7640091655776,pnn,R,R,53132531479.57764,55024320332.635796,0.03560509541664314,False,0.0357079041113249,175
261.7065803655423,pnn,R,R,53132531479.57764,55019726975.95234,0.03551864448807751,False,0.03551864448807729,175
263.04492466547526,pnn,R,R,53145112442.41416,55018900248.78925,0.035257951677220456,False,0.03526721566677693,176
264.0742504654918,pnn,R,R,53145112442.41416,55018959188.24978,0.03525906070602525,False,0.03525906070602502,176
265.01760916551575,pnn,R,R,53155261664.530106,55014844074.71757,0.034983976222777935,False,0.034997613431616593,177
265.8567868655082,pnn,R,R,53155261664.530106,55015568999.113655,0.03499761408991264,False,0.03499761408991241,177
266.89433176559396,pnn,R,R,53158370117.09977,55015431343.179756,0.03493450273191523,False,0.034934810581117005,178
267.73740486544557,pnn,R,R,53158370117.09977,55015422211.8218,0.034934330955430415,False,0.03493433095543017,178
268.8620480655227,pnn,R,R,53161402171.779785,55016397046.1346,0.03489364084793678,False,0.03497333089775968,179
269.6724686655216,pnn,R,R,53161402171.779785,55016141297.027855,0.03488883004355059,False,0.03488883004355034,179
270.56356696551666,pnn,R,R,53164546458.40776,55017902003.890305,0.03486074214763546,False,0.03488826612067475,180
271.2945846654475,pnn,R,R,53164546458.40776,55019365303.433685,0.03488826612067508,False,0.03488826612067495,180
272.36389836552553,pnn,R,R,53174699141.04412,55000611977.22747,0.03433800032117107,False,0.03435840087809295,181
273.1899789655581,pnn,R,R,53174699141.04412,55000849711.736404,0.03434247114118083,False,0.03434247114118069,181
274.5085308656562,pnn,R,R,53185092811.55955,54994895382.22015,0.03402838041616163,False,0.034124848589046526,182
275.26397586544044,pnn,R,R,53185092811.55955,54989757201.20769,0.0339317709953475,False,0.03393177099534724,182
276.16437216545455,pnn,R,R,53185903596.550606,54990199506.8048,0.03392432558711311,False,0.033931658180356296,183
276.9903767656069,pnn,R,R,53185903596.550606,54990438979.07072,0.03392882813853593,False,0.033928828138535795,183
277.85938866552897,pnn,R,R,53193699603.52571,54989984905.10303,0.033768760491670324,False,0.03403717918409507,184
278.7383053654339,pnn,R,R,53193699603.52571,54995960566.98434,0.03388109826711827,False,0.03388109826711809,184
279.58878766559064,pnn,R,R,53203121722.02651,54993793154.54925,0.03365726247941914,False,0.033712305281693083,185
280.45407136552967,pnn,R,R,53203121722.02651,54992097278.90743,0.03362538698815243,False,0.03362538698815231,185
281.3766554654576,pnn,R,R,53203744137.96374,54985008727.06503,0.03348006081080057,False,0.03366651252242656,186
282.1939697654452,pnn,R,R,53203744137.96374,54987331078.36348,0.0335237109586628,False,0.03352371095866261,186
283.0628662656527,pnn,R,R,53212343190.88969,54978250373.924484,0.03318604438635453,False,0.03327983016354072,187
283.96125986543484,pnn,R,R,53212343190.88969,54973347732.07006,0.03309391084063118,False,0.033093910840631006,187
284.9615717655979,pnn,R,R,53214953243.769,54973982419.46247,0.0330551671752044,False,0.03311843498809544,188
285.6762985654641,pnn,R,R,53214953243.769,54961922229.12549,0.032828535568826256,False,0.03282853556882614,188
286.57098286552355,pnn,R,R,53219689848.907425,54950786004.86381,0.0325273627274234,False,0.03258062928056093,189
287.3686825656332,pnn,R,R,53219689848.907425,54953620901.154495,0.03258063053673865,False,0.03258063053673849,189
288.31965226563625,pnn,R,R,53219689919.93933,54953620889.44638,0.03258062893856528,False,0.032580630398352614,190
289.0986141655594,pnn,R,R,53219689919.93933,54953620777.69187,0.032580626838693894,False,0.03258062683869382,190
289.9702248654794,pnn,R,R,53219690550.445206,54953622498.2592,0.032580646934999624,False,0.03258066255653199,191
290.8450755656231,pnn,R,R,53219690550.445206,54941891693.89897,0.032360224677017824,False,0.03236022467701761,191
292.2099924655631,pnn,R,R,53226913039.50341,54932388074.13876,0.03204159206771218,False,0.03209585998124035,192
293.3637208654545,pnn,R,R,53226913039.50341,54929141620.5284,0.03198059935885533,False,0.03198059935885506,192
294.32753386558034,pnn,R,R,53228485769.82094,54925299131.62108,0.03187791907396664,False,0.03189181964545408,193
295.1168820655439,pnn,R,R,53228485769.82094,54904918983.2044,0.03149503858954317,False,0.031495038589543035,193
295.95754146552645,pnn,R,R,53241240325.45498,54904636451.0155,0.031242625366960874,False,0.03124598897089418,194
296.70243886555545,pnn,R,R,53241240325.45498,54903870563.06472,0.031228240128260643,False,0.031228240128260486,194
297.8478853655979,pnn,R,R,53252722056.48812,54904020599.7026,0.03100871616408374,False,0.031043530000276313,195
298.6396965654567,pnn,R,R,53252722056.48812,54904761546.40441,0.031022629944885916,False,0.031022629944885683,195
299.5405231656041,pnn,R,R,53254620999.00771,54905211189.8825,0.030994309224462224,False,0.031065168151748354,196
300.0884951655753,pnn,R,R,53254620999.00771,57299798543.06084,0.07595918378854849,False,0.1541877109704437,196
2.1709189659450203,npp,R,R,198417293.8998693,898133774820.6411,4525.4893859195645,False,,1
4.675243265926838,npp,R,R,198417293.8998693,214695690470.03363,1081.0412185360171,False,2700.6766447936325,1
6.628558765864,npp,R,R,2598453640.1137695,169431253542.87494,64.2046474592699,False,353.59687564022636,2
7.072506465949118,npp,R,R,2598453640.1137695,129508208974.20009,48.84049242784634,False,134.29177963135155,2
7.756319565931335,npp,R,R,14236131120.336994,80909676947.72221,4.68340346571681,False,28.235836510169655,4
8.174687265884131,npp,R,R,14236131120.336994,43525680459.90373,2.0574093545489487,False,3.568962812826006,4
8.557004265952855,npp,R,R,14236131120.336994,48074416587.47038,2.3769298822201614,False,3.5049290230801744,4
9.084152165800333,npp,R,R,15135809836.195898,45695728375.73317,2.0190474689009394,False,7.478784659637746,5
9.616589965997264,npp,R,R,15135809836.195898,41949503326.419655,1.7715400616425079,False,1.7737728774101609,5
10.40947466599755,npp,R,R,18087836741.94176,40150487351.39191,1.2197506492466097,False,1.8466388771489188,6
10.869249765994027,npp,R,R,18087836741.94176,34755453090.10902,0.9214820205402825,False,0.9233432365968403,6
11.420308865839615,npp,R,R,19701740640.581623,34154553178.44645,0.733580489233268,False,0.8387118873337178,7
11.920638465788215,npp,R,R,19701740640.581623,31035736701.578724,0.5752789191454155,False,0.5769876703053579,7
12.4166062658187,npp,R,R,20505425340.612434,30944518784.261776,0.5090893395404963,False,0.5815832923702717,9
12.829022265970707,npp,R,R,20505425340.612434,30502058790.051754,0.4875116357445308,False,0.49934739316097765,9
13.230207365937531,npp,R,R,20505425340.612434,30695170679.95696,0.4969292355600652,False,0.4985710143387675,9
13.674200565787032,npp,R,R,20843421822.071144,28909565210.97367,0.3869874849609036,False,0.4269065170666597,10
15.685150365810841,npp,R,R,20843421822.071144,29568069519.094242,0.4185803929652543,False,0.41874440992877404,10
16.32816936587915,npp,R,R,21565567890.207672,29387169510.484146,0.3626893416439103,False,0.4038843325802303,12
16.918841065838933,npp,R,R,21565567890.207672,28507242461.81636,0.32188693601529095,False,0.33500681504055363,12
17.43191606597975,npp,R,R,21565567890.207672,28598023146.864162,0.3260964558160202,False,0.3262549804963821,12
18.221265565836802,npp,R,R,21823344448.0234,29043321419.192772,0.3308373282731789,False,0.3683218422281745,13
18.83584076585248,npp,R,R,21823344448.0234,28350299338.60064,0.2990813303672346,False,0.29908139954815477,13
19.586819365853444,npp,R,R,21887558809.094425,28127893585.282944,0.28510876112851924,False,0.5409638497682905,14
20.120915565872565,npp,R,R,21887558809.094425,27649575576.86199,0.26325534144874174,False,0.2632554104266969,14
20.882360365940258,npp,R,R,22193268033.337402,27564909293.04021,0.2420392189034013,False,0.26092429553190805,15
21.39158436586149,npp,R,R,22193268033.337402,27383579250.599155,0.23386872133771264,False,0.2338687893655061,15
21.917154465802014,npp,R,R,22453048241.91386,27275206623.719597,0.21476631278972858,False,0.22878689380627149,16
22.431479865917936,npp,R,R,22453048241.91386,27028225075.818733,0.20376640109667776,False,0.203766468337394,16
23.092738865874708,npp,R,R,22610037726.390556,26596790282.146965,0.17632666535107333,False,0.19228087188870152,17
23.611308465944603,npp,R,R,22610037726.390556,26397620955.663845,0.16751777573782656,False,0.16751777573782692,17
24.16924336599186,npp,R,R,22809863597.90667,26190825076.596172,0.1482236605307794,False,0.16223055713837048,18
24.614999265875667,npp,R,R,22809863597.90667,26039487320.153507,0.14158890991979578,False,0.14158890991979634,18
25.234094965970144,npp,R,R,22958902967.34596,25907324238.467514,0.12842169659913805,False,0.1338585875795173,19
25.71213946584612,npp,R,R,22958902967.34596,25769986648.849445,0.12243980844823654,False,0.12243980844823683,19
26.204284065868706,npp,R,R,23057985081.16865,25652416313.5709,0.1125176906511709,False,0.11801805002071881,20
26.70224156579934,npp,R,R,23057985081.16865,25552555192.251812,0.10818682128129509,False,0.10818682128129542,20
27.390761165879667,npp,R,R,23170184186.450325,25485828628.510326,0.09994070066193794,False,0.10329808839307428,22
28.031906865769997,npp,R,R,23170184186.450325,25424241808.674362,0.09728268036566523,False,0.09909908010440618,22
28.639710765797645,npp,R,R,23170184186.450325,25371106353.840572,0.0949894118095671,False,0.09498941180956715,22
29.238396165892482,npp,R,R,23175264952.943333,25372725031.411037,0.09481919982056652,False,0.12130479540589227,23
29.762188565917313,npp,R,R,23175264952.943333,25330823773.20005,0.0930111834593268,False,0.093011183459327,23
30.393633365863934,npp,R,R,23252556532.81532,25303441263.561764,0.08820039757142917,False,0.090094840636898,25
30.949465865967795,npp,R,R,23252556532.81532,25307930807.59469,0.08839347500902583,False,0.09009283561581705,25
31.491019465960562,npp,R,R,23252556532.81532,25300472870.95588,0.08807273880832955,False,0.08807273880832976,25
32.04033576580696,npp,R,R,23317606055.917072,25246208318.39404,0.08271013147113204,False,0.08474490829466265,26
32.44199186586775,npp,R,R,23317606055.917072,25246595963.348503,0.08272675603171242,False,0.0827267560317126,26
33.14075256581418,npp,R,R,23391945489.238976,25202313468.452587,0.0773927923201787,False,0.07884515213246082,27
33.699030965799466,npp,R,R,23391945489.238976,25233123808.5087,0.07870992688986589,False,0.0787099268898659,27
34.31763076595962,npp,R,R,23443031687.42995,25220974639.436436,0.07584099939428102,False,0.07719635988488081,28
34.80967196589336,npp,R,R,23443031687.42995,25190458196.111397,0.07453927171110752,False,0.07453927171110744,28
35.553849865915254,npp,R,R,23506980884.002327,25195610515.56924,0.07183524076952441,False,0.07394653408403912,30
36.11599536589347,npp,R,R,23506980884.002327,25204529742.139744,0.07221466961300349,False,0.0735387210334257,30
36.678685465827584,npp,R,R,23506980884.002327,25176390130.85703,0.07101759494732973,False,0.07101759494732973,30
37.17694336595014,npp,R,R,23559013652.64009,25143618745.869003,0.06726109660585622,False,0.06861949353989646,31
37.64259316585958,npp,R,R,23559013652.64009,25141321121.48254,0.06716357026539321,False,0.06716357026539307,31
38.250553365796804,npp,R,R,23564776386.204674,25159098564.838936,0.06765700435704591,False,0.06802711502537113,32
38.869666965911165,npp,R,R,23564776386.204674,25109975431.464775,0.06557240433500122,False,0.06557240433500101,32
39.4981055657845,npp,R,R,23572534473.91456,25112853799.06272,0.06534381472016437,False,0.06654754672986919,33
40.08639876591042,npp,R,R,23572534473.91456,25088794153.396137,0.06432315036635017,False,0.06432315036634992,33
40.74463836592622,npp,R,R,23576539469.562164,25052385867.810658,0.06259809248740011,False,0.06312968475200331,34
41.267287665978074,npp,R,R,23576539469.562164,25064921155.884285,0.06312977730441127,False,0.06312977730441093,34
41.7852884659078,npp,R,R,23585186162.17958,25057055610.44263,0.06240652238833255,False,0.06272704941973249,35
43.86326456582174,npp,R,R,23585186162.17958,25015859936.160606,0.06065984657247303,False,0.060659846572472725,35
44.56184606580064,npp,R,R,23615229614.47624,25010573971.969337,0.0590866309696072,False,0.05999512663279857,36
45.14063106593676,npp,R,R,23615229614.47624,24987430719.829975,0.05810661711764897,False,0.05810661711764899,36
45.76330836582929,npp,R,R,23641039440.167114,24957328185.583958,0.05567812484506973,False,0.05650233193656377,37
46.32423976599239,npp,R,R,23641039440.167114,24975793528.784313,0.05645919639004515,False,0.05645919639004516,37
47.07951836590655,npp,R,R,23673551654.315067,24958388522.36288,0.054273092893250885,False,0.05495609886845036,38
47.67011286597699,npp,R,R,23673551654.315067,24939479610.360523,0.05347435714466231,False,0.05347435714466228,38
48.34353106585331,npp,R,R,23675954191.9296,24904250374.54152,0.05187947960427319,False,0.05215316305875583,39
48.92131506581791,npp,R,R,23675954191.9296,24910727144.060265,0.05215303856904585,False,0.0521530385690458,39
49.595442465972155,npp,R,R,23698382071.068707,24885932903.54947,0.050111050995778283,False,0.050476821237225945,40
50.17000806587748,npp,R,R,23698382071.068707,24885023979.16279,0.050072697137529376,False,0.05007269713752944,40
50.81042906595394,npp,R,R,23719842272.111187,24861580034.043873,0.048134289799856456,False,0.04849947557451044,41
51.37861736584455,npp,R,R,23719842272.111187,24869727695.299454,0.048477785391526584,False,0.048477785391526446,41
52.10237546591088,npp,R,R,23743343851.80184,24867136110.33703,0.047330833666459515,False,0.04796748660769432,42
52.696456065867096,npp,R,R,23743343851.80184,24852265036.44389,0.04670450765332679,False,0.04670450765332676,42
53.39629616588354,npp,R,R,23765006980.612297,24844824036.784485,0.045437270733945656,False,0.04595314498367123,43
53.97346186591312,npp,R,R,23765006980.612297,24836797746.30505,0.04509953506713171,False,0.04509953506713169,43
54.76426706579514,npp,R,R,23785973836.976307,24827555442.602314,0.04378973981745604,False,0.044282795662741285,44
55.31204326590523,npp,R,R,23785973836.976307,24820775155.277847,0.043504685803231524,False,0.04350468580323155,44
56.022265465930104,npp,R,R,23806201832.446323,24816955643.763535,0.04245758388638121,False,0.043024003557594406,45
56.61490156594664,npp,R,R,23806201832.446323,24803058545.918827,0.04187382432899689,False,0.04187382432899711,45
57.38481716578826,npp,R,R,23809013415.432064,24780961883.43718,0.04082271075437083,False,0.04605497535196877,46
58.02476256596856,npp,R,R,23809013415.432064,24773655789.24536,0.04051584822023968,False,0.04051584822023989,46
58.692175465868786,npp,R,R,23826993170.995747,24769157561.058727,0.039541891975268806,False,0.04004360535924796,47
59.294061166001484,npp,R,R,23826993170.995747,24754880971.077946,0.0389427148202528,False,0.03894271482025276,47
59.95332776592113,npp,R,R,23843491562.93556,24745171796.70792,0.03781661890383603,False,0.038199760075071414,48
60.54235406592488,npp,R,R,23843491562.93556,24746355264.42807,0.037866253736764,False,0.037866253736764194,48
61.12266596592963,npp,R,R,23859106677.692863,24732755009.220325,0.03661697578745815,False,0.03702070280570972,49
61.72647926583886,npp,R,R,23859106677.692863,24741032258.390236,0.03696389779429299,False,0.036963897794293106,49
62.407441465882584,npp,R,R,23875875425.124798,24740933675.368702,0.03623147779258362,False,0.03694181723133357,50
62.99219036591239,npp,R,R,23875875425.124798,24711666078.13094,0.03500565479272999,False,0.03500565479273013,50
63.68172666593455,npp,R,R,23890385330.85012,24708268783.29696,0.03423483719999654,False,0.03456685017379695,51
64.31571006588638,npp,R,R,23890385330.85012,24698276290.665817,0.03381657301158936,False,0.033816573011589426,51
64.98088386585005,npp,R,R,23902580542.20749,24684228890.526913,0.032701420959095895,False,0.033083087976686534,52
65.55259706592187,npp,R,R,23902580542.20749,24676083787.319675,0.032360658454693825,False,0.03236065845469387,52
66.22959246579558,npp,R,R,23917369919.303116,24679929050.93796,0.03188306800487295,False,0.03238675691276566,54
66.7810440659523,npp,R,R,23917369919.303116,24677006846.182323,0.031760888820226096,False,0.03210801192314023,54
67.3240425658878,npp,R,R,23917369919.303116,24674419700.810364,0.03165271867523578,False,0.03165271867523585,54
67.95961526595056,npp,R,R,23931980232.201565,24676411181.056644,0.031106115817921998,False,0.031504258568208564,56
68.55383126577362,npp,R,R,23931980232.201565,24677188623.63827,0.031138601327858062,False,0.03127151411352979,56
69.1900225658901,npp,R,R,23931980232.201565,24679593980.196095,0.031239109373347285,False,0.031239109373347288,56
69.9261540658772,npp,R,R,23933797176.338142,24672606224.126877,0.03086886056338556,False,0.03089808231125416,57
70.52337496588007,npp,R,R,23933797176.338142,24673305611.556034,0.030898082313031372,False,0.03089808231303128,57
71.23604226578027,npp,R,R,23946702220.31913,24673280865.100952,0.030341490786372605,False,0.030677583790505083,58
71.92329726577736,npp,R,R,23946702220.31913,24677135860.24338,0.03050247308393339,False,0.030502473083933224,58
72.62047476577573,npp,R,R,23958445016.097443,24673716048.337692,0.029854651742200478,False,0.030166853049126335,59
73.1953794658184,npp,R,R,23958445016.097443,24665822695.060543,0.029525191575989984,False,0.02952519157598985,59
73.91731716599315,npp,R,R,23969848643.39624,24651663448.516357,0.02844468545728418,False,0.028541392956528164,60
74.52801806596108,npp,R,R,23969848643.39624,24651388429.031002,0.028433211897753274,False,0.028433211897753104,60
75.08818076597527,npp,R,R,23980522514.431915,24650805395.03775,0.02795113743674471,False,0.02825612236760626,62
75.63055046577938,npp,R,R,23980522514.431915,24650391921.344406,0.02793389537318669,False,0.028049303507230186,62
76.23431156598963,npp,R,R,23980522514.431915,24652518790.324932,0.028022586892699985,False,0.028022586892699725,62
77.10483976593241,npp,R,R,23984013407.5205,24650410418.338875,0.02778504996204756,False,0.027913121451204177,63
77.70058336597867,npp,R,R,23984013407.5205,24637031489.52257,0.027227223021702773,False,0.027227223021702582,63
78.47031536581926,npp,R,R,23987023382.664833,24631106505.102886,0.026851315069944315,False,0.02686985872759326,64
79.06013586581685,npp,R,R,23987023382.664833,24630986089.64598,0.02684629504495062,False,0.026846295044950313,64
79.82593256584369,npp,R,R,23989683644.52971,24626506227.460384,0.026545684902180344,False,0.02662990962967408,65
80.40181676577777,npp,R,R,23989683644.52971,24612023494.82882,0.02594197820699562,False,0.025941978206995276,65
81.02579526579939,npp,R,R,23997195865.87976,24605672566.28906,0.02535615843659711,False,0.025549800393814794,66
81.5583119657822,npp,R,R,23997195865.87976,24603251704.771156,0.025255277419855116,False,0.025255277419854668,66
82.28524466580711,npp,R,R,24004843104.96491,24599470055.194717,0.024771124211464768,False,0.02499851692374491,67
82.88422786584124,npp,R,R,24004843104.96491,24592648651.493824,0.0244869564011998,False,0.024486956401199335,67
83.52752586593851,npp,R,R,24011661733.52963,24585113353.747025,0.023882213008882935,False,0.02399194039052302,68
84.10735136596486,npp,R,R,24011661733.52963,24584037773.05773,0.023837418912529662,False,0.023837418912529277,68
84.83076256583445,npp,R,R,24018531730.47386,24585033229.685757,0.02358601706253083,False,0.023841738593363967,70
85.3811545658391,npp,R,R,24018531730.47386,24580863678.783447,0.023412419818990005,False,0.023512896451637292,70
85.9909732658416,npp,R,R,24018531730.47386,24582632990.562847,0.02348608426273091,False,0.023486084262730533,70
86.70521136582829,npp,R,R,24025153590.13256,24579642560.18469,0.023079518221263973,False,0.023220335547682255,71
87.37702276580967,npp,R,R,24025153590.13256,24576112330.48435,0.02293257931878845,False,0.02293257931878824,71
88.09115766594186,npp,R,R,24026400971.26789,24574402585.492016,0.022808310528050102,False,0.022874739673052726,72
88.65747226588428,npp,R,R,24026400971.26789,24574572652.512543,0.022815388867445607,False,0.022815388867445684,72
89.39153926586732,npp,R,R,24032062645.3877,24575589188.28005,0.022616724619626716,False,0.022812308203464114,74
89.921638765838,npp,R,R,24032062645.3877,24576382271.213554,0.022649725654336317,False,0.022766910821732832,74
90.50572346593253,npp,R,R,24032062645.3877,24574473755.014706,0.022570310240561442,False,0.02257031024056128,74
91.21832996583544,npp,R,R,24037720716.35959,24575188053.240112,0.022359330288529877,False,0.02252033394464394,76
91.77120456588455,npp,R,R,24037720716.35959,24576303684.238518,0.02240574196838807,False,0.02250035665155392,76
92.3296418657992,npp,R,R,24037720716.35959,24575283483.319176,0.02236330030216771,False,0.02236330030216764,76
93.02359996596351,npp,R,R,24043118186.923027,24571208459.628975,0.02196430049548126,False,0.022049869961405167,77
93.65303896577097,npp,R,R,24043118186.923027,24572871580.133144,0.022033472908611573,False,0.02203347290861141,77
94.45600516581908,npp,R,R,24047840135.61782,24564191548.368465,0.02147184153914372,False,0.021502554680568824,78
95.17785486578941,npp,R,R,24047840135.61782,24563928547.660053,0.021460904976569717,False,0.021460904976569297,78
95.90172496577725,npp,R,R,24052937789.63777,24561352698.96827,0.021137331072694554,False,0.02124335956787349,79
96.52288966579363,npp,R,R,24052937789.63777,24560252996.044636,0.02109161096427159,False,0.02109161096427123,79
97.23474286589772,npp,R,R,24057912345.947,24559376216.50032,0.020844030992481555,False,0.020953309421821966,81
97.8023837658111,npp,R,R,24057912345.947,24559725495.51543,0.02085854925200814,False,0.02095303927668835,81
98.40263206581585,npp,R,R,24057912345.947,24558739771.703144,0.020817576294832607,False,0.02081757629483215,81
99.14126376598142,npp,R,R,24062882612.593967,24557866478.727192,0.02057043098710709,False,0.020679783932399318,83
99.84488326590508,npp,R,R,24062882612.593967,24556767631.452644,0.02052476533298586,False,0.020537168971718877,83
100.46421136590652,npp,R,R,24062882612.593967,24557062233.611877,0.020537008344929886,False,0.020537008344929497,83
101.13215146586299,npp,R,R,24063255588.306046,24556823491.227085,0.020511268772829716,False,0.020511621040329105,84
101.66173016582616,npp,R,R,24063255588.306046,24556839313.597145,0.020511926305223804,False,0.020511926305223645,84
102.46638206578791,npp,R,R,24070870866.401085,24555061025.314075,0.02011519074654,False,0.02033488201379589,85
103.07460696599446,npp,R,R,24070870866.401085,24557434228.609413,0.02021378307867905,False,0.020213783078678865,85
103.87278956593946,npp,R,R,24075362078.852203,24554161126.159405,0.019887511794797863,False,0.020068050618721578,86
104.46577916597016,npp,R,R,24075362078.852203,24552791293.08295,0.019830614080363906,False,0.019830614080363743,86
105.12430836586282,npp,R,R,24079904088.421913,24550623569.270603,0.01954822905939313,False,0.01965099218259265,87
105.65458246599883,npp,R,R,24079904088.421913,24552808053.490444,0.019638947203943102,False,0.019638947203942835,87
106.32479016599245,npp,R,R,24082187157.159348,24547426357.27079,0.01931881008462022,False,0.01951411190504005,88
106.91432776581496,npp,R,R,24082187157.159348,24547581781.202477,0.01932526398063361,False,0.019325263980633306,88
107.51114746578969,npp,R,R,24086757503.110043,24548354012.658756,0.019163912348480805,False,0.01930218279251134,90
108.0624319659546,npp,R,R,24086757503.110043,24549228247.94393,0.019200207615083675,False,0.019280624705694076,90
108.61774556594901,npp,R,R,24086757503.110043,24548155789.433525,0.019155682796404117,False,0.019155682796403825,90
109.29689476592466,npp,R,R,24091070459.06362,24543425689.95604,0.018776883810998513,False,0.018875664280317284,91
109.48674786579795,npp,R,R,24091070459.06362,24544606016.168987,0.01882587815580994,False,0.01882587815580968,91
110.15080716577359,npp,R,R,24095357330.331646,24543623667.66649,0.01860384684026073,False,0.01870880152833832,92
110.76113156578504,npp,R,R,24095357330.331646,24540438324.11135,0.018471649441754945,False,0.0184716494417547,92
111.52387786586769,npp,R,R,24099720279.29767,24537543428.133587,0.018167146496385733,False,0.01825374803659948,93
112.07816786598414,npp,R,R,24099720279.29767,24539437845.52858,0.018245753939668763,False,0.018245753939668537,93
112.75600416585803,npp,R,R,24102595160.137062,24536459417.8795,0.018000727924103455,False,0.01803338510600121,94
113.35999336582609,npp,R,R,24102595160.137062,24536515494.218987,0.018003054492637283,False,0.018003054492637165,94
114.28249386581592,npp,R,R,24106711544.00432,24534224817.17408,0.017734201215681367,False,0.017873104700249283,95
115.07578516588546,npp,R,R,24106711544.00432,24533381272.06004,0.01769920908859257,False,0.017699209088592446,95
115.88016486587003,npp,R,R,24110686250.0143,24530977914.225006,0.01743175867548996,False,0.017547357822976242,96
116.49348236597143,npp,R,R,24110686250.0143,24527511685.272854,0.017287995494458697,False,0.0172879954944584,96
117.2246613658499,npp,R,R,24114810868.935608,24527387602.637684,0.017108852146692666,False,0.017209151986022315,98
117.74880046583712,npp,R,R,24114810868.935608,24525795587.542587,0.0170428340010913,False,0.017053337749324927,98
118.34389846585691,npp,R,R,24114810868.935608,24526046257.49655,0.017053228855744118,False,0.017053228855743733,98
118.98963676579297,npp,R,R,24118865288.505173,24526617309.614773,0.01690593716711586,False,0.01706440237999641,100
119.58969136583619,npp,R,R,24118865288.505173,24528199751.677067,0.01697154730438255,False,0.01705408855603263,100
120.1654885658063,npp,R,R,24118865288.505173,24526010531.366726,0.01688077933979737,False,0.01688077933979715,100
120.85308296582662,npp,R,R,24121140010.495106,24524364375.362343,0.01671663796536116,False,0.01678123279188525,101
121.43590696598403,npp,R,R,24121140010.495106,24523255188.086082,0.016670653933272384,False,0.016670653933272297,101
122.2191357659176,npp,R,R,24125052143.62387,24520568307.71652,0.016394416962832503,False,0.016474945862572383,102
122.79287946596742,npp,R,R,24125052143.62387,24520065552.771706,0.01637357742467027,False,0.016373577424670015,102
123.82053496595472,npp,R,R,24129108617.39361,24517777984.663086,0.016107904085163938,False,0.016175977498930624,103
124.40882996586151,npp,R,R,24129108617.39361,24517204397.03919,0.0160841324807921,False,0.016084132480791644,103
125.12003836594522,npp,R,R,24132374851.4844,24516042453.44557,0.01589846023536179,False,0.015974000477363175,104
125.73673186590895,npp,R,R,24132374851.4844,24515862075.472546,0.015890985713101324,False,0.015890985713101085,104
126.694907565834,npp,R,R,24135583560.1758,24515426536.382133,0.015737882419925464,False,0.015862594208729257,105
127.28221316589043,npp,R,R,24135583560.1758,24513373362.598583,0.015652814090070022,False,0.015652814090069855,105
127.98457436589524,npp,R,R,24138391594.108887,24513177956.30379,0.015526567324658513,False,0.015595631616859102,106
128.59289006586187,npp,R,R,24138391594.108887,24510563921.44372,0.015418273661019999,False,0.015418273661019704,106
129.1675374659244,npp,R,R,24141113158.84528,24508873158.319523,0.015233763126597744,False,0.015296223410367132,107
129.72261776588857,npp,R,R,24141113158.84528,24507154292.41634,0.015162562354211095,False,0.015162562354211092,107
130.33623356581666,npp,R,R,24143788853.146706,24505870012.81518,0.014996865731009112,False,0.01505294841527862,108
130.9327898658812,npp,R,R,24143788853.146706,24504901787.143837,0.014956763256735783,False,0.01495676325673544,108
130.93301566597074,npp,R,R,24143788853.146706,24504901787.143837,0.014956763256735783,True,0.01495676325673544,108
21.31720553874038,npn,R,R,2473476224.5028267,898133774820.6411,362.1058855239927,False,,1
22.224648238625377,npn,R,R,2473476224.5028267,273250506741.64273,109.4722592579464,False,200.3978675339131,1
23.468375438591465,npn,R,R,12216498052.393509,314172695778.1019,24.71708311421929,False,209.61641175253973,3
24.318529738578945,npn,R,R,12216498052.393509,200258677615.85544,15.392478168211216,False,80.8517592364212,3
25.171151738613844,npn,R,R,12216498052.393509,338007443385.4867,26.668112574966834,False,58.61166408174839,3
26.441038438584656,npn,R,R,22773822175.68411,244180819259.0339,9.721995516402547,False,32.271641091404334,4
27.377771138679236,npn,R,R,22773822175.68411,196136843239.1994,7.612381431897591,False,16.064850722102605,4
28.547756638610736,npn,R,R,30148235229.50868,185102711256.31192,5.139752786429632,False,85.26382577110063,5
29.426400638651103,npn,R,R,30148235229.50868,160494167722.636,4.323501243135667,False,4.6869245137455335,5
30.35482383868657,npn,R,R,33821085800.003304,155052982206.19836,3.5845063379420896,False,4.192542483346597,6
31.328676438657567,npn,R,R,33821085800.003304,162310678489.33795,3.7990972096266082,False,4.085194983267142,6
32.417567438678816,npn,R,R,37460090871.23403,143623107028.0366,2.834029861852956,False,3.128155651487869,7
33.36129803862423,npn,R,R,37460090871.23403,148005595094.15936,2.951020717032331,False,2.954563997155362,7
35.025601538596675,npn,R,R,45062482191.32647,162479701857.323,2.6056536159607457,False,3.2848252797665998,8
35.92142833862454,npn,R,R,45062482191.32647,156084492151.2766,2.463734897881844,False,2.46668039908232,8
37.10629483871162,npn,R,R,46526168109.234406,140759225430.24365,2.025377570312009,False,2.6175010054720267,9
37.91000343859196,npn,R,R,46526168109.234406,137761585735.49466,1.9609484583397716,False,1.963801295802753,9
39.1401960386429,npn,R,R,48542723020.415535,133074112136.04117,1.7413812793335555,False,1.7441899330231736,10
40.071591038722545,npn,R,R,48542723020.415535,121591901373.78046,1.5048430291527475,False,1.5075773544466793,10
40.90407503861934,npn,R,R,48801507577.9774,121915914240.44586,1.498199754293302,False,1.5074034899513464,11
41.731401938712224,npn,R,R,48801507577.9774,114364274568.05815,1.343457820136425,False,1.3461776458544918,11
43.33006343874149,npn,R,R,50621706835.07762,109442051271.48923,1.1619589325196924,False,1.2405923564848924,12
44.29412743868306,npn,R,R,50621706835.07762,105612707169.68872,1.0863126467420066,False,1.0889346759798477,12
45.58244663872756,npn,R,R,51456129682.31211,103569657873.51419,1.0127759027534466,False,1.0154055346470805,13
46.511802738532424,npn,R,R,51456129682.31211,98767264765.7323,0.9194460480319266,False,0.9220255579214279,13
47.926884438609704,npn,R,R,52748880583.81317,92990445071.17586,0.7628894498229684,False,0.8307481018437142,14
48.92276523867622,npn,R,R,52748880583.81317,90900890436.87361,0.7232761990548855,False,0.7232761990548852,14
49.756665038643405,npn,R,R,52899678807.02175,86522183912.49509,0.6355899669661205,False,0.6387399684307523,15
50.68220853875391,npn,R,R,52899678807.02175,86688817978.3457,0.6387399684332087,False,0.6387399684332087,15
51.57445903867483,npn,R,R,53023181543.10661,83751207031.01654,0.579520590685958,False,0.5813176549972036,16
52.43605563859455,npn,R,R,53023181543.10661,83846493098.24016,0.5813176549972754,False,0.581317654997275,16
53.4641656386666,npn,R,R,53023488019.11342,80838895906.7768,0.5245865356431614,False,0.5245908491021682,17
54.84540183865465,npn,R,R,53023488019.11342,80839124621.41847,0.5245908491021627,False,0.5245908491021628,17
55.88665233855136,npn,R,R,53436144130.04736,79649326995.28067,0.4905515413207655,False,0.5380443578272721,18
56.82492793863639,npn,R,R,53436144130.04736,80006289124.31194,0.49723170387445803,False,0.49723170387445803,18
57.819801138713956,npn,R,R,53436144130.04508,80006289124.30956,0.49723170387447735,False,0.49723170387457444,19
58.577843938721344,npn,R,R,53436144130.04508,77717062543.28384,0.4543912890523576,False,0.45439128905235737,19
59.6413393386174,npn,R,R,53558781150.62024,76038675006.736,0.41972377588087495,False,0.4869937736622788,20
61.09568113856949,npn,R,R,53558781150.62024,75500923626.56775,0.409683379728917,False,0.40968337972891705,20
62.184674938675016,npn,R,R,53798544199.985565,74350656020.83847,0.38201985065719346,False,0.40028508555639797,21
62.992735338630155,npn,R,R,53798544199.985565,73767607101.24506,0.37118221688357234,False,0.37118221688357245,21
64.21437933854759,npn,R,R,54066702180.85353,74003494465.05591,0.3687443746340151,False,0.37174262071278424,22
65.12690613861196,npn,R,R,54066702180.85353,73172899351.60359,0.35338195969193165,False,0.35338195969193154,22
66.15392623865046,npn,R,R,54278928747.30029,73174058063.88287,0.34811168445402263,False,0.3574134062450414,23
67.00208563869819,npn,R,R,54278928747.30029,72618054401.84721,0.33786823133385924,False,0.33786823133385924,23
68.1069207387045,npn,R,R,54549779787.30124,72415699790.88985,0.32751589599904585,False,0.3329960097208644,24
69.08878663857467,npn,R,R,54549779787.30124,71969648243.43242,0.3193389326969638,False,0.31933893269696384,24
70.51270893868059,npn,R,R,54550182290.88476,71969926646.75426,0.31933430145072683,False,0.31934014883938044,25
71.53499033860862,npn,R,R,54550182290.88476,71048879127.515,0.302449893726334,False,0.3024498937263343,25
72.40168513869867,npn,R,R,54604529857.86134,70048589337.91086,0.2828347670101963,False,0.3113082004236468,26
73.30451473873109,npn,R,R,54604529857.86134,69782443177.13371,0.2779606995753161,False,0.2779606995753164,26
74.69743843865581,npn,R,R,54819198375.74846,68639548489.87338,0.2521078476813139,False,0.2586329391464639,27
75.56577093875967,npn,R,R,54819198375.74846,68196384371.650536,0.24402374336469745,False,0.24402374336469765,27
76.48888853867538,npn,R,R,54873099908.382095,67710990419.378845,0.23395599177796234,False,0.2484361534836819,28
77.4034469386097,npn,R,R,54873099908.382095,67817460914.075966,0.23589629576798465,False,0.23589629576798465,28
78.66177153866738,npn,R,R,55000235193.38358,67714520658.74833,0.23116783811306774,False,0.2311722904931247,29
79.67757283872925,npn,R,R,55000235193.38358,67175074444.16964,0.22135976706242633,False,0.22135976706242652,29
80.80390153871849,npn,R,R,55421408228.05879,66583987696.44572,0.2014127721629333,False,0.2034736641974202,30
81.66945893876255,npn,R,R,55421408228.05879,66390711362.45628,0.19792537730652504,False,0.1979253773065255,30
82.71456573856995,npn,R,R,55584014007.29628,66055677680.03366,0.18839344116750567,False,0.1883976091178679,31
83.98934843856841,npn,R,R,55584014007.29628,65310075682.89807,0.17497947655102952,False,0.17497947655102974,31
85.0445213385392,npn,R,R,55685263932.73652,65493795570.42229,0.17614232105523842,False,0.17733127681932337,32
86.21065553859808,npn,R,R,55685263932.73652,65341428630.20498,0.17340610451505367,False,0.17340610451505414,32
87.22581103863195,npn,R,R,55746245817.95403,64948417366.6656,0.16507248898450233,False,0.16637143355826878,33
88.16661783866584,npn,R,R,55746245817.95403,65020828650.17527,0.16637143355820738,False,0.16637143355820783,33
89.46636333875358,npn,R,R,55747334077.456635,65021553800.97186,0.1663616723022021,False,0.1663731602559273,34
90.31214453862049,npn,R,R,55747334077.456635,65022194223.76656,0.16637316025593663,False,0.16637316025593687,34
91.70812203874812,npn,R,R,55795179000.360146,64864043048.83364,0.16253848828793904,False,0.16274711230938962,35
92.5187923386693,npn,R,R,55795179000.360146,64393195914.34059,0.15409963849968022,False,0.15409963849968045,35
93.82760423864238,npn,R,R,55879670091.582726,64023410191.60606,0.14573708267561947,False,0.15697287503900154,36
94.76672233873978,npn,R,R,55879670091.582726,63958024378.50099,0.1445669645808294,False,0.14456696458082965,36
96.71839043870568,npn,R,R,55963493941.74694,63862276725.121025,0.14114170197443388,False,0.14204765502759667,38
97.89159973873757,npn,R,R,55963493941.74694,63872675293.96224,0.1413275118320536,False,0.14198761124214015,38
98.8670110385865,npn,R,R,55963493941.74694,63800733658.77436,0.14004200175895543,False,0.14004200175895598,38
99.96318743866868,npn,R,R,56047305760.93455,63634328222.34337,0.1353681922512151,False,0.13956546938136444,39
100.29332493874244,npn,R,R,56047305760.93455,63667808450.97182,0.13596554886227596,False,0.1359655488622763,39
101.31606413866393,npn,R,R,56119871168.94889,63492397856.66624,0.1313710551031444,False,0.1313717630137272,40
102.20346453855745,npn,R,R,56119871168.94889,63091427518.96141,0.12422616454383228,False,0.12422616454383276,40
103.24778723856434,npn,R,R,56120613436.51529,63091828930.380585,0.12421844785697633,False,0.12422789186192837,41
104.25992673868313,npn,R,R,56120613436.51529,62789632235.85556,0.11883367609451367,False,0.1188336760945141,41
105.39356693858281,npn,R,R,56120671574.948555,62789576584.55611,0.11883152539793285,False,0.1188323738439264,42
106.33384443866089,npn,R,R,56120671574.948555,62789481358.47817,0.11882982858862423,False,0.11882982858862459,42
107.42198643856682,npn,R,R,56273734765.36927,62691842694.279686,0.11405157229514651,False,0.11749262692511002,43
108.40700973873027,npn,R,R,56273734765.36927,62562211104.63562,0.1117479827042911,False,0.1117479827042915,43
109.55963273858652,npn,R,R,56273991089.635605,62562351864.60589,0.11174542009920563,False,0.1117484970321875,44
110.68344123871066,npn,R,R,56273991089.635605,62309583839.17077,0.10725368207706132,False,0.10725368207706173,44
111.94305843859911,npn,R,R,56384441841.893105,62204605480.94982,0.10322286518995716,False,0.1045099962789114,45
112.94990613870323,npn,R,R,56384441841.893105,62224475138.89313,0.1035752612994909,False,0.10357526129949107,45
114.09340943861753,npn,R,R,56436608882.179794,62223988149.329056,0.10254654526162832,False,0.10370819831554173,46
115.86219763872214,npn,R,R,56436608882.179794,62112404762.55098,0.10056939977063983,False,0.10056939977064026,46
117.28109383862466,npn,R,R,56468245967.723434,62011121958.438065,0.09815916708096206,False,0.0981631154001302,47
118.28429503855295,npn,R,R,56468245967.723434,61819398223.31252,0.09476391844449616,False,0.09476391844449648,47
119.36669473862275,npn,R,R,56537146588.35151,61789428996.83484,0.09289967261215604,False,0.09596826541648791,48
120.82683473872021,npn,R,R,56537146588.35151,61770437059.63473,0.09256375298504094,False,0.09256375298504108,48
122.04390323860571,npn,R,R,56563071150.5989,61716024538.890594,0.09110101844668206,False,0.09123056399415985,49
122.96971313864924,npn,R,R,56563071150.5989,61702009793.90627,0.0908532464516465,False,0.0908532464516468,49
124.4076732385438,npn,R,R,56718095985.61221,61680569433.94628,0.08749365369375073,False,0.08772105109533056,50
125.33035163860768,npn,R,R,56718095985.61221,61691384971.2956,0.08768434305243544,False,0.08768434305243573,50
126.57114883861504,npn,R,R,56815343937.88538,61532453123.58509,0.08302526850593028,False,0.0834858091484879,51
127.67028063861653,npn,R,R,56815343937.88538,61486744783.810074,0.08222076154342739,False,0.08222076154342797,51
129.2011030386202,npn,R,R,56910777726.68569,61324679508.907364,0.07755827557689443,False,0.07791360554746271,52
130.49752023862675,npn,R,R,56910777726.68569,61287563239.37109,0.07690609208865395,False,0.07690609208865413,52
131.53663103864528,npn,R,R,57008054877.91767,61309526428.91752,0.07545375053071735,False,0.07634828859207544,53
132.95736243855208,npn,R,R,57008054877.91767,61269456509.21473,0.07475086881007997,False,0.07475086881008032,53
134.23498883866705,npn,R,R,57032298516.44929,61204047363.83534,0.07314712813447,False,0.07314794477038475,54
135.19769863854162,npn,R,R,57032298516.44929,61043900632.3051,0.07033912748052384,False,0.07033912748052401,54
136.37096893857233,npn,R,R,57043799106.332344,60918898797.236404,0.06793200578525083,False,0.06894997833732346,55
137.76637443853542,npn,R,R,57043799106.332344,60860934677.02005,0.06691587219799966,False,0.06691587219800006,55
138.9657472386025,npn,R,R,57069564879.29498,60841661773.730354,0.06609647195337032,False,0.0660991119303458,56
139.85821143863723,npn,R,R,57069564879.29498,60764053849.123764,0.06473658906709412,False,0.06473658906709427,56
140.82537273853086,npn,R,R,57069719491.56923,60764131981.9063,0.06473507357755359,False,0.06473676453474607,57
141.69297473854385,npn,R,R,57069719491.56923,60764228484.358986,0.06473676453474653,False,0.06473676453474704,57
142.86956653860398,npn,R,R,57075970871.91751,60646046123.037964,0.06254953173082156,False,0.06359748420653259,58
144.81484903860837,npn,R,R,57075970871.91751,60594898504.596954,0.06165339947657067,False,0.06165339947657092,58
146.46075673867017,npn,R,R,57116756318.2755,60505703760.589264,0.05933368175582854,False,0.05963040887022589,59
147.33834533859044,npn,R,R,57116756318.2755,60522651850.495445,0.05963040886357507,False,0.0596304088635751,59
148.2383172386326,npn,R,R,57158849702.71222,60522715849.560585,0.05885118690008806,False,0.060631131859771044,60
149.38005593861453,npn,R,R,57158849702.71222,60510620061.967186,0.058639569842426686,False,0.05863956984242674,60
150.28385593858548,npn,R,R,57184764050.914215,60510813483.4632,0.05816320986456547,False,0.05884264346633975,61
151.4738547387533,npn,R,R,57184764050.914215,60451548027.80155,0.05712682444538486,False,0.05712682444538513,61
152.67553593870252,npn,R,R,57240687182.507065,60458087391.64119,0.05620827365114822,False,0.05757751113985502,62
153.60860073869117,npn,R,R,57240687182.507065,60426492756.801895,0.05565631251311087,False,0.0556563125131109,62
154.8171524386853,npn,R,R,57297011684.60011,60382701991.94256,0.05385429739910497,False,0.05435980145814099,63
155.8003023385536,npn,R,R,57297011684.60011,60366001794.482925,0.05356283023583375,False,0.053562830235833865,63
156.98925443855114,npn,R,R,57319134226.51199,60377276184.829285,0.053352898636469526,False,0.05359214015672531,64
158.0054205385968,npn,R,R,57319134226.51199,60310257429.929504,0.05218367729696127,False,0.052183677296961294,64
159.60050953854807,npn,R,R,57319243349.49088,60310302700.448845,0.0521824639714914,False,0.052183789513215326,65
160.8816335387528,npn,R,R,57319243349.49088,60310378679.497246,0.05218378951321112,False,0.0521837895132112,65
161.94079473870806,npn,R,R,57319304648.526215,60310413046.76454,0.05218326385114702,False,0.052183999648912474,66
162.84936143853702,npn,R,R,57319304648.526215,60226218283.642136,0.05071439112774834,False,0.05071439112774818,66
164.29923733859323,npn,R,R,57364105997.12787,60204625769.92043,0.0495173719422175,False,0.04985921585946261,67
165.89266103855334,npn,R,R,57364105997.12787,60140450801.49603,0.04839864155657159,False,0.04839864155657173,67
166.99528643861413,npn,R,R,57371969188.53906,60126712248.83661,0.04801548734094774,False,0.04801557340182146,68
167.99059923854657,npn,R,R,57371969188.53906,60065690439.13381,0.04695187020237168,False,0.046951870202371904,68
169.05753303854726,npn,R,R,57388222685.623825,60073973767.12371,0.04679969087407687,False,0.04697525072029617,69
169.91615023859777,npn,R,R,57388222685.623825,60055625544.19179,0.04647996982203395,False,0.046479969822034145,69
170.89059553854167,npn,R,R,57451570158.316315,60041197710.09577,0.0450749656561753,False,0.04516140857192578,70
171.7741529387422,npn,R,R,57451570158.316315,60031491499.3103,0.04490601969423347,False,0.04490601969423374,70
172.73420713865198,npn,R,R,57508044021.715965,60022316617.457085,0.04372036362063869,False,0.04419349291705655,71
173.6291978387162,npn,R,R,57508044021.715965,60010198308.14087,0.04350963989455203,False,0.04350963989455215,71
174.657109238673,npn,R,R,57508336395.58675,60010365320.49275,0.04350723880612928,False,0.04350959013148433,72
175.5378257385455,npn,R,R,57508336395.58675,60010500541.30223,0.04350959013148392,False,0.04350959013148412,72
176.75095823872834,npn,R,R,57540523926.54697,60011575492.34032,0.04294454407380366,False,0.04350724586159626,73
177.92631643870845,npn,R,R,57540523926.54697,59953094837.69109,0.041928205489124126,False,0.04192820548912439,73
179.49236823874526,npn,R,R,57543525665.95591,59926354294.65246,0.0414091524827489,False,0.04140965637584699,74
180.35000263853,npn,R,R,57543525665.95591,59868819897.44891,0.04040931111853485,False,0.04040931111853491,74
181.29008023859933,npn,R,R,57543527607.80889,59868820957.20898,0.0404092944257477,False,0.040409314125118875,75
182.1934486385435,npn,R,R,57543527607.80889,59868822090.78027,0.0404093141251185,False,0.04040931412511881,75
183.68832693854347,npn,R,R,57543596838.38539,59868852294.56172,0.04040858729611485,False,0.04040939920629467,76
184.54028863855638,npn,R,R,57543596838.38539,59815046147.77175,0.03947353718200586,False,0.03947353718200608,76
185.53642953862436,npn,R,R,57546936955.64161,59812669180.354744,0.03937189961056675,False,0.039390258471411775,77
186.47132103866898,npn,R,R,57546936955.64161,59777837909.79952,0.03876663245999579,False,0.03876663245999586,77
187.82537663867697,npn,R,R,57547003581.89419,59777866977.371666,0.03876593491619018,False,0.03876671623758162,78
188.92554113874212,npn,R,R,57547003581.89419,59719699056.943825,0.037755145182454264,False,0.037755145182454534,78
190.07675233855844,npn,R,R,57576184437.31825,59715895464.38636,0.03716312652495324,False,0.03747320404508223,79
191.07140513858758,npn,R,R,57576184437.31825,59700576511.90654,0.036897062480773846,False,0.03689706248077391,79
192.26832503871992,npn,R,R,57602249856.803444,59701160268.99725,0.036437993609826025,False,0.036899911571434615,80
193.42350673861802,npn,R,R,57602249856.803444,59659176460.54104,0.035709136515518436,False,0.0357091365155185,80
194.6049179385882,npn,R,R,57625335950.14409,59623902826.23636,0.03468208632781544,False,0.03501769641534383,81
195.45279013854451,npn,R,R,57625335950.14409,59611236296.90593,0.0344622779896675,False,0.034462277989667486,81
196.85218363860622,npn,R,R,57640455960.32941,59577153380.13789,0.0335996200505666,False,0.033718328054169536,82
197.75432243873365,npn,R,R,57640455960.32941,59582432924.15471,0.03369121446856438,False,0.03369121446856458,82
198.83891473873518,npn,R,R,57640903554.227516,59559256278.84714,0.033281100856006995,False,0.03328532353634612,83
199.7088702386245,npn,R,R,57640903554.227516,59559499677.95729,0.033285323536345945,False,0.03328532353634612,83
200.78084623860195,npn,R,R,57662678793.49726,59543941369.68088,0.03262530662026353,False,0.0328722829965722,84
201.7167555387132,npn,R,R,57662678793.49726,59530374572.47168,0.03239002797048407,False,0.03239002797048428,84
202.80967163853347,npn,R,R,57670054590.41285,59503547363.10935,0.03179280452772981,False,0.032335642908307,85
203.56797573855147,npn,R,R,57670054590.41285,59495952347.76529,0.03166110679659351,False,0.03166110679659353,85
204.76237003854476,npn,R,R,57670067271.66228,59463258142.998825,0.031093961844876894,False,0.031094083458262704,86
205.7362859386485,npn,R,R,57670067271.66228,59463265086.519035,0.031094082245641808,False,0.03109408224564166,86
207.0431819385849,npn,R,R,57688714111.250786,59462805140.925995,0.030752826735814143,False,0.031088994295380812,87
208.42893933854066,npn,R,R,57688714111.250786,59474974715.316216,0.03096377916520532,False,0.030963779165205253,87
209.35752013861202,npn,R,R,57688859192.56953,59475030710.45538,0.03096215704185612,False,0.030963786100621216,88
210.25445223855786,npn,R,R,57688859192.56953,59436914032.61089,0.030301428464831304,False,0.03030142846483148,88
211.39895093860105,npn,R,R,57698779644.700806,59419600180.82702,0.029824210264458362,False,0.029868073363626776,89
212.50987073872238,npn,R,R,57698779644.700806,59414734378.570076,0.0297398791523118,False,0.02973987915231184,89
213.53601563861594,npn,R,R,57698779644.6996,59414734378.56943,0.029739879152322013,False,0.029739879152346875,90
214.5858932386618,npn,R,R,57698779644.6996,59403003510.11728,0.029536566906822603,False,0.029536566906822548,90
215.69265703856945,npn,R,R,57698779644.70084,59403003510.11799,0.02953656690681261,False,0.029536566906824286,91
216.62081023864448,npn,R,R,57698779644.70084,59392800160.549324,0.029359728685423914,False,0.02935972868542394,91
217.93564993864857,npn,R,R,57715636734.49662,59379644407.00493,0.02883114120637842,False,0.029093157749999318,92
219.0197672387585,npn,R,R,57715636734.49662,59384272541.411415,0.02891132977689992,False,0.028911329776899954,92
219.94203613861464,npn,R,R,57715636734.49549,59384272541.41079,0.028911329776909245,False,0.028911329776932126,93
220.83162913867272,npn,R,R,57715636734.49549,59384272541.410164,0.028911329776898365,False,0.028911329776898538,93
221.88305793865584,npn,R,R,57725378726.04086,59389313880.6711,0.028825019278385433,False,0.028934511728439298,94
222.86495593865402,npn,R,R,57725378726.04086,59383572333.54701,0.02872555614361194,False,0.028725556143612063,94
223.81772243860178,npn,R,R,57725381031.614586,59383573343.918816,0.028725532558998346,False,0.028725556343152676,95
224.80160823860206,npn,R,R,57725381031.614586,59354662170.65458,0.028224692672841556,False,0.028224692672841348,95
225.6482716386672,npn,R,R,57730644742.82284,59339977074.932396,0.027876569528692663,False,0.02839937428032901,96
227.16739353863522,npn,R,R,57730644742.82284,59341106614.894485,0.027896135219793505,False,0.027896135219793575,96
228.08478753874078,npn,R,R,57735600782.66395,59343927016.155716,0.027856750630274707,False,0.02790485729624281,97
229.043438838562,npn,R,R,57735600782.66395,59334502569.79135,0.027693516053400202,False,0.027693516053400393,97
230.29881663853303,npn,R,R,57759932242.483734,59334281468.086975,0.027256770644984885,False,0.027493773570049857,98
231.24785343860276,npn,R,R,57759932242.483734,59327497465.65342,0.02713931894152588,False,0.02713931894152573,98
232.3463385386858,npn,R,R,57774827705.93191,59305583276.8768,0.02649519923687671,False,0.026559237852201444,99
233.28145883860998,npn,R,R,57774827705.93191,59298590297.41207,0.026374160719889295,False,0.026374160719889413,99
234.59769953857176,npn,R,R,57790011698.01337,59279109953.16393,0.02576739840323916,False,0.02586790444959641,100
235.71953563857824,npn,R,R,57790011698.01337,59280536852.955414,0.02579208951766465,False,0.02579208951766466,100
237.06226023868658,npn,R,R,57797463839.99398,59270714786.65563,0.02548988915396344,False,0.02591196251579455,101
237.8781311386265,npn,R,R,57797463839.99398,59276741356.13143,0.025594159637050362,False,0.02559415963705025,101
239.466516938759,npn,R,R,57801182627.10097,59264621200.38956,0.025318488424879382,False,0.02531896007059535,102
240.41296603856608,npn,R,R,57801182627.10097,59241401363.5668,0.024916769363652502,False,0.024916769363652537,102
241.7422656386625,npn,R,R,57814785990.01457,59234852260.81584,0.024562337237511,False,0.024718188725575633,104
242.86065013869666,npn,R,R,57814785990.01457,59227483982.296555,0.024434890972803602,False,0.024523887880621178,104
243.81163153867237,npn,R,R,57814785990.01457,59231579602.085205,0.024505731324774516,False,0.024505731324774575,104
245.17868173867464,npn,R,R,57822734996.07712,59233867653.92585,0.024404460597452937,False,0.024415220428565906,105
246.59303963859566,npn,R,R,57822734996.07712,59230024333.89884,0.024337993315556528,False,0.024337993315556382,105
248.01984023861587,npn,R,R,57822735630.53014,59223990858.32347,0.024233637729403235,False,0.024233643428622217,106
249.45795223861933,npn,R,R,57822735630.53014,59223991187.8679,0.02423364342862211,False,0.024233643428622196,106
250.353515638737,npn,R,R,57828394149.56091,59214214773.620804,0.023964362912719972,False,0.024237846011623296,107
251.3836350387428,npn,R,R,57828394149.56091,59214472443.71967,0.023968818684018123,False,0.023968818684018182,107
252.58717663865536,npn,R,R,57828394569.84752,59194441454.37791,0.023622424497370842,False,0.023622428296372344,108
254.05808673868887,npn,R,R,57828394569.84752,59194441674.06802,0.02362242829637151,False,0.02362242829637162,108
255.52801523869857,npn,R,R,57829361077.89714,59194962352.75395,0.023614324097707362,False,0.023623794687438995,109
257.7658345387317,npn,R,R,57829361077.89714,59176877581.79805,0.023301597644936445,False,0.023301597644936483,109
259.14633953874,npn,R,R,57832898143.855736,59178866656.14332,0.023273405889837395,False,0.023308109748656464,110
260.2459953385405,npn,R,R,57832898143.855736,59180873680.8756,0.02330810974865649,False,0.023308109748656467,110
261.4989350386895,npn,R,R,57843613472.63712,59175242819.34354,0.023021199174154905,False,0.02315884956813054,111
262.79833303857595,npn,R,R,57843613472.63712,59167991945.569145,0.022895846117195306,False,0.022895846117195192,111
264.4588444386609,npn,R,R,57847632531.54531,59176316259.15385,0.02296867943357883,False,0.02296874836614633,112
266.7989337386098,npn,R,R,57847632531.54531,59176320196.29679,0.022968747494150676,False,0.02296874749415069,112
268.24882193864323,npn,R,R,57860164963.38496,59157066245.37919,0.022414406920805208,False,0.022428286979808205,113
269.3748618387617,npn,R,R,57860164963.38496,59157792209.0941,0.02242695378643167,False,0.02242695378643161,113
270.5394753385335,npn,R,R,57860168905.64204,59141222913.29441,0.022140516211446082,False,0.022140553187196144,114
272.26418973854743,npn,R,R,57860168905.64204,59141225052.717865,0.02214055318720143,False,0.02214055318720121,114
273.5853211386129,npn,R,R,57863361712.62411,59143042241.66024,0.02211555794825082,False,0.02214648471168302,115
274.6614793385379,npn,R,R,57863361712.62411,59144831768.15933,0.022146484711683234,False,0.02214648471168314,115
276.88412853865884,npn,R,R,57863369600.6564,59144836016.69151,0.022146418794465994,False,0.02214649086621096,116
278.47266523865983,npn,R,R,57863369600.6564,59133223006.94787,0.021945721707106847,False,0.021945721707106822,116
279.54883153853007,npn,R,R,57867096694.058685,59127360524.79467,0.02177859099099022,False,0.022074145629848548,117
280.54992163856514,npn,R,R,57867096694.058685,59128702300.10642,0.021801778180056353,False,0.021801778180056325,117
281.9180453387089,npn,R,R,57877547201.82995,59123273341.0066,0.021523478436855203,False,0.021629112980794535,118
283.0264537385665,npn,R,R,57877547201.82995,59122877931.795784,0.021516646612945278,False,0.021516646612945285,118
284.68619433860295,npn,R,R,57878316409.81236,59122043271.54862,0.021488649616722588,False,0.021494905237341766,119
285.67490303865634,npn,R,R,57878316409.81236,59121319537.86794,0.021476145215669096,False,0.021476145215669023,119
286.7265513385646,npn,R,R,57881500108.94294,59117611841.63136,0.021355903533285314,False,0.021386159689617015,120
287.83443213859573,npn,R,R,57881500108.94294,59119363113.347374,0.02138615968961699,False,0.02138615968961695,120
289.3847167387139,npn,R,R,57881567649.941864,59119397071.53239,0.021385554535715334,False,0.021386195116913576,121
290.8525632387027,npn,R,R,57881567649.941864,59117988937.88374,0.02136122669343643,False,0.02136122669343634,121
291.8588083386421,npn,R,R,57884681574.42004,59119701828.342545,0.021335873677299055,False,0.02136704428604564,122
292.8648713387083,npn,R,R,57884681574.42004,59115129313.86586,0.021256880162049185,False,0.02125688016204935,122
294.87359133875,npn,R,R,57884746850.87182,59115162191.54022,0.02125629647890337,False,0.021256915548241998,123
296.20054253865965,npn,R,R,57884746850.87182,59102823285.752365,0.021043133142115478,False,0.02104313314211561,123
297.57994113862514,npn,R,R,57893343839.71037,59100463990.85107,0.020850758845142092,False,0.02094803029499676,124
298.73358653858304,npn,R,R,57893343839.71037,59101917504.95429,0.020875865601926558,False,0.0208758656019267,124
299.8178367386572,npn,R,R,57896141366.91069,59103489803.175934,0.02085369435268225,False,0.020881114503009016,125
300.11523733870126,npn,R,R,57896141366.91069,59160100367.38561,0.021831489467747378,False,0.02183148946774724,125
2.080464968457818,nnp,R,R,1103051510.3458784,898133774820.6411,813.2265038366321,False,,1
2.245882668532431,nnp,R,R,1103051510.3458784,433443239690.35114,391.9492282318153,False,4352.534072844613,1
3.7410364686511457,nnp,R,R,18011121762.09689,412972780700.49567,21.928765134971613,False,4085.591903791972,3
6.246233268640935,nnp,R,R,18011121762.09689,502219763850.57904,26.883869227260703,False,3983.3170160853606,3
19.37919936864637,nnp,R,R,18011121762.09689,322744088315.2685,16.919155318491057,False,180.25162268860103,3
20.188115768600255,nnp,R,R,31303657356.37191,240022218292.24878,6.6675455382018445,False,111.22359847362108,4
21.283846268663183,nnp,R,R,31303657356.37191,195919123132.9181,5.258665589854421,False,11.529633966597546,4
22.571552968584,nnp,R,R,32816006452.582546,191177895846.97632,4.82575140955127,False,213.06624421690412,5
23.487978268647566,nnp,R,R,32816006452.582546,192230585096.5801,4.857829939616312,False,5.947012180767608,5
24.47626276849769,nnp,R,R,34229197249.85747,197528671112.82248,4.77076551550285,False,7.113816555376491,6
25.29528526845388,nnp,R,R,34229197249.85747,180612690275.91364,4.276568099377958,False,5.017181095625056,6
26.348982968600467,nnp,R,R,42583012125.91847,178479226812.81824,3.1913246128539017,False,4.148519838950956,7
27.18793806852773,nnp,R,R,42583012125.91847,162046795310.17865,2.8054328996503197,False,3.4007545330610287,7
28.189367968589067,nnp,R,R,43863998992.47236,153215921780.72037,2.4929765935617096,False,3.6847510059644106,8
29.34470456861891,nnp,R,R,43863998992.47236,145954369257.16245,2.3274296144820297,False,2.5587036202422597,8
30.641825068509206,nnp,R,R,44041788105.32491,143640031775.81375,2.2614486821539113,False,3.6576532767010073,9
31.61990656866692,nnp,R,R,44041788105.32491,145248675704.54214,2.2979740821872015,False,2.433365652487652,9
32.707864068681374,nnp,R,R,44455629627.84384,156463286460.0331,2.5195381950464073,False,2.728611224536583,10
33.612064668675885,nnp,R,R,44455629627.84384,158531171191.78653,2.566053895061558,False,2.7286109853721117,10
34.55136566865258,nnp,R,R,44497668039.95787,162008174265.3683,2.6408239218263914,False,2.9902157561095537,11
35.57292936858721,nnp,R,R,44497668039.95787,141161810607.09103,2.172341761377945,False,2.443969620982157,11
36.712694668676704,nnp,R,R,49096027008.16306,141277074983.6811,1.8775663448325735,False,2.3088656907347063,13
37.65623156866059,nnp,R,R,49096027008.16306,135456704989.2246,1.7590156117256206,False,2.0590823070040356,13
38.502415468683466,nnp,R,R,49096027008.16306,134775754738.75938,1.7451458488962985,False,1.9913329044204233,13
39.65209276857786,nnp,R,R,49953867210.68821,124075186577.13414,1.483795419758549,False,1.6768448959041098,14
40.73067206866108,nnp,R,R,49953867210.68821,125403691618.90672,1.5103900582911258,False,1.67684470561714,14
41.96198526863009,nnp,R,R,50186926300.13654,124527241143.61945,1.481268535931053,False,1.7709907777551315,15
42.839792968472466,nnp,R,R,50186926300.13654,113232576803.03523,1.2562166115904803,False,1.2577798937617415,15
44.09877026849426,nnp,R,R,52737288270.30963,107726949224.14252,1.042709300333732,False,1.065844303263272,16
44.95834246859886,nnp,R,R,52737288270.30963,108068383145.921,1.0491835414822042,False,1.0506712237216342,16
46.14293086854741,nnp,R,R,55874469936.82437,107220278996.99808,0.9189493720160371,False,0.9432037082700045,18
47.14067016867921,nnp,R,R,55874469936.82437,106366034779.70396,0.9036607398686543,False,0.9143323861606595,18
48.0605441685766,nnp,R,R,55874469936.82437,106147675688.26178,0.8997527101067777,False,0.9011568635100072,18
49.02352966857143,nnp,R,R,57250610740.1081,103112418997.06662,0.8010710744231253,False,0.829629379534336,19
49.967269068583846,nnp,R,R,57250610740.1081,103740077181.82053,0.8120344192091433,False,0.813404820783924,19
51.313995368545875,nnp,R,R,57321440543.372574,105608421806.93405,0.8423895283480336,False,0.8545966408206892,20
52.32765366858803,nnp,R,R,57321440543.372574,104103331898.7507,0.81613251362691,False,0.817501221851471,20
54.119592568604276,nnp,R,R,57321540827.35927,101450969113.17851,0.7698576773909138,False,0.7712628258622231,21
55.27753296867013,nnp,R,R,57321540827.35927,101453058061.52974,0.7698941200322154,False,0.7712628258622223,21
56.4073685684707,nnp,R,R,59285690169.86783,99999951817.80644,0.6867468613637189,False,0.7023979130672182,22
57.45916376868263,nnp,R,R,59285690169.86783,99547530681.07567,0.6791156583628855,False,0.6804390186356698,22
58.413527368567884,nnp,R,R,60219322593.32419,97675867447.14732,0.6220020956857377,False,0.6263751005000971,23
59.21328736864962,nnp,R,R,60219322593.32419,97374709208.03226,0.617001072324036,False,0.6183039153939462,23
60.33955976855941,nnp,R,R,60260923350.28196,95903085995.38417,0.5914639315750783,False,1.0231570563114898,24
61.217529168585315,nnp,R,R,60260923350.28196,94328127728.73712,0.5653282838105693,False,0.5666302274707975,24
62.17142156860791,nnp,R,R,60747930365.57922,94854210554.32172,0.561439377168768,False,0.6157978831320302,25
63.05678666848689,nnp,R,R,60747930365.57922,93297133767.47688,0.5358076103336777,False,0.537099116507522,25
64.09814026858658,nnp,R,R,60841384182.441734,91303130721.28563,0.5006747783301564,False,0.5128941978278749,26
65.14638236863539,nnp,R,R,60841384182.441734,91149826797.91849,0.4981550473045202,False,0.4981550473045198,26
66.16442576865666,nnp,R,R,60841745522.70095,91146536155.28049,0.49809206445716403,False,0.4980950972167352,27
67.02237466862425,nnp,R,R,60841745522.70095,91146178944.62933,0.49808619331313153,False,0.4980861933131312,27
67.99364176858217,nnp,R,R,61055971066.11041,91148324816.46112,0.49286504210648285,False,0.5041702730906347,28
68.81172046856955,nnp,R,R,61055971066.11041,90601800310.58923,0.4839138372312035,False,0.48391383723120296,28
69.6734758685343,nnp,R,R,61056812414.04077,89308057126.84663,0.462704219166036,False,0.4627320290382053,29
70.57548276847228,nnp,R,R,61056812414.04077,89309754590.73944,0.46273202055011886,False,0.46273202055011853,29
71.59950516861863,nnp,R,R,61776681895.984634,88399364177.02502,0.4309503434623738,False,0.44157398957310173,30
72.4322580685839,nnp,R,R,61776681895.984634,87690191470.30113,0.41947072550688147,False,0.419470725506881,30
73.46179996849969,nnp,R,R,61798243980.069534,88151736903.11746,0.42644404154181403,False,0.42975290409700834,31
74.49189706845209,nnp,R,R,61798243980.069534,87492035143.09538,0.4157689524529584,False,0.4157689524529579,31
75.4409802686423,nnp,R,R,62354812202.58918,87524649010.43958,0.4036550816009876,False,0.42389324524098526,33
76.36022496852092,nnp,R,R,62354812202.58918,85996680451.18138,0.3791506607666524,False,0.38060847865386466,33
77.21527896868065,nnp,R,R,62354812202.58918,86085734908.35765,0.3805788497713265,False,0.38057884977132606,33
78.39333256846294,nnp,R,R,62354837199.56139,85223410692.67992,0.36674898885437845,False,0.36675664291465776,34
79.26455116854049,nnp,R,R,62354837199.56139,85223887960.35997,0.3667566429146163,False,0.36675664291461596,34
80.32559236860834,nnp,R,R,62777741230.5649,83892856110.0406,0.336347158492464,False,0.3395738247835985,35
81.2901598685421,nnp,R,R,62777741230.5649,83910753970.21632,0.3366322573161056,False,0.3366322573161055,35
82.40571546857245,nnp,R,R,63602188456.463684,84076849827.18901,0.3219175608201035,False,0.32328213704750514,36
83.27347586862743,nnp,R,R,63602188456.463684,84040071451.11858,0.3213393043644217,False,0.3213393043644214,36
84.26157456845976,nnp,R,R,63975013392.77213,84227439582.23357,0.3165677522429333,False,0.3212420419354261,37
85.0894293684978,nnp,R,R,63975013392.77213,83313740433.813,0.30228562708242834,False,0.30228562708242807,37
86.13439066847786,nnp,R,R,64473497945.10365,83301161199.50008,0.29202174311105855,False,0.3043932980785406,39
87.04418906848878,nnp,R,R,64473497945.10365,82759500904.8819,0.28362045712717454,False,0.28967982673292975,39
88.19337646849453,nnp,R,R,64473497945.10365,82415588631.71501,0.2782862921736968,False,0.2782862921736966,39
89.46623266860843,nnp,R,R,65105386443.524506,82386340221.76167,0.2654304769886817,False,0.26589485600294904,40
90.8470716685988,nnp,R,R,65105386443.524506,82385962892.1625,0.26542468131462504,False,0.26542468131462477,40
91.79379906854592,nnp,R,R,65512212611.66406,81591408372.57513,0.24543814229300298,False,0.24691960925991702,41
92.70076126861386,nnp,R,R,65512212611.66406,81433119552.53445,0.2430219695867175,False,0.2430219695867172,41
93.85294926865026,nnp,R,R,65513339443.54443,80983108099.8098,0.23613158461562334,False,0.23646446464734547,42
94.74078366858885,nnp,R,R,65513339443.54443,81004660858.64105,0.2364605673695832,False,0.23646056736958324,42
95.82787056849338,nnp,R,R,65960138504.22649,80885585399.51923,0.2262797991901786,False,0.22788656667054602,43
96.80065726861358,nnp,R,R,65960138504.22649,80579259820.65094,0.22163569767955704,False,0.22163569767955685,43
98.60344396857545,nnp,R,R,66141214394.738106,80128914676.6846,0.2114823625472968,False,0.2587802208002971,44
99.5108234686777,nnp,R,R,66141214394.738106,80280303874.21788,0.213771240955694,False,0.21377124095569391,44
100.50934946862981,nnp,R,R,66512315814.33468,80018169319.88026,0.20305793506343095,False,0.2056755148563813,45
101.4616845685523,nnp,R,R,66512315814.33468,79921232612.86769,0.20160051013654723,False,0.20160051013654698,45
102.59681166848168,nnp,R,R,66522735405.920784,79493349860.03555,0.19498017294340442,False,0.19506103589181295,46
103.45781816868111,nnp,R,R,66522735405.920784,79498729084.55673,0.1950610358918139,False,0.1950610358918136,46
104.51611676858738,nnp,R,R,66540661906.70035,78966473749.91275,0.1867401298267095,False,0.22013255502079504,47
105.44190116855316,nnp,R,R,66540661906.70035,79077124246.19649,0.1884030302715365,False,0.1884030302715364,47
106.40361546864733,nnp,R,R,66755266738.47119,78993537071.89603,0.18333040869076322,False,0.18491892741211757,48
107.32607966847718,nnp,R,R,66755266738.47119,79099579062.85901,0.18491892741211635,False,0.18491892741211635,48
108.634969368577,nnp,R,R,66757718249.76685,79101020059.37611,0.184896999676174,False,0.18496037555494038,49
109.65885076858103,nnp,R,R,66757718249.76685,79105188739.15378,0.1849594445872189,False,0.18495944458721902,49
110.7933220686391,nnp,R,R,67019399104.18475,79097062114.09929,0.18021144879468776,False,0.18031100302230677,50
111.97771066846326,nnp,R,R,67019399104.18475,79096887197.64474,0.18020883885701489,False,0.18020883885701497,50
112.93936306866817,nnp,R,R,67177156840.64599,79278176524.87926,0.18013593092274882,False,0.18206873731932655,51
113.99857776868157,nnp,R,R,67177156840.64599,79258171216.33128,0.17983813164857843,False,0.17983813164857856,51
115.26852706866339,nnp,R,R,67400636933.54058,79198582115.7705,0.17504204290922498,False,0.1812246664930105,52
116.319813268492,nnp,R,R,67400636933.54058,78710678504.85919,0.16780318533889682,False,0.16780318533889702,52
117.31151996855624,nnp,R,R,67569559985.700264,78633704391.06027,0.16374450873590884,False,0.1717664065053464,53
118.14290666859597,nnp,R,R,67569559985.700264,78102041894.73688,0.15587613581123816,False,0.15587613581123813,53
119.18792476854287,nnp,R,R,67680395065.368935,78221767418.50575,0.15575222844008896,False,0.16659259226863954,54
120.0906337685883,nnp,R,R,67680395065.368935,78173804089.10413,0.15504355454190488,False,0.15504355454190502,54
121.30247166845948,nnp,R,R,67680397875.52655,77959557388.94312,0.15187794156176992,False,0.151878698049798,55
122.14568506856449,nnp,R,R,67680397875.52655,77959628019.90381,0.15187898515730014,False,0.15187898515730014,55
123.04502976848744,nnp,R,R,67804974974.77864,77634942501.54889,0.14497413398392522,False,0.1461486040566838,56
123.98519786866382,nnp,R,R,67804974974.77864,77706020167.97299,0.1460224002276711,False,0.14602240022767132,56
125.11633886862546,nnp,R,R,67805782602.92354,77706766963.02756,0.14601976380222648,False,0.1460367715462572,57
126.01738876849413,nnp,R,R,67805782602.92354,77260523384.20032,0.1394385614077276,False,0.13943856140772792,57
127.31320856860839,nnp,R,R,67886695414.5543,77260741556.39035,0.13808370085762545,False,0.138124460909033,59
128.3121363685932,nnp,R,R,67886695414.5543,77260827753.48932,0.13808497057768543,False,0.13810753041623328,59
129.3367564685177,nnp,R,R,67886695414.5543,77258311392.63025,0.13804790350815566,False,0.1380479035081557,59
130.42176606855355,nnp,R,R,67916478135.85417,76935919431.38539,0.13280195827424257,False,0.13821099954565108,60
131.57061956846155,nnp,R,R,67916478135.85417,76876009603.85722,0.1319198479355952,False,0.13191984793559508,60
132.6209150685463,nnp,R,R,67944521065.68492,76876112261.92241,0.13145417844071527,False,0.1314685184821758,62
133.54865756863728,nnp,R,R,67944521065.68492,76876138639.56483,0.13145456666395994,False,0.13146457698698344,62
134.5854256686289,nnp,R,R,67944521065.68492,76875005950.6103,0.1314378958723088,False,0.1314378958723088,62
135.60703656845726,nnp,R,R,68046488707.64227,76829160418.9588,0.12906869815209365,False,0.13389896944397003,63
136.3880119684618,nnp,R,R,68046488707.64227,76506201063.13658,0.12432254060662795,False,0.12432254060662795,63
137.43737116851844,nnp,R,R,68088683860.51012,76313421909.8996,0.12079449305025625,False,0.12107730709903207,64
138.32519106846303,nnp,R,R,68088683860.51012,76332678346.25798,0.12107730709903164,False,0.12107730709903163,64
139.38537076860666,nnp,R,R,68088684676.15273,76211981129.28824,0.1193046464588352,False,0.11930486096892488,65
140.2515814686194,nnp,R,R,68088684676.15273,76211995730.75536,0.11930486090661274,False,0.11930486090661284,65
141.1098902686499,nnp,R,R,68117641106.516365,76139297378.72462,0.1177618035783814,False,0.1179839778143454,66
141.98669406864792,nnp,R,R,68117641106.516365,76154431363.59315,0.11798397781434566,False,0.11798397781434579,66
143.06936866859905,nnp,R,R,68136822972.313194,76154485537.20195,0.1176700382427085,False,0.11767772042218205,68
144.06963756866753,nnp,R,R,68136822972.313194,76154496088.2403,0.1176701930934616,False,0.11767569595650476,68
145.03825756860897,nnp,R,R,68136822972.313194,76153891920.71828,0.11766132611822466,False,0.11766132611822483,68
146.16714296862483,nnp,R,R,68188861632.37291,76152169598.15929,0.11678311934167507,False,0.11774245719413488,69
147.55109216854908,nnp,R,R,68188861632.37291,76037002792.89865,0.11509418067187394,False,0.11509418067187431,69
148.55274526868016,nnp,R,R,68221176263.42451,75901982348.17447,0.11258683161796901,False,0.11286198614322458,70
149.43035946856253,nnp,R,R,68221176263.42451,75920753713.54868,0.11286198614332821,False,0.1128619861433285,70
150.4972697685007,nnp,R,R,68357089817.866615,75918627526.80528,0.11061819233507353,False,0.11067550885680992,71
151.42705856845714,nnp,R,R,68357089817.866615,75921019140.57892,0.11065317939757158,False,0.11065317939757183,71
152.37098876852542,nnp,R,R,68357269045.556335,75920561548.75302,0.11064357322636997,False,0.11064501386879205,72
153.25100816856138,nnp,R,R,68357269045.556335,75920364493.62851,0.1106406905025974,False,0.11064069050259763,72
154.17187296855263,nnp,R,R,68420448906.77226,75928082491.7326,0.10972792059856307,False,0.11076362696930567,73
154.9555266685784,nnp,R,R,68420448906.77226,75843313415.50758,0.10848897701401383,False,0.10848897701401408,73
156.02605876862071,nnp,R,R,68438793052.45137,75843359208.1418,0.10819252978373806,False,0.10819796421597865,75
156.96526236855425,nnp,R,R,68438793052.45137,75843367597.10564,0.10819265235988906,False,0.1081965455854258,75
157.9554580685217,nnp,R,R,68438793052.45137,75842998871.0839,0.10818726468419682,False,0.108187264684197,75
158.98077506851405,nnp,R,R,68445039262.44873,75843331969.8807,0.10809099953999057,False,0.12279942960058966,76
159.83912606863305,nnp,R,R,68445039262.44873,75926760620.79857,0.10930991404156543,False,0.10930991404156551,76
160.92420856864192,nnp,R,R,68552424437.33729,75924026159.99069,0.1075323270206392,False,0.10767131995520954,77
161.9141911685001,nnp,R,R,68552424437.33729,75927588528.88716,0.10758429263565139,False,0.10758429263565139,77
162.90059296856634,nnp,R,R,68554177351.40112,75939932941.42169,0.10773603995219738,False,0.10773621657841582,78
163.75478746858425,nnp,R,R,68554177351.40112,75795701178.78818,0.10563213077837408,False,0.10563213077837416,78
164.67736896849237,nnp,R,R,68556425280.002594,75643586684.45963,0.10337705584139179,False,0.10339402227587649,79
165.49823556863703,nnp,R,R,68556425280.002594,75644749842.55765,0.10339402227587646,False,0.10339402227587649,79
166.55317236855626,nnp,R,R,68556496310.38022,75521929172.6589,0.10160135416990435,False,0.10160269975638969,80
167.52098026848398,nnp,R,R,68556496310.38022,75522077003.51303,0.1016035105060955,False,0.10160351050609562,80
168.5659140686039,nnp,R,R,68557969392.34015,75524385209.50682,0.10161350866884078,False,0.10164580371126776,81
169.35309076867998,nnp,R,R,68557969392.34015,75526599292.13004,0.101645803712624,False,0.10164580371262408,81
170.35031666862778,nnp,R,R,68558862056.17993,75381831851.63249,0.09951988103101161,False,0.09952653776442813,82
171.29139336850494,nnp,R,R,68558862056.17993,75382288229.66783,0.09952653776395093,False,0.0995265377639512,82
172.23922216845676,nnp,R,R,68559044479.52583,75382660447.6842,0.0995290412805585,False,0.09953122953531313,83
173.36073166853748,nnp,R,R,68559044479.52583,75294191781.7178,0.09823864018704809,False,0.09823864018704835,83
174.37475416855887,nnp,R,R,68559044747.620674,75260820398.45016,0.09775188197997875,False,0.09775194995926757,84
175.42870596866123,nnp,R,R,68559044747.620674,75260818915.12598,0.0977518603442602,False,0.0977518603442603,84
176.3922431685496,nnp,R,R,68575653762.124756,75260957237.47415,0.0974880020617721,False,0.09978501714141995,85
177.24220946850255,nnp,R,R,68575653762.124756,75231757812.16922,0.09706220334600313,False,0.09706220334600336,85
178.2405863685999,nnp,R,R,68631330718.738075,75112999797.5468,0.09444183889383728,False,0.09509580866481358,86
179.19369396846741,nnp,R,R,68631330718.738075,75065762913.45659,0.09375356892157338,False,0.09375356892157352,86
180.21099286852404,nnp,R,R,68652701727.16512,75065822445.46463,0.09341395978538602,False,0.09341817011808964,88
181.35231786849909,nnp,R,R,68652701727.16512,75065832705.40286,0.09341410923235571,False,0.09341710565749811,88
182.2220450686291,nnp,R,R,68652701727.16512,75065672450.55722,0.09341177494919406,False,0.09341177494919424,88
183.33547596866265,nnp,R,R,68659347096.35537,74973100296.57365,0.09195766442925346,False,0.10577613125533926,89
185.0790358686354,nnp,R,R,68659347096.35537,75020659569.27531,0.09265034903394276,False,0.09265034903394277,89
186.4130015685223,nnp,R,R,68711003944.07937,74969354475.33781,0.09108221641400882,False,0.09110352772098612,90
187.2990993685089,nnp,R,R,68711003944.07937,74909668549.9722,0.09021356478705544,False,0.09021356478705567,90
188.51067766849883,nnp,R,R,68790007773.94283,74908151534.0302,0.08893942533329513,False,0.0889712574688195,91
189.38357476866804,nnp,R,R,68790007773.94283,74904971670.1848,0.08889319966843034,False,0.08889319966843028,91
190.50479806866497,nnp,R,R,68840440997.57495,74767476502.84605,0.08609816293129047,False,0.08631809919249472,92
191.44572696858086,nnp,R,R,68840440997.57495,74748619115.1878,0.08582423401124029,False,0.08582423401124045,92
192.42072236863896,nnp,R,R,68840585738.7937,74748824893.93352,0.08582494021125608,False,0.08582666935869288,93
193.54517426854,nnp,R,R,68840585738.7937,74678602356.18755,0.08480486554175193,False,0.08480486554175204,93
194.5705767686013,nnp,R,R,68840884051.03772,74583716155.4267,0.08342182387040986,False,0.08342422396081141,94
195.39064716850407,nnp,R,R,68840884051.03772,74583881379.77174,0.0834242239608114,False,0.0834242239608116,94
196.7123952684924,nnp,R,R,68845667251.49298,74588409893.88213,0.08341472850297071,False,0.08346220433498812,95
197.70594646851532,nnp,R,R,68845667251.49298,74479902465.97456,0.08183863181832107,False,0.08183863181832131,95
198.634250668576,nnp,R,R,68845725418.33327,74480020034.06845,0.08183942549082057,False,0.08184199719927816,96
199.68768606847152,nnp,R,R,68845725418.33327,74367469409.19383,0.08020460177169042,False,0.08020460177169078,96
200.51114796847105,nnp,R,R,68870270816.30263,74381401978.27536,0.08002191797201652,False,0.08020722915008466,97
201.37160906847566,nnp,R,R,68870270816.30263,74307568924.66025,0.07894985810148047,False,0.07894985810148059,97
202.55594696849585,nnp,R,R,68915530897.81209,74307179186.93779,0.0782356055142408,False,0.0782794137973038,99
203.43186026858166,nnp,R,R,68915530897.81209,74309025008.43279,0.0782623893388874,False,0.07826540362397605,99
204.3162576686591,nnp,R,R,68915530897.81209,74308388820.96405,0.07825315792964704,False,0.07825315792964727,99
205.45695446850732,nnp,R,R,68984352928.36115,74275418816.92639,0.0766995074094543,False,0.07696710665906518,100
206.22088116849773,nnp,R,R,68984352928.36115,74231998258.861,0.07607008122478764,False,0.07607008122478762,100
207.20684616849758,nnp,R,R,69013169099.87616,74182317139.53836,0.07490089365670749,False,0.075165263146324,101
208.06920436862856,nnp,R,R,69013169099.87616,74196732926.36699,0.07510977823651532,False,0.07510977823651514,101
208.98368376865983,nnp,R,R,69028199688.55147,74162595968.4067,0.0743811413744111,False,0.07450614194512446,102
209.86698516854085,nnp,R,R,69028199688.55147,74171224532.76308,0.0745061419451245,False,0.0745061419451244,102
210.78909396845847,nnp,R,R,69028240576.55313,74100390523.3338,0.07347934561877745,False,0.07348011514781798,103
211.79361396864988,nnp,R,R,69028240576.55313,74100408339.58482,0.07347960371967766,False,0.07347960371967763,103
212.72920546866953,nnp,R,R,69028268559.83772,74014409481.44708,0.07223331869156024,False,0.07223374312804386,104
213.88631606847048,nnp,R,R,69028268559.83772,74014428035.10371,0.07223358747501685,False,0.07223358747501686,104
215.20579526852816,nnp,R,R,69035153647.15942,73994289604.54549,0.07183493764252846,False,0.0719354721597443,105
216.03208216861822,nnp,R,R,69035153647.15942,73888408663.60338,0.07030121264376521,False,0.07030121264376528,105
217.13301866850816,nnp,R,R,69109394421.08342,73902245503.05261,0.06935165793475706,False,0.07051633594912464,106
218.06779966852628,nnp,R,R,69109394421.08342,73882118064.4872,0.06906041766657056,False,0.0690604176665708,106
218.91965956846252,nnp,R,R,69112492470.48808,73884724120.6279,0.06905020322017208,False,0.06915010993109334,107
219.79383396846242,nnp,R,R,69112492470.48808,73788192955.33954,0.06765347794174903,False,0.06765347794174886,107
220.82577456859872,nnp,R,R,69122797072.56113,73788164753.89941,0.06749390763861673,False,0.0674952657011121,109
221.77371466858312,nnp,R,R,69122797072.56113,73788167965.94318,0.06749395410727677,False,0.06749503879620707,109
222.67088736849837,nnp,R,R,69122797072.56113,73788109575.23112,0.06749310936842767,False,0.06749310936842766,109
223.9657545685768,nnp,R,R,69174108218.40814,73768414424.97601,0.06641655852016126,False,0.06674321793467501,110
224.8609595685266,nnp,R,R,69174108218.40814,73742840383.0206,0.06604685311138803,False,0.06604685311138786,110
225.9371785686817,nnp,R,R,69175274683.643,73769509642.33305,0.06641440861204684,False,0.06644854690698786,111
226.82893436867744,nnp,R,R,69175274683.643,73694988348.98178,0.0653371263939122,False,0.06533712639391198,111
227.85046776849777,nnp,R,R,69175279787.43744,73629303597.56902,0.06438750697963136,False,0.06438754833966077,112
228.6970468685031,nnp,R,R,69175279787.43744,73629306458.66064,0.06438754833966098,False,0.06438754833966077,112
229.81619856855832,nnp,R,R,69210247275.15479,73629175205.93802,0.06384788531697017,False,0.06385700877887657,113
230.70348386862315,nnp,R,R,69210247275.15479,73629584445.50084,0.0638537983078773,False,0.06385379830787724,113
231.69373226864263,nnp,R,R,69210307494.83604,73580646570.27715,0.06314578324575693,False,0.06314702703475011,114
232.72168006864376,nnp,R,R,69210307494.83604,73580752071.86714,0.06314730760815057,False,0.0631473076081503,114
233.79949306859635,nnp,R,R,69210307566.60081,73562561089.04576,0.06288447018179766,False,0.06288448796040043,115
234.97617206862196,nnp,R,R,69210307566.60081,73562564994.85094,0.0628845266156628,False,0.06288452661566275,115
236.0412079684902,nnp,R,R,69250440998.1356,73560199120.73323,0.062234378012316904,False,0.06255015802657671,116
236.92149986862205,nnp,R,R,69250440998.1356,73530842112.67752,0.0618104527977974,False,0.06181045279779725,116
237.830248268554,nnp,R,R,69282720101.68343,73522243437.94249,0.061191641004234354,False,0.06206036915272,117
238.8088828686159,nnp,R,R,69282720101.68343,73451142687.86823,0.06016540026238837,False,0.06016540026238804,117
239.79509606864303,nnp,R,R,69283526949.84178,73411123712.36041,0.05957544230545353,False,0.05957549651396406,118
240.67003056849353,nnp,R,R,69283526949.84178,73353164103.9858,0.05873888546537542,False,0.05873888546537516,118
241.89256316865794,nnp,R,R,69318598101.55048,73306117771.57542,0.05752452847045908,False,0.05799210198539631,119
242.9024173684884,nnp,R,R,69318598101.55048,73283518431.67944,0.05719850716427399,False,0.05719850716427403,119
243.90027886861935,nnp,R,R,69355879725.36133,73274566310.4636,0.056501144540587855,False,0.05677122831813086,120
244.89519356866367,nnp,R,R,69355879725.36133,73253133916.23486,0.05619212395987283,False,0.05619212395987271,120
245.84128136863,nnp,R,R,69355934136.84734,73253184664.02808,0.0561920270512255,False,0.056192800565464995,121
246.68485786858946,nnp,R,R,69355934136.84734,73191329778.45961,0.055300179996777166,False,0.05530017999677702,121
247.6857925686054,nnp,R,R,69356007489.76385,73133532874.94327,0.05446572722250376,False,0.05446632782702011,122
248.70653766859323,nnp,R,R,69356007489.76385,73133574530.47139,0.054466327826973915,False,0.054466327826973665,122
249.72880676854402,nnp,R,R,69383243051.27946,73089671100.5964,0.05341964264451593,False,0.053781769284719005,123
250.58579616853967,nnp,R,R,69383243051.27946,73068920121.74232,0.05312056497184581,False,0.05312056497184574,123
251.74511366849765,nnp,R,R,69410587917.363,73068594765.01468,0.0527009921311532,False,0.05270581409424864,124
252.62279186863452,nnp,R,R,69410587917.363,73068583176.47096,0.05270082517472696,False,0.052700825174726636,124
253.4706514684949,nnp,R,R,69410635260.81703,73014817119.91595,0.051925498816656424,False,0.05192607554773494,125
254.3334649684839,nnp,R,R,69410635260.81703,73014857623.77875,0.0519260823563783,False,0.051926082356378196,125
255.21251186868176,nnp,R,R,69411289042.02945,72986493163.12483,0.05150753098578176,False,0.05151274202694466,126
256.0396395686548,nnp,R,R,69411289042.02945,72986854868.20854,0.05151274202693523,False,0.05151274202693504,126
257.0438470686786,nnp,R,R,69442286628.67873,72969389505.83127,0.05079185966344446,False,0.051060459612352456,127
258.2296658686828,nnp,R,R,69442286628.67873,72985561324.86232,0.0510247410937108,False,0.0510247410937107,127
259.51414686860517,nnp,R,R,69443531254.8872,72946708050.73802,0.05044640922698296,False,0.050455740902154544,128
260.59144836850464,nnp,R,R,69443531254.8872,72947356075.21448,0.050455740902154655,False,0.050455740902154544,128
262.0192045685835,nnp,R,R,69452637153.50888,72947148492.34203,0.05031502736331439,False,0.05031539697149712,129
263.5705878685694,nnp,R,R,69452637153.50888,72947136471.53104,0.050314854284055244,False,0.050314854284054925,129
265.2705051684752,nnp,R,R,69456813057.26805,72942213272.68652,0.05018082549432146,False,0.05022861545236481,130
266.4907319685444,nnp,R,R,69456813057.26805,72945532610.86838,0.05022861545236501,False,0.05022861545236482,130
267.7578557685483,nnp,R,R,69481210978.97531,72945372746.36655,0.049857532973043295,False,0.049863685954671166,131
268.79462406854145,nnp,R,R,69481210978.97531,72944680266.64355,0.04984756654164069,False,0.04984756654164038,131
269.9798490686808,nnp,R,R,69481238644.24503,72907877680.4726,0.049317471926090706,False,0.049318018669547235,132
271.1085624685511,nnp,R,R,69481238644.24503,72907952034.46246,0.04931854205655073,False,0.049318542056550584,132
272.4097530685831,nnp,R,R,69485371436.35707,72907942288.4209,0.04925599131608038,False,0.0492560222354049,133
273.34386826865375,nnp,R,R,69485371436.35707,72907941759.32925,0.04925598370164841,False,0.049255983701648166,133
274.4298754686024,nnp,R,R,69487307177.85359,72907481411.12048,0.04922012914549878,False,0.04936889065448205,134
275.454051368637,nnp,R,R,69487307177.85359,72912030906.6208,0.049285601469655216,False,0.0492856014696552,134
276.5007119686343,nnp,R,R,69515133355.89899,72896303943.22131,0.04863934547908633,False,0.048834893988125884,135
277.4832095685415,nnp,R,R,69515133355.89899,72897016161.15614,0.04864959098823585,False,0.04864959098823557,135
279.0131206684746,nnp,R,R,69528834833.6719,72896662263.12054,0.04843785225950081,False,0.04843884770443213,136
280.04809946846217,nnp,R,R,69528834833.6719,72896622875.72316,0.04843728576938955,False,0.04843728576938934,136
281.23857466853224,nnp,R,R,69528849541.38805,72896589035.17392,0.04843657727690687,False,0.04843682642551451,137
282.6880773685407,nnp,R,R,69528849541.38805,72896554657.1351,0.04843608283411016,False,0.04843608283410996,137
283.88739556865767,nnp,R,R,69534086764.27826,72896553598.39476,0.04835710067661236,False,0.04835791736359667,138
284.74990406865254,nnp,R,R,69534086764.27826,72896536329.39592,0.04835685232361531,False,0.04835685232361516,138
285.89588846848346,nnp,R,R,69545169389.10168,72878033394.2723,0.047923731215943954,False,0.04816711149773832,139
286.88619816862047,nnp,R,R,69545169389.10168,72874124831.78262,0.04786752943336148,False,0.047867529433361394,139
288.0707733684685,nnp,R,R,69545193558.43744,72841968913.76851,0.0474047908510149,False,0.047405268050814714,140
289.1941801686771,nnp,R,R,69545193558.43744,72842000292.9053,0.04740524205598229,False,0.047405242055982046,140
290.15098936855793,nnp,R,R,69545604021.31822,72824509305.37375,0.04714755634375423,False,0.04715104692164602,141
291.1139201684855,nnp,R,R,69545604021.31822,72824752059.72163,0.04715104692164629,False,0.04715104692164605,141
292.2977374684997,nnp,R,R,69557866247.39507,72824558267.74207,0.04696366056900625,False,0.0469649803434244,143
293.4079080685042,nnp,R,R,69557866247.39507,72824589685.70749,0.04696411224998953,False,0.046964557503977,143
294.5365637685172,nnp,R,R,69557866247.39507,72824527791.05179,0.04696322242028317,False,0.046963222420282905,143
295.72242216859013,nnp,R,R,69585925632.38298,72837430196.66797,0.04672646853132956,False,0.04672820564746695,144
296.9065926684998,nnp,R,R,69585925632.38298,72837551075.02689,0.046728205640634624,False,0.046728205640634526,144
298.27535236859694,nnp,R,R,69636397859.3695,72822895491.0963,0.04575908188361377,False,0.04597522084105191,145
299.4154450686183,nnp,R,R,69636397859.3695,72812988580.50153,0.045616815613397144,False,0.04561681561339711,145
300.0933417684864,nnp,R,R,69636401793.1971,72991789078.04318,0.04818438630431765,False,0.0481862702219701,146
16.012774877948686,nnn,R,R,11111433767.39379,898133774820.6411,79.82969251512718,False,,1
18.761465178104118,nnn,R,R,11111433767.39379,111629315789.12445,9.046346684502385,False,9.052974922261912,1
19.919034977909178,nnn,R,R,23857061581.613873,115961364452.51125,3.860672554153953,False,5.04683484350941,2
20.847639678046107,nnn,R,R,23857061581.613873,82467898259.63791,2.456750026717211,False,2.456750026717213,2
21.795639477903023,nnn,R,R,31002041513.911167,94206499158.59799,2.038719211969504,False,2.6572051824890948,3
22.498980978038162,nnn,R,R,31002041513.911167,103284807705.90785,2.3315485904230573,False,2.3315485904230573,3
23.693365178070962,nnn,R,R,36819516895.99823,103242678149.47452,1.8040204449476511,False,2.0352995097516895,4
24.788659777957946,nnn,R,R,36819516895.99823,96211516654.59653,1.6130575511449305,False,1.6130575511449297,4
25.853142278036103,nnn,R,R,41388299278.891,95306384398.24687,1.302737393388265,False,1.490216455221644,5
27.430115777999163,nnn,R,R,41388299278.891,102334910499.56342,1.472556550584252,False,1.4725565505842513,5
28.458579678088427,nnn,R,R,42207681340.34809,100680001315.22826,1.3853478352288455,False,1.4140873510794298,6
29.203044078079984,nnn,R,R,42207681340.34809,98468438771.90482,1.3329506773397362,False,1.3329506773397355,6
30.486361677991226,nnn,R,R,44342774786.68075,92168230694.39,1.0785399907376703,False,1.2359221235437157,7
31.316707578022033,nnn,R,R,44342774786.68075,87171143481.67836,0.9658477373378533,False,0.9658477373378525,7
32.48038687789813,nnn,R,R,47238125751.94647,80678329077.91646,0.7079070728074359,False,0.7474108564444029,8
33.35324657801539,nnn,R,R,47238125751.94647,81763988597.4858,0.7308897695653529,False,0.7308897695653528,8
34.30796807794832,nnn,R,R,49415285613.771515,76268572955.97942,0.5434206644497097,False,0.5729031693306972,9
35.15703607792966,nnn,R,R,49415285613.771515,76120970213.87439,0.5404336789396251,False,0.5404336789396255,9
36.353814078029245,nnn,R,R,49416039043.321,71156345555.85475,0.43994433656398324,False,0.4399589041685835,10
37.2798766780179,nnn,R,R,49416039043.321,71157065429.17468,0.4399589041686287,False,0.43995890416862876,10
38.296463578008115,nnn,R,R,50139952821.03652,71465216557.78365,0.42531479462820676,False,0.5884022108746878,11
39.482821377925575,nnn,R,R,50139952821.03652,71735374620.93642,0.4307028743521155,False,0.4307028743521153,11
40.67598817800172,nnn,R,R,51381406719.1712,69861313116.81326,0.35966135568543933,False,0.37771221675787164,12
41.65839567803778,nnn,R,R,51381406719.1712,69519413495.81416,0.3530072050338666,False,0.35300720503386646,12
42.69802747806534,nnn,R,R,51381406719.16833,67397629545.5124,0.31171242379335373,False,0.31171242379346603,13
43.53806017804891,nnn,R,R,51381406719.16833,67397629545.50847,0.31171242379327735,False,0.31171242379327724,13
44.418525878107175,nnn,R,R,51659366117.83483,66992457489.23502,0.29681145015263,False,0.29681790501234007,14
45.31459187809378,nnn,R,R,51659366117.83483,65596035578.27556,0.26978010974140165,False,0.2697801097414016,14
46.626674877945334,nnn,R,R,52311908380.25205,64525288258.024765,0.23347226770995255,False,0.24560855266985332,15
47.84809157811105,nnn,R,R,52311908380.25205,65160161300.33372,0.24560856825731725,False,0.24560856825731744,15
49.00709367799573,nnn,R,R,52993104786.53381,64542413744.11075,0.21793984338339345,False,0.23488180675778866,16
50.033188878092915,nnn,R,R,52993104786.53381,64495084784.60025,0.2170467279544872,False,0.21704672795448707,16
51.136821877909824,nnn,R,R,53137641922.5836,63684111667.23085,0.19847455331217811,False,0.21329773240708502,17
51.99442437803373,nnn,R,R,53137641922.5836,63367346857.25285,0.19251334015861943,False,0.1925133401586192,17
52.96406227792613,nnn,R,R,53235730324.61749,62551507687.35466,0.17499106907958262,False,0.20543643325942076,18
54.804926577955484,nnn,R,R,53235730324.61749,62355113602.43116,0.17130192865216776,False,0.17130192865216776,18
55.74973107804544,nnn,R,R,53763315776.90026,62883121512.21549,0.16962878132664594,False,0.16989058180882707,20
56.54482307797298,nnn,R,R,53763315776.90026,62859855500.08779,0.16919603249425919,False,0.1692405545880321,20
57.40389357809909,nnn,R,R,53763315776.90026,62857811129.39717,0.16915800711094553,False,0.16915800711094572,20
58.36128837801516,nnn,R,R,53948452553.18358,62453559895.327126,0.15765248009215882,False,0.1595341888480397,21
59.16630717809312,nnn,R,R,53948452553.18358,62555072295.64282,0.15953413555235252,False,0.15953413555235255,21
60.16224377788603,nnn,R,R,54248015329.172134,62184859655.49604,0.14630663035622304,False,0.1510748786438832,22
60.90622347802855,nnn,R,R,54248015329.172134,61988975903.284996,0.1426957378466549,False,0.1426957378466549,22
62.05568807804957,nnn,R,R,54264057826.4273,61563432436.836334,0.13451582691728126,False,0.13944685249169822,23
62.891491478076205,nnn,R,R,54264057826.4273,61465905124.34461,0.1327185541662519,False,0.13271855416625183,23
63.91260817809962,nnn,R,R,54264110487.585175,61264471543.99099,0.12900535903942245,False,0.12900589471135535,24
64.75613047811203,nnn,R,R,54264110487.585175,61264500611.75813,0.1290058947114694,False,0.1290058947114693,24
65.6501621780917,nnn,R,R,54456099056.229805,61140491942.57316,0.12274828719261066,False,0.12290730915881568,25
66.45807607797906,nnn,R,R,54456099056.229805,60955940898.04675,0.119359299591133,False,0.1193592995911329,25
67.51222707796842,nnn,R,R,54507582169.55441,60803269538.09782,0.11550113063095835,False,0.11550202272639057,26
68.44108567805961,nnn,R,R,54507582169.55441,60392693549.92743,0.10796867419410483,False,0.10796867419410469,26
69.50614777789451,nnn,R,R,54531674813.11581,60381585084.86619,0.10727545581166309,False,0.10728580110701942,27
70.33546317811124,nnn,R,R,54531674813.11581,60382069389.721306,0.10728433697764173,False,0.10728433697764168,27
71.37627867795527,nnn,R,R,54564158771.981285,60372694905.03565,0.1064533251090285,False,0.10645678013401723,28
72.28789817797951,nnn,R,R,54564158771.981285,60372317912.21094,0.10644641594313642,False,0.10644641594313634,28
73.66648227791302,nnn,R,R,54662433933.18165,60394611201.429115,0.10486502074266157,False,0.1053979996783447,29
74.77377237798646,nnn,R,R,54662433933.18165,60423745127.28877,0.10539799967834673,False,0.10539799967834648,29
75.69021397805773,nnn,R,R,54663233062.392494,60424193633.0782,0.10539004460475576,False,0.10539857338987635,30
76.52509297803044,nnn,R,R,54663233062.392494,60418902304.65907,0.10529324593181433,False,0.10529324593181405,30
77.5343104780186,nnn,R,R,54663288954.2849,60418934325.77997,0.10529270158457793,False,0.10529327701919568,31
78.45140277803876,nnn,R,R,54663288954.2849,60418965780.928215,0.1052932770191859,False,0.1052932770191857,31
79.4236891779583,nnn,R,R,54739823481.47512,60226704998.61055,0.10023564505998594,False,0.10108337125375698,32
80.23892587795854,nnn,R,R,54739823481.47512,60273108858.11431,0.1010833617048792,False,0.10108336170487893,32
81.31886197789572,nnn,R,R,54766711546.57779,60313006051.62362,0.10127127133293068,False,0.11949804860583377,33
83.02842717804015,nnn,R,R,54766711546.57779,60608635770.16816,0.10666925324924703,False,0.10666925324924671,33
84.18979147798382,nnn,R,R,54830713862.70495,60475593847.98134,0.10295105767564983,False,0.10295194729512887,34
85.05526947788894,nnn,R,R,54830713862.70495,60155941802.439064,0.09712125859000098,False,0.09712125859000079,34
86.04260217794217,nnn,R,R,54830718106.67185,60155941073.710106,0.09712116038090479,False,0.09712125269541949,35
86.91190437809564,nnn,R,R,54830718106.67185,60155930950.4224,0.09712097575287038,False,0.09712097575287001,35
87.8910311779473,nnn,R,R,54830750033.514626,59923169763.414345,0.09287525205814329,False,0.09287557901735048,36
88.74714347789995,nnn,R,R,54830750033.514626,59923187690.83292,0.09287557901735077,False,0.0928755790173502,36
89.75136767793447,nnn,R,R,54845711821.76976,59919384005.998634,0.092508092532678,False,0.0925134705509419,37
90.54673587810248,nnn,R,R,54845711821.76976,59919567314.80391,0.09251143479589596,False,0.09251143479589559,37
91.52715257788077,nnn,R,R,54865820377.859406,59855024244.16337,0.0909346444096426,False,0.09116220149326838,38
92.3530793779064,nnn,R,R,54865820377.859406,59867509350.24143,0.09116220149330734,False,0.09116220149330716,38
93.45572577789426,nnn,R,R,54866462534.257195,59827088258.85632,0.09041271289363406,False,0.09041974451015647,39
94.48967867810279,nnn,R,R,54866462534.257195,59644991940.24036,0.0870938125999936,False,0.08709381259999323,39
95.39691567793489,nnn,R,R,54881364407.33522,59688175328.56793,0.08758548503925767,False,0.0875953589720822,40
96.26147337793373,nnn,R,R,54881364407.33522,59687092100.29949,0.0875657474055429,False,0.08756574740554263,40
97.2327881779056,nnn,R,R,54964147021.90639,59582187447.92213,0.08401914113531461,False,0.08547783822474224,41
97.99370187800378,nnn,R,R,54964147021.90639,59514597227.19707,0.08278942641422349,False,0.08278942641422317,41
98.87904367805459,nnn,R,R,55078334432.95528,59625165119.39854,0.08255207302933143,False,0.0825673476703693,42
99.76336017809808,nnn,R,R,55078334432.95528,59623879544.177376,0.08252873217789869,False,0.08252873217789844,42
100.6615996779874,nnn,R,R,55078444143.559685,59623944535.28781,0.08252775586544292,False,0.08252885589984581,43
101.50357707799412,nnn,R,R,55078444143.559685,59621894818.43374,0.08249054136372735,False,0.08249054136372724,43
102.56988107808866,nnn,R,R,55107476875.78028,59542770397.79076,0.08048442377444043,False,0.08284695847642914,44
103.38947387808003,nnn,R,R,55107476875.78028,59526268611.76931,0.08018497645881317,False,0.08018497645881292,44
104.41071677790023,nnn,R,R,55107513721.50139,59526287234.37826,0.08018459216302465,False,0.08018501357518366,45
105.30250637792051,nnn,R,R,55107513721.50139,59383296808.37512,0.07758983844711986,False,0.07758983844711945,45
106.31240777811036,nnn,R,R,55107514323.70532,59383297115.756836,0.07758983224928762,False,0.07758983908210519,46
107.21135847805999,nnn,R,R,55107514323.70532,59376844908.28382,0.0774727482626083,False,0.07747274826260797,46
108.06077977805398,nnn,R,R,55107547020.96305,59376861434.171394,0.0774724088441876,False,0.07747278280928406,47
108.91659377794713,nnn,R,R,55107547020.96305,59289622307.540375,0.0758893384419097,False,0.07588933844190963,47
109.91862257802859,nnn,R,R,55212187571.56532,59280687706.71102,0.07368844297053356,False,0.07444813600447558,48
110.75952497799881,nnn,R,R,55212187571.56532,59284921632.20388,0.07376512758817122,False,0.07376512758817101,48
111.81218377803452,nnn,R,R,55244145132.66068,59301785564.281334,0.07344923922484137,False,0.07381569308733063,49
112.93436077795923,nnn,R,R,55244145132.66068,59203563063.380424,0.07167126799069434,False,0.07167126799069434,49
114.11866907798685,nnn,R,R,55249432665.65628,59094227331.04201,0.06958975829946756,False,0.07119056199160623,50
115.15678327810019,nnn,R,R,55249432665.65628,59059778637.83563,0.06896624613754465,False,0.06896624613754443,50
116.08436397789046,nnn,R,R,55326535282.57202,59020539573.02372,0.06676731647093259,False,0.06708577844584415,51
116.9612404780928,nnn,R,R,55326535282.57202,58971518347.52299,0.06588128185390163,False,0.06588128185390138,51
117.9539469780866,nnn,R,R,55328925486.1861,58990071575.11204,0.0661705619032853,False,0.06617072957957225,52
118.7817128780298,nnn,R,R,55328925486.1861,58990053020.77774,0.06617022655727722,False,0.06617022655727704,52
119.71550437808037,nnn,R,R,55329017062.2098,58990102683.43285,0.06616935950817027,False,0.06617034818612454,53
120.49473187793046,nnn,R,R,55329017062.2098,58889796736.43737,0.06435646001489537,False,0.06435646001489506,53
121.48672977788374,nnn,R,R,55329024197.96098,58796910941.36583,0.06267753306107737,False,0.06267761390115562,54
122.34373787790537,nnn,R,R,55329024197.96098,58796915414.1685,0.062677613901156,False,0.06267761390115577,54
123.33670297800563,nnn,R,R,55329270250.62936,58797052667.5039,0.06267536877255475,False,0.06267805207650157,55
124.14172727800906,nnn,R,R,55329270250.62936,58734230322.804695,0.06153994182015454,False,0.061539941820154286,55
125.14018627791665,nnn,R,R,55357999956.101746,58665237635.41156,0.059742723399190956,False,0.060040630307351905,56
125.99160567810759,nnn,R,R,55357999956.101746,58681729166.02047,0.06004063030735218,False,0.06004063030735174,56
126.93208137806505,nnn,R,R,55394150099.00722,58641835083.078735,0.058628663464767694,False,0.05864903171385796,57
128.37055807793513,nnn,R,R,55394150099.00722,58643007869.48948,0.05864983513016275,False,0.05864983513016248,57
129.38329507806338,nnn,R,R,55421708010.66446,58587719036.907265,0.057125829208179324,False,0.058487040964585034,58
130.3093155780807,nnn,R,R,55421708010.66446,58557877165.244545,0.05658737825215732,False,0.056587378252156983,58
131.28850227803923,nnn,R,R,55437857133.40023,58519289800.278885,0.05558354572514945,False,0.057797752842052824,59
132.17843187809922,nnn,R,R,55437857133.40023,58534605181.86105,0.055859807874772516,False,0.055859807874772266,59
133.52251557796262,nnn,R,R,55440407466.2748,58508223228.50042,0.05533537544960887,False,0.05533601419132864,60
134.3435985778924,nnn,R,R,55440407466.2748,58431275151.81973,0.053947433329459615,False,0.0539474333294592,60
135.23806167789735,nnn,R,R,55448059882.679306,58454216779.3797,0.05421572735026303,False,0.05421963888680687,61
136.03577347798273,nnn,R,R,55448059882.679306,58453783177.063614,0.054207907377535225,False,0.05420790737753482,61
136.99362627789378,nnn,R,R,55473135623.40936,58453813361.86746,0.0537319137445742,False,0.05514515807945826,62
137.7758138780482,nnn,R,R,55473135623.40936,58491215720.94399,0.05440615648669067,False,0.05440615648669055,62
138.7569726780057,nnn,R,R,55473139331.8062,58491217789.92011,0.054406123296206976,False,0.05440616150115502,63
139.61829927796498,nnn,R,R,55473139331.8062,58491219909.268555,0.054406161501155736,False,0.054406161501155334,63
140.53112017805688,nnn,R,R,55527572111.04824,58541616211.3628,0.054280134818191605,False,0.054287839611891084,64
141.2398602780886,nnn,R,R,55527572111.04824,58541000960.6841,0.05426905472490984,False,0.05426905472490958,64
142.12891047797166,nnn,R,R,55542485085.215706,58506508285.29573,0.053364972696711144,False,0.0535295881879312,65
142.94038887810893,nnn,R,R,55542485085.215706,58515651416.90183,0.053529587794362454,False,0.05352958779436245,65
143.95902867801487,nnn,R,R,55542490097.182106,58453187631.54769,0.05240488010661326,False,0.05240492677661722,66
144.80403307802044,nnn,R,R,55542490097.182106,58453190223.71596,0.05240492677661779,False,0.05240492677661754,66
145.6618777778931,nnn,R,R,55542495069.23938,58450324620.94405,0.052353239588530665,False,0.0523532858869079,67
146.47478807810694,nnn,R,R,55542495069.23938,58450327192.47145,0.05235328588690802,False,0.052353285886907845,67
147.455349778058,nnn,R,R,55568569643.64937,58449443866.46923,0.05184359146356221,False,0.05185511928076461,69
148.34837287804112,nnn,R,R,55568569643.64937,58449252713.45774,0.051840151515175625,False,0.051849339686586435,69
149.1484123780392,nnn,R,R,55568569643.64937,58448233079.12072,0.05182180239545642,False,0.051821802395455925,69
149.95954697788693,nnn,R,R,55586730249.44918,58424580317.565544,0.05105265331098474,False,0.05105286528917827,70
151.32129387790337,nnn,R,R,55586730249.44918,58386825567.598976,0.05037344894337514,False,0.05037344894337487,70
152.27977827796713,nnn,R,R,55592952470.13184,58354782147.00087,0.049679492708232464,False,0.04974244909529026,71
153.13912857789546,nnn,R,R,55592952470.13184,58358282078.4343,0.04974244909529091,False,0.04974244909529041,71
154.17024827795103,nnn,R,R,55592987172.66537,58320681396.12947,0.049065437246467836,False,0.04906576666014539,72
155.04388187802397,nnn,R,R,55592987172.66537,58320699709.21983,0.049065766660145504,False,0.04906576666014536,72
155.92233427800238,nnn,R,R,55593043522.75732,58320731328.22928,0.04906527206691558,False,0.04906585801058174,73
156.74186277808622,nnn,R,R,55593043522.75732,58269942280.121155,0.048151685673910594,False,0.04815168567391032,73
157.64491057791747,nnn,R,R,55604410768.172386,58263684596.51354,0.047824872012910635,False,0.04793940786551254,74
158.451463178033,nnn,R,R,55604410768.172386,58232631605.29759,0.047266409279703714,False,0.04726640927970351,74
159.30178757803515,nnn,R,R,55610040827.9381,58235874838.39595,0.047218703157985153,False,0.04727593354852066,75
160.1355370779056,nnn,R,R,55610040827.9381,58239057422.75017,0.047275933548519555,False,0.04727593354851922,75
161.04316287790425,nnn,R,R,55620928348.99207,58227811853.28074,0.04686875213466135,False,0.046868971504820535,76
161.8212071780581,nnn,R,R,55620928348.99207,58227824054.85113,0.04686897150479319,False,0.046868971504792904,76
162.7227286780253,nnn,R,R,55647815208.199326,58193656711.55688,0.045749172610507705,False,0.04621624437451208,77
163.50530327809975,nnn,R,R,55647815208.199326,58173301670.74465,0.04538338932259123,False,0.04538338932259103,77
164.55004497803748,nnn,R,R,55660086559.676346,58180179959.11321,0.045276490842947714,False,0.04528557576731689,78
166.09960697800852,nnn,R,R,55660086559.676346,58157062542.16291,0.04486115880918384,False,0.04486115880918363,78
167.01117117796093,nnn,R,R,55661213222.43703,58175571897.19605,0.04517254528231307,False,0.04517274986769373,79
167.85831107804552,nnn,R,R,55661213222.43703,58148425230.89067,0.044684832838876254,False,0.044684832838875935,79
168.83778287796304,nnn,R,R,55661216428.15925,58104474417.74442,0.043895159796563776,False,0.04389519719138631,80
169.68901697802357,nnn,R,R,55661216428.15925,58104476499.185745,0.04389519719138657,False,0.04389519719138631,80
170.51585747790523,nnn,R,R,55664556245.09328,58072734737.18363,0.04326233162601789,False,0.044256559126386666,81
171.54598817788064,nnn,R,R,55664556245.09328,58080583743.46744,0.04340333708466648,False,0.04340333708466605,81
172.5285258779768,nnn,R,R,55664556245.09369,58037667933.494194,0.0426323651616225,False,0.04263236516162626,82
173.3342808780726,nnn,R,R,55664556245.09369,58037667933.49442,0.042632365161626495,False,0.042632365161626246,82
174.4738204779569,nnn,R,R,55670632928.56437,58029354416.35143,0.04236922347934757,False,0.0423863735176028,83
175.31818787800148,nnn,R,R,55670632928.56437,57991250689.76369,0.041684774164092886,False,0.04168477416409266,83
176.56413037795573,nnn,R,R,55670634759.4997,57991251808.235756,0.04168475999530541,False,0.04168478071032064,84
177.4560917778872,nnn,R,R,55670634759.4997,57991252961.45381,0.04168478071032089,False,0.04168478071032064,84
178.47850957792252,nnn,R,R,55680879946.56859,57990725199.66234,0.04148363415431433,False,0.04156266173384095,86
179.42432297789492,nnn,R,R,55680879946.56859,57990988054.92395,0.04148835489978153,False,0.04150936048416937,86
180.3119113780558,nnn,R,R,55680879946.56859,57988659284.31594,0.04144653137597509,False,0.041446531375974593,86
181.2589415779803,nnn,R,R,55710219537.262276,57955686321.59221,0.04030619162841442,False,0.04053972648806694,87
182.0464139780961,nnn,R,R,55710219537.262276,57955622840.07207,0.040305052133351005,False,0.04030505213335079,87
182.9486966780387,nnn,R,R,55710262289.17371,57956261629.84161,0.04031572009138373,False,0.04031617914401479,88
183.80426707793958,nnn,R,R,55710262289.17371,57934746965.7166,0.0399295315645134,False,0.03992953156451325,88
184.76851897803135,nnn,R,R,55710262345.80778,57934746995.60275,0.039929531043796374,False,0.03992953165548444,89
185.6367407781072,nnn,R,R,55710262345.80778,57933757042.78494,0.03991176137666286,False,0.039911761376662594,89
186.61218157806434,nnn,R,R,55710264751.38132,57933758328.501144,0.039911739551815595,False,0.03991176524148364,90
187.5087927780114,nnn,R,R,55710264751.38132,57899166366.72624,0.03929081337368179,False,0.039290813373681364,90
188.37249717791565,nnn,R,R,55736403310.383835,57899889028.44154,0.03881638551396516,False,0.03899591175442276,91
189.26042117807083,nnn,R,R,55736403310.383835,57894557719.99715,0.03872073333463977,False,0.03872073333463969,91
190.284710977925,nnn,R,R,55751302127.44678,57896473448.3028,0.038477510640956725,False,0.03857623962468149,92
191.166124277981,nnn,R,R,55751302127.44678,57877232872.545334,0.03813239626652498,False,0.03813239626652474,92
192.09238127805293,nnn,R,R,55759095830.0199,57863717592.77361,0.037744904780550925,False,0.037744996728866144,93
192.9037108779885,nnn,R,R,55759095830.0199,57835344207.29588,0.03723604815267034,False,0.03723604815267023,93
193.80720657808706,nnn,R,R,55764607869.41534,57813833071.78001,0.036747773913579085,False,0.037376425392900654,94
194.5663177780807,nnn,R,R,55764607869.41534,57811780502.62767,0.036710966174212656,False,0.03671096617421225,94
195.44046837789938,nnn,R,R,55764610034.37623,57811781659.74269,0.03671094667575869,False,0.036710969773337904,95
196.32868367806077,nnn,R,R,55764610034.37623,57780651043.41461,0.03615269626732065,False,0.03615269626732032,95
197.18819097802043,nnn,R,R,55783519568.89093,57775687562.23438,0.03571248298313612,False,0.036026193440527994,96
198.11385207809508,nnn,R,R,55783519568.89093,57741704930.29755,0.0351032953198358,False,0.035103295319835436,96
199.19948177807964,nnn,R,R,55789574490.03184,57733754752.64583,0.03484845117363933,False,0.034869282718178934,97
200.00349147804081,nnn,R,R,55789574490.03184,57731459394.45525,0.03480730803513077,False,0.0348073080351306,97
200.98252677801065,nnn,R,R,55795410584.919945,57727649173.79791,0.03463077999824238,False,0.034688944628556734,98
201.8222601779271,nnn,R,R,55795410584.919945,57707969399.49171,0.03427806686108825,False,0.034278066861088155,98
202.82856987789273,nnn,R,R,55795412056.55477,57680878227.61245,0.03379249478696478,False,0.03379250920590094,99
203.6672437780071,nnn,R,R,55795412056.55477,57680879032.12293,0.03379250920590082,False,0.0337925092059007,99
204.69371627806686,nnn,R,R,55795412084.90569,57680279072.21734,0.03378175582686582,False,0.03378175610506347,100
205.50829457794316,nnn,R,R,55795412084.90569,57680279087.7395,0.03378175610506373,False,0.03378175610506357,100
206.36026877793483,nnn,R,R,55795413516.98812,57653915746.703865,0.03330922942528036,False,0.03330924345668582,101
207.20884677791037,nnn,R,R,55795413516.98812,57653916529.59178,0.03330924345668307,False,0.03330924345668293,101
208.0836756778881,nnn,R,R,55798140895.29603,57644981431.60986,0.0330986034065075,False,0.03309874525417111,102
208.8601335780695,nnn,R,R,55798140895.29603,57618745256.399864,0.032628405389350856,False,0.032628405389350607,102
209.72098597791046,nnn,R,R,55803042044.94612,57593059292.744835,0.03207741338468528,False,0.03226609883513837,103
210.5388099779375,nnn,R,R,55803042044.94612,57578665305.72893,0.03181947069037294,False,0.031819470690372643,103
211.32655697804876,nnn,R,R,55819292072.500206,57569662520.67911,0.03135780450073522,False,0.031393764928940686,104
212.20758727798238,nnn,R,R,55819292072.500206,57571669806.32805,0.03139376492901036,False,0.03139376492901007,104
213.147060777992,nnn,R,R,55822127940.09621,57573256441.84772,0.03136979127042028,False,0.03139935044707167,105
213.99979237793013,nnn,R,R,55822127940.09621,57557050828.68635,0.031079483219484505,False,0.031079483219484456,105
214.95740747801028,nnn,R,R,55822127965.12932,57557050842.82678,0.0310794830104153,False,0.031079483268928423,106
215.76780567807145,nnn,R,R,55822127965.12932,57556580841.87374,0.031071063393138587,False,0.03107106339313824,106
216.55187487788498,nnn,R,R,55824910137.562294,57558137435.563156,0.031047560913755046,False,0.031076558962863536,107
217.3766154779587,nnn,R,R,55824910137.562294,57541157231.130196,0.030743391961380206,False,0.03074339196137984,107
218.4032787780743,nnn,R,R,55831247789.74524,57528249582.959595,0.03039519732041618,False,0.030458070564057783,108
219.23133537801914,nnn,R,R,55831247789.74524,57531759764.2516,0.030458068587510656,False,0.030458068587510583,108
220.2145676780492,nnn,R,R,55835582960.02862,57510086240.937965,0.0299898951911739,False,0.03030682232185653,109
221.09014427801594,nnn,R,R,55835582960.02862,57501279086.62283,0.029832161469266705,False,0.029832161469266545,109
222.0351949778851,nnn,R,R,55835924792.26178,57492838998.09621,0.029674698001313615,False,0.02967472049762023,110
222.98673317790963,nnn,R,R,55835924792.26178,57492840251.60689,0.029674720451209113,False,0.02967472045120899,110
223.93171307793818,nnn,R,R,55835925303.49805,57471119718.11209,0.02928570460193658,False,0.029285709659032655,111
224.75752377789468,nnn,R,R,55835925303.49805,57471120000.47974,0.029285709659032877,False,0.029285709659032672,111
225.67483837809414,nnn,R,R,55835925303.49896,57471120000.48025,0.029285709659025105,False,0.0292857096590339,112
226.41530447802506,nnn,R,R,55835925303.49896,57453483950.341385,0.028969854767340264,False,0.02896985476734018,112
227.77736187796108,nnn,R,R,55838204243.72148,57448343202.6963,0.02883579407294179,False,0.02883580170052124,113
228.67040177807212,nnn,R,R,55838204243.72148,57426229963.758675,0.028439770611279114,False,0.028439770611278913,113
229.63023617793806,nnn,R,R,55842588712.597725,57423608452.812454,0.028312078230321447,False,0.028312092881404086,114
230.50058177788742,nnn,R,R,55842588712.597725,57409706786.064026,0.028063134421144165,False,0.028063134421143863,114
231.4956132778898,nnn,R,R,55846070105.25957,57406943647.127335,0.02794956814196259,False,0.027961492482846007,115
232.37622797791846,nnn,R,R,55846070105.25957,57388674170.32763,0.027622428259688414,False,0.027622428259688254,115
233.33926167804748,nnn,R,R,55857206897.85736,57376539260.87158,0.02720029244914679,False,0.027336049004813078,116
234.1612286779564,nnn,R,R,55857206897.85736,57364042130.0241,0.026976558905320802,False,0.02697655890532066,116
235.00417337799445,nnn,R,R,55870237888.77116,57363613366.46705,0.026729355988585057,False,0.026947592255846465,117
235.807172578061,nnn,R,R,55870237888.77116,57339806193.4461,0.026303240512428383,False,0.02630324051242825,117
236.82125667808577,nnn,R,R,55883281788.31466,57335391961.84396,0.025984697517047906,False,0.026186223812329143,118
237.6750456779264,nnn,R,R,55883281788.31466,57313405324.92724,0.025591258974908992,False,0.0255912589749087,118
238.56490107788704,nnn,R,R,55896092512.50722,57298750531.53291,0.02509402636171454,False,0.02520079363158197,119
239.36045227805153,nnn,R,R,55896092512.50722,57287166088.415825,0.024886776756306128,False,0.024886776756306045,119
240.38094357796945,nnn,R,R,55896116627.94342,57287178689.974075,0.024886560032244542,False,0.024886794968396513,120
241.7118391781114,nnn,R,R,55896116627.94342,57268366339.71289,0.024550000868637456,False,0.024550000868637255,120
242.49696037801914,nnn,R,R,55902084620.861565,57259934556.07873,0.024289790701480296,False,0.024289910615968604,121
243.29989547794685,nnn,R,R,55902084620.861565,57245867944.44678,0.024038161236723088,False,0.024038161236722946,121
244.6341598778963,nnn,R,R,55908401268.02393,57236972622.67309,0.023763358001957613,False,0.024032414551285963,122
245.532727078069,nnn,R,R,55908401268.02393,57232753518.817024,0.023687893424892748,False,0.02368789342489238,122
246.56087967799976,nnn,R,R,55910828527.577545,57232214683.72029,0.023633814610545034,False,0.023927646467837373,123
247.4489884779323,nnn,R,R,55910828527.577545,57237058128.87864,0.02372044264461115,False,0.02372044264461094,123
248.43007277790457,nnn,R,R,55915720580.981255,57237058265.981865,0.023630880032869284,False,0.02413510140659099,124
249.39449097798206,nnn,R,R,55915720580.981255,57244499879.46384,0.02376396628132782,False,0.02376396628132755,124
250.24392477795482,nnn,R,R,55922416242.987854,57244584063.44255,0.023642895090758564,False,0.023827389191053622,125
251.09776627807878,nnn,R,R,55922416242.987854,57241771776.45475,0.023592606008548955,False,0.023592606008548837,125
251.97174227796495,nnn,R,R,55927621835.33396,57243873357.30546,0.02353490956305815,False,0.02358055177845907,126
252.8121012779884,nnn,R,R,55927621835.33396,57231121098.40823,0.023306895954062323,False,0.023306895954062115,126
253.85117947799154,nnn,R,R,55927669131.8561,57231147332.615295,0.023306499644855316,False,0.023306922314780303,127
254.6289305780083,nnn,R,R,55927669131.8561,57231170971.55903,0.023306922314780598,False,0.023306922314780307,127
255.60298307798803,nnn,R,R,55932691929.81809,57230713029.90088,0.023206841210351214,False,0.023593932567067624,128
256.4664645779412,nnn,R,R,55932691929.81809,57235039087.12811,0.023284185194307305,False,0.023284185194307028,128
257.4614099781029,nnn,R,R,55932692321.058975,57218638734.97167,0.022990962182389607,False,0.022990965913491715,129
258.45112767792307,nnn,R,R,55932692321.058975,57218638943.661804,0.022990965913483485,False,0.022990965913483426,129
259.5689437780529,nnn,R,R,55932842517.45395,57211464297.45501,0.02285994636517996,False,0.02286138401309405,130
260.46761087793857,nnn,R,R,55932842517.45395,57211482721.05824,0.02286027575311045,False,0.022860275753110074,130
261.7494162779767,nnn,R,R,55932844643.707,57211484242.229225,0.022860264066080882,False,0.022860285471846643,131
262.88815347803757,nnn,R,R,55932844643.707,57211485439.5146,0.02286028547184693,False,0.02286028547184662,131
264.2606460780371,nnn,R,R,55932844643.70976,57196168110.72465,0.022586433339162548,False,0.022586433339188756,132
265.4319685779046,nnn,R,R,55932844643.70976,57196168110.726135,0.022586433339189194,False,0.022586433339188732,132
266.5744347779546,nnn,R,R,55932845021.599525,57196168319.08285,0.022586430155581594,False,0.022586433923737412,133
267.50785857788287,nnn,R,R,55932845021.599525,57181310666.584656,0.022320796385433495,False,0.022320796385433193,133
268.6669710779097,nnn,R,R,55932845204.65102,57167364798.17209,0.022071460677605792,False,0.02207146253087626,134
269.6047836779617,nnn,R,R,55932845204.65102,57167364901.83078,0.02207146253087644,False,0.022071462530876117,134
271.44403107790276,nnn,R,R,55935126582.78824,57159715516.4688,0.021893021585784433,False,0.021893561099865975,135
272.7568761780858,nnn,R,R,55935126582.78824,57144573485.79036,0.021622314579230473,False,0.021622314579230202,135
273.74146467796527,nnn,R,R,55940122185.39732,57144573580.39906,0.021531082663887258,False,0.021851388546061827,136
274.7328849779442,nnn,R,R,55940122185.39732,57147237369.32461,0.021578701239276077,False,0.021578701239275806,136
275.88151767803356,nnn,R,R,55940597700.35415,57147504056.90461,0.021574784792526724,False,0.021579740239566214,137
276.8734729778953,nnn,R,R,55940597700.35415,57147781267.573875,0.021579740239566325,False,0.021579740239566228,137
278.0512179778889,nnn,R,R,55940597939.45428,57134793234.29318,0.021347560427069645,False,0.021347562773941654,138
279.02197637804784,nnn,R,R,55940597939.45428,57134793365.578636,0.02134756277394212,False,0.021347562773941786,138
279.90199637808837,nnn,R,R,55945576237.23047,57134505042.67343,0.021251524881993333,False,0.02152930144507118,139
281.034455277957,nnn,R,R,55945576237.23047,57136110611.14758,0.02128022363857318,False,0.021280223638572997,139
282.0435352779459,nnn,R,R,55954987363.54221,57136525577.81509,0.02111586955772804,False,0.02112261096066092,140
282.8938217780087,nnn,R,R,55954987363.54221,57135783772.96561,0.021102612386483033,False,0.02110261238648294,140
283.9831565779168,nnn,R,R,55954987467.93388,57123499072.15275,0.020883064353977465,False,0.020883065409050043,141
284.95589447789825,nnn,R,R,55954987467.93388,57123499131.189415,0.020883065409051715,False,0.02088306540905154,141
286.02708337805234,nnn,R,R,55960395816.28356,57118545851.478065,0.020695887123398427,False,0.020700044062669468,142
287.0037687779404,nnn,R,R,55960395816.28356,57118778475.4461,0.020700044062688105,False,0.020700044062688102,142
288.1197503779549,nnn,R,R,55960395992.890495,57106542060.98823,0.02048137879945222,False,0.020481380574798105,143
289.0242301779799,nnn,R,R,55960395992.890495,57106542160.33727,0.020481380574797647,False,0.020481380574797488,143
290.00078797806054,nnn,R,R,55961990532.003746,57101511566.12803,0.02036241068788658,False,0.020362458199747257,144
290.8763106779661,nnn,R,R,55961990532.003746,57088943539.55296,0.02013782920935836,False,0.020137829209358027,144
291.8312094779685,nnn,R,R,55966978092.8794,57088943596.20709,0.02004691947929982,False,0.02031424775379726,145
292.9476141780615,nnn,R,R,55966978092.8794,57090269209.2283,0.020070605107260775,False,0.020070605107260563,145
293.86150827794336,nnn,R,R,55972091851.74965,57090035748.60143,0.01997323773091808,False,0.020230500618867348,146
294.831556977937,nnn,R,R,55972091851.74965,57090965631.23056,0.019989851057280683,False,0.019989851057280354,146
295.8730781779159,nnn,R,R,55974060030.75951,57083038423.820885,0.019812362949050977,False,0.019832420859240106,147
296.8095427779481,nnn,R,R,55974060030.75951,57084161146.49,0.019832420859241973,False,0.01983242085924168,147
297.90759467799217,nnn,R,R,55975019334.67784,57078550449.655914,0.01971470716928203,False,0.01971473851816615,148
299.19780717790127,nnn,R,R,55975019334.67784,57078552204.41033,0.01971473851816663,False,0.019714738518166266,148
300.0883860778995,nnn,R,R,55975019587.70732,57144777249.479805,0.020897851762956332,False,0.02089785417382081,149
2.080464968457818,all,R,R,1103051510.3458784,7185070198565.131,6512.812030693059,0,,
2.08798284153454,all,R,R,1586293394.9957364,7185070198565.131,4528.471169224936,0,,
2.124602045631036,all,R,R,1654953393.8415947,7185070198565.13,4340.554405883683,0,,
2.133014165563509,all,R,R,4258815851.701605,7185070198565.13,1686.1051599224097,0,,
2.169441105099395,all,R,R,4665707864.219767,7185070198565.13,1538.9742992195825,0,,
2.1709189659450203,all,R,R,4864125158.119636,7185070198565.129,1476.1556991232355,0,,
2.245882668532431,all,R,R,4864125158.119636,6720379663434.84,1380.6214519514526,0,,
3.430319041479379,all,R,R,4864125158.119636,6032400893579.623,1239.182087730575,0,,
3.554423305206001,all,R,R,4864125158.119636,5156909508929.484,1059.1926022238772,0,,
3.5660403457004577,all,R,R,4864125158.119636,4258924257331.031,874.5786742497057,0,,
3.7410364686511457,all,R,R,21772195409.870647,4238453798341.1753,193.67277959574204,0,,
4.105276245623827,all,R,R,21788333335.813793,4238454134220.077,193.52860707125635,0,,
4.360476545523852,all,R,R,21788333335.813793,4238408075155.721,193.52649313882992,0,,
4.675243265926838,all,R,R,21788333335.813793,3554969990805.114,162.1593355955207,0,,
4.698947665514424,all,R,R,21788333335.813793,2956635746650.46,134.69811426515105,0,,
4.72229954553768,all,R,R,21793374582.094135,2956636052720.304,134.66673860364583,0,,
5.014094445621595,all,R,R,21793374582.094135,2956634567357.7627,134.6666704470354,0,,
5.299774445593357,all,R,R,21793374582.094135,2956635611672.604,134.66671836594935,0,,
5.31232900521718,all,R,R,22873275433.532684,2959722344352.654,128.39652447037125,0,,
5.609416205203161,all,R,R,22873275433.532684,2956306093810.748,128.2471689243397,0,,
5.616384545573965,all,R,R,22874833506.159096,2956304130655.221,128.23827969542293,0,,
5.917398245539516,all,R,R,22874833506.159096,2956303571735.445,128.23825526159368,0,,
6.234442445682362,all,R,R,22876246184.54414,2956302592478.2065,128.23023159610736,0,,
6.246233268640935,all,R,R,22876246184.54414,3045549575628.2896,132.13152652142517,0,,
6.518546445528045,all,R,R,22876246184.54414,3045549757289.361,132.13153446246017,0,,
6.628558765864,all,R,R,25276282530.75804,3000285320362.202,117.69962747533124,0,,
6.8378118455875665,all,R,R,25276913171.950035,3000285220195.751,117.69666204041039,0,,
7.072506465949118,all,R,R,25276913171.950035,2960362175627.0757,116.11723482565941,0,,
7.122791645582765,all,R,R,25276913171.950035,2960362289246.417,116.11723932064425,0,,
7.265093305148184,all,R,R,25276913171.950035,2956737486893.9424,115.97383564125442,0,,
7.384072445565835,all,R,R,25276913171.950035,2956737539067.2236,115.97383770532296,0,,
7.691198345739394,all,R,R,25277359611.43745,2956737570213.9604,115.97177298835048,0,,
7.756319565931335,all,R,R,36915037091.660675,2908139038187.4824,77.77925277351132,0,,
7.9839965051505715,all,R,R,37679570249.09891,2904147574618.259,76.07485927835683,0,,
7.99479244556278,all,R,R,37679570249.09891,2904147345156.5195,76.07485318853846,0,,
8.07649064133875,all,R,R,40446389440.019615,2882451921460.6396,70.26598841993551,0,,
8.174687265884131,all,R,R,40446389440.019615,2845067924972.8213,69.34170328582589,0,,
8.361109005054459,all,R,R,40446389440.019615,2843047465958.5396,69.29174928394204,0,,
8.376978745684028,all,R,R,40446886311.183876,2843047226656.3086,69.2908798660772,0,,
8.51195424143225,all,R,R,40446886311.183876,2840356627402.712,69.22435807666439,0,,
8.557004265952855,all,R,R,40446886311.183876,2844905363530.2783,69.3368200370875,0,,
8.666208145674318,all,R,R,40446886311.183876,2844905427262.6465,69.33682161279268,0,,
9.003176641417667,all,R,R,40446886311.183876,2781603494963.1714,67.7717584380293,0,,
9.007769905030727,all,R,R,41125215088.290565,2779041843540.5938,66.57513213181615,0,,
9.027802345575765,all,R,R,41125541197.10551,2779041345210.28,66.57458417120779,0,,
9.084152165800333,all,R,R,42025219912.96442,2776662656998.5425,65.07134151228954,0,,
9.274252945557237,all,R,R,42025219912.96442,2776662680865.37,65.0713420802063,0,,
9.485719005111605,all,R,R,42025219912.96442,2773654955773.2783,64.999772553662,0,,
9.569851741427556,all,R,R,50456433315.03392,2754101050512.787,53.58374422379514,0,,
9.616589965997264,all,R,R,50456433315.03392,2750354825463.4736,53.50949749640711,0,,
9.664478345541283,all,R,R,50456815523.63022,2750354837381.7695,53.50908482509579,0,,
9.937829305185005,all,R,R,50823684053.972145,2750174857977.611,53.11207214056081,0,,
9.946166045730934,all,R,R,50823684053.972145,2750174651787.2227,53.11206808358635,0,,
10.060483741341159,all,R,R,50823684053.972145,2742948547711.942,52.96988822768281,0,,
10.272939645685256,all,R,R,50823856100.4724,2742948459708.772,52.96970379985152,0,,
10.36056150519289,all,R,R,50823856100.4724,2742703084231.649,52.96487584117326,0,,
10.40947466599755,all,R,R,53775883006.21826,2740904068256.621,49.969020219336656,0,,
10.577422045636922,all,R,R,53775883006.21826,2740903983632.546,49.96901864569303,0,,
10.667486165650189,all,R,R,66397023297.33796,2633591733011.069,38.664304244745516,0,,
10.79413360520266,all,R,R,66397023297.33796,2632637038337.766,38.64992566832911,0,,
10.869249765994027,all,R,R,66397023297.33796,2627242004076.4834,38.568671509733434,0,,
10.898820141330361,all,R,R,75632383045.06203,2615407691235.1963,33.58052736057421,0,,
11.072074545547366,all,R,R,75632542172.82426,2615407587841.5674,33.58045323751284,0,,
11.253623565426096,all,R,R,75632542172.82426,2617598781986.6313,33.60942481617612,0,,
11.30686650518328,all,R,R,75819072538.36891,2616981656618.602,33.51613913233053,0,,
11.306946541415527,all,R,R,75819072538.36891,2600363439277.6895,33.29695658650734,0,,
11.337192445527762,all,R,R,75819072538.36891,2600363435725.595,33.29695653965773,0,,
11.420308865839615,all,R,R,77432976437.00877,2599762535813.9326,32.57435882538782,0,,
11.643082145601511,all,R,R,77433118291.53531,2599762493606.7266,32.57429677336038,0,,
11.710031705209985,all,R,R,77433118291.53531,2599821690040.1855,32.57506125805072,0,,
11.753120965557173,all,R,R,77433118291.53531,2563644173688.873,32.1078513981158,0,,
11.850464041344821,all,R,R,80600611054.74783,2568543623223.971,30.86754529043573,0,,
11.920638465788215,all,R,R,80600611054.74783,2565424806747.1035,30.828850590283277,0,,
11.941852545598522,all,R,R,80600611054.74783,2565424761643.373,30.82885003068789,0,,
12.156596405198798,all,R,R,80710369929.2946,2565080038087.659,30.781294526772314,0,,
12.251848545623943,all,R,R,80710502677.71484,2565079956351.5454,30.781241241851358,0,,
12.29984724149108,all,R,R,80710502677.71484,2561680602716.6895,30.739123382067607,0,,
12.402095165569335,all,R,R,87666136457.22296,2550486639800.574,28.093179451852475,0,,
12.4166062658187,all,R,R,88469821157.25377,2550395421883.2573,27.827857777060135,0,,
12.552778445649892,all,R,R,88469821157.25377,2550395341347.205,27.82785686673782,0,,
12.592115705134347,all,R,R,88469821157.25377,2550347244718.386,27.82731321661861,0,,
12.829022265970707,all,R,R,88469821157.25377,2549904784724.1763,27.822311963214656,0,,
12.896427941508591,all,R,R,90245638050.34058,2545983339167.0605,27.211705232189363,0,,
12.920455545652658,all,R,R,90245759054.67241,2545983290375.5312,27.211666864402254,0,,
12.981732165440917,all,R,R,90245759054.67241,2555708749677.7144,27.31943325036939,0,,
13.17711160518229,all,R,R,90293409685.27484,2555706111780.515,27.304458993060962,0,,
13.217173745622858,all,R,R,90293409685.27484,2555706032278.9204,27.30445811258037,0,,
13.230207365937531,all,R,R,90293409685.27484,2555899144168.8257,27.3065968278042,0,,
13.431266941362992,all,R,R,90293409685.27484,2557012731514.922,27.31892981367745,0,,
13.56098424573429,all,R,R,90293510031.25682,2557012578942.41,27.31889665223172,0,,
13.563778565498069,all,R,R,90293510031.25682,2546470157289.9087,27.202139405239638,0,,
13.674200565787032,all,R,R,90631506512.71553,2544684551820.9253,27.077261978028666,0,,
13.845402945531532,all,R,R,90631506512.71553,2544684561324.737,27.077262082890783,0,,
14.163704845588654,all,R,R,90631601315.06104,2544684533177.5054,27.07723240298341,0,,
14.190571541432291,all,R,R,93769560021.9913,2545773806652.7095,26.149256177118268,0,,
14.423529805149883,all,R,R,93769560021.9913,2545652751274.2744,26.147965189100336,0,,
14.423704045591876,all,R,R,93769560021.9913,2545652589466.0884,26.14796346350638,0,,
14.423796945717186,all,R,R,93769560021.9913,2545652589466.0884,26.14796346350638,1,,
14.460186765529215,all,R,R,98522903694.22678,2545643067054.215,24.838084055610146,1,,
14.69464924139902,all,R,R,98522903694.22678,2539274345691.94,24.773442016820457,1,,
14.89811280509457,all,R,R,98523270821.97862,2539274805166.9316,24.773350640734808,1,,
15.089132365537807,all,R,R,98523270821.97862,2528045746385.7773,24.65937697047934,1,,
15.22260604146868,all,R,R,99370645923.1892,2529633784932.377,24.45654968256637,1,,
15.358433705056086,all,R,R,99370645923.1892,2529633833917.529,24.456550175520313,1,,
15.685150365810841,all,R,R,99370645923.1892,2530292338225.6494,24.46317692431522,1,,
15.712160041555762,all,R,R,99370645923.1892,2525479950710.5063,24.414748261399385,1,,
15.986799105070531,all,R,R,99370874497.29558,2525480219763.2734,24.41469250964482,1,,
16.012774877948686,all,R,R,110482308264.68938,2525480219763.2734,21.85868443038701,1,,
16.087633365532383,all,R,R,110886656120.5929,2526333028905.348,21.78302112526396,1,,
16.32816936587915,all,R,R,111608802188.72942,2526152128896.738,21.63398656160684,1,,
16.384336741408333,all,R,R,111628426795.35683,2523446619339.5684,21.605770696434565,1,,
16.404959505191073,all,R,R,111628426795.35683,2523442268547.5435,21.60573172077084,1,,
16.672878665616736,all,R,R,111628426795.35683,2517106805797.035,21.548976797921995,1,,
16.918841065838933,all,R,R,111628426795.35683,2516226878748.3677,21.541094154818186,1,,
16.981542805209756,all,R,R,111628720031.61977,2516227210817.5312,21.54103791662924,1,,
17.24471974140033,all,R,R,111628720031.61977,2517389072372.6553,21.5514461839174,1,,
17.43191606597975,all,R,R,111628720031.61977,2517479853057.703,21.552259421630975,1,,
17.443161965580657,all,R,R,112585863464.09647,2529704744515.7344,21.46911527504921,1,,
17.501747005153447,all,R,R,112585863464.09647,2529704828341.281,21.469116019596914,1,,
17.91401704144664,all,R,R,113748551523.7638,2527189885168.479,21.21733684793789,1,,
17.996016405057162,all,R,R,113787163236.9611,2527149208762.483,21.20944029951524,1,,
18.03029336547479,all,R,R,113787163236.9611,2518014931822.231,21.129165190439625,1,,
18.221265565836802,all,R,R,114044939794.77684,2518460230094.5596,21.083051072906112,1,,
18.353514241520315,all,R,R,114044939794.77684,2517352010240.023,21.073333676794274,1,,
18.427909805206582,all,R,R,114044939794.77684,2517296243087.9644,21.07284468401512,1,,
18.761465178104118,all,R,R,114044939794.77684,1730791784056.4478,14.176401400807409,1,,
18.810410365462303,all,R,R,117754862820.09695,1726474798558.4912,13.661600864808088,1,,
18.82906970521435,all,R,R,117755049960.95201,1726474934811.971,13.661578721120462,1,,
18.83584076585248,all,R,R,117755049960.95201,1725781912731.379,13.65569343568411,1,,
18.996459741378203,all,R,R,117772682920.54529,1725483534386.0046,13.65096567045257,1,,
19.305885405046865,all,R,R,117772682920.54529,1725472906910.7322,13.650875433268453,1,,
19.37919936864637,all,R,R,117772682920.54529,1545997231375.4216,12.12695943607246,1,,
19.487105041509494,all,R,R,117772682920.54529,1547490632239.837,12.139639803262725,1,,
19.51158036547713,all,R,R,117772682920.54529,1544385229157.876,12.11327203269868,1,,
19.586819365853444,all,R,R,117836897281.61632,1544162823404.5583,12.104238647035919,1,,
19.834827605169266,all,R,R,117856667367.23274,1544247106955.0598,12.102755588220553,1,,
19.919034977909178,all,R,R,130602295181.45284,1548579155618.4465,10.857212413203932,1,,
20.039158465573564,all,R,R,132022805590.49753,1547133313922.5312,10.718682291310795,1,,
20.119556341553107,all,R,R,132065792701.04453,1544833569299.0862,10.697454259000317,1,,
20.120915565872565,all,R,R,132065792701.04453,1544355251290.6653,10.69383244294456,1,,
20.188115768600255,all,R,R,145358328295.31955,1461633381267.6455,9.05538106009375,1,,
20.188978305086493,all,R,R,145358328295.31955,1461632693103.942,9.055376325836608,1,,
20.628729241434485,all,R,R,145358328295.31955,1465465747256.323,9.081746016499215,1,,
20.674095305148512,all,R,R,145379831793.92642,1465465126662.0518,9.080250531169447,1,,
20.675394665449858,all,R,R,145379831793.92642,1468080227718.2363,9.098238590612874,1,,
20.847639678046107,all,R,R,145379831793.92642,1434586761525.363,8.867852671331102,1,,
20.882360365940258,all,R,R,145685541018.1694,1434502095241.5413,8.846564629654189,1,,
21.07221250515431,all,R,R,145685541018.1694,1434445238571.4512,8.846174359832675,1,,
21.198394941398874,all,R,R,145691230135.17874,1431744282478.0566,8.827250968707046,1,,
21.283846268663183,all,R,R,145691230135.17874,1387641187318.7258,8.524534771456121,1,,
21.294697165489197,all,R,R,152158003734.4105,1389325779352.455,8.13080971920151,1,,
21.31720553874038,all,R,R,154631479958.91333,1389325779352.4548,7.984753814175539,1,,
21.39158436586149,all,R,R,154631479958.91333,1389144449310.0137,7.983581154879454,1,,
21.515372005058452,all,R,R,154660233179.33176,1389054259904.3503,7.981327852349175,1,,
21.70109044155106,all,R,R,154660233179.33176,1387623376042.0996,7.972076063231597,1,,
21.795639477903023,all,R,R,161805213111.62906,1399361976941.0596,7.648435671696454,1,,
21.846210265532136,all,R,R,161805213111.62906,1395008974307.6838,7.621532937540586,1,,
21.90680100512691,all,R,R,161805213111.62906,1394995274037.641,7.621448266164558,1,,
21.917154465802014,all,R,R,162064993320.20554,1394886901410.7615,7.606959916721591,1,,
22.224648238625377,all,R,R,162064993320.20554,770003633331.7631,3.7512026968736034,1,,
22.2368985414505,all,R,R,162782286822.5997,769685234850.4607,3.728310738681687,1,,
22.343511605169624,all,R,R,162818285879.63205,769608440047.2976,3.7267936515205182,1,,
22.431479865917936,all,R,R,162818285879.63205,769361458499.3967,3.725276736227088,1,,
22.498980978038162,all,R,R,162818285879.63205,778439767046.7067,3.781034039519308,1,,
22.538504065480083,all,R,R,163095238362.3662,779173568447.3182,3.7774145724361654,1,,
22.571552968584,all,R,R,164607587458.57684,774432341161.3765,3.704718373667075,1,,
22.670258705038577,all,R,R,164607587458.57684,774437387541.891,3.7047490307017386,1,,
22.69786984147504,all,R,R,164607587458.57684,773027095188.922,3.696181428352764,1,,
23.07053190516308,all,R,R,164607587458.57684,773028933903.9436,3.6961925986460056,1,,
23.092738865874708,all,R,R,164764576943.05353,772597499110.2719,3.689099522752998,1,,
23.166332165477797,all,R,R,164764576943.05353,760022703993.4937,3.612779749716319,1,,
23.366517141461372,all,R,R,164955352060.2172,759781480425.4625,3.6059825942968082,1,,
23.468375438591465,all,R,R,174698373888.10788,800703669461.9218,3.583349298802074,1,,
23.487978268647566,all,R,R,174698373888.10788,801756358711.5255,3.589375051796649,1,,
23.57570700510405,all,R,R,174709906245.13116,801766614301.8893,3.589130814236431,1,,
23.611308465944603,all,R,R,174709906245.13116,801567444975.4061,3.5879908140454644,1,,
23.693365178070962,all,R,R,180527381627.21823,801525315418.9728,3.4399099360677052,1,,
23.859282141551375,all,R,R,180527381627.21823,801512378966.0521,3.4398382768390388,1,,
23.981792405014858,all,R,R,180527381627.21823,801512291838.8949,3.4398377942133207,1,,
24.16924336599186,all,R,R,180727207498.73434,801305495959.8271,3.4337845255836132,1,,
24.296078905230388,all,R,R,180727207498.73434,801330141432.1763,3.4339208939405985,1,,
24.318529738578945,all,R,R,180727207498.73434,687416123269.9298,2.803611712833796,1,,
24.385530265513808,all,R,R,181591903788.13696,685401616426.381,2.7744062490034698,1,,
24.454093841370195,all,R,R,181614192797.99945,683454587760.3157,2.7632223408909935,1,,
24.47626276849769,all,R,R,183027383595.27438,688752673776.5581,2.763112711590667,1,,
24.614999265875667,all,R,R,183027383595.27438,688601336020.1155,2.762285853043766,1,,
24.788659777957946,all,R,R,183027383595.27438,681570174525.2374,2.723869953975756,1,,
24.801110805012286,all,R,R,183064956738.55988,681579453723.7844,2.723156336781413,1,,
24.95485064154491,all,R,R,183064956738.55988,681590592842.0549,2.7232171846819013,1,,
24.974081865511835,all,R,R,183064956738.55988,681867727041.14,2.7247310418614643,1,,
25.171151738613844,all,R,R,183064956738.55988,819616492810.7712,3.4771894491051514,1,,
25.234094965970144,all,R,R,183213996107.99918,819484329729.0852,3.472826023870052,1,,
25.250902905128896,all,R,R,183213996107.99918,819527227979.6741,3.4730601667385024,1,,
25.29528526845388,all,R,R,183213996107.99918,802611247142.7653,3.3807310805537476,1,,
25.690372141543776,all,R,R,183308166738.59702,802399507291.1342,3.3773254709124885,1,,
25.702078765491024,all,R,R,183353440183.46973,796635528070.0698,3.344808187252604,1,,
25.71213946584612,all,R,R,183353440183.46973,796498190480.4518,3.3440591552765433,1,,
25.719410005025566,all,R,R,183380236499.74936,796501662684.5747,3.3434433169446987,1,,
25.853142278036103,all,R,R,187949018882.64212,795596530428.2251,3.2330443391407444,1,,
26.070875505218282,all,R,R,187949018882.64212,795598822348.645,3.233056533513631,1,,
26.097109441412613,all,R,R,187949018882.64212,795603055676.1248,3.2330790573209107,1,,
26.204284065868706,all,R,R,188048100996.4648,795485485340.8462,3.2302234434997077,1,,
26.348982968600467,all,R,R,196401915872.52582,793352021877.7509,3.0394311753693586,1,,
26.39017730508931,all,R,R,196401915872.52582,793323047093.864,3.0392836473589613,1,,
26.441038438584656,all,R,R,206959239995.81644,699496422967.4113,2.3798752980613536,1,,
26.45672286557965,all,R,R,206959239995.81644,701656112414.9615,2.3903106352204673,1,,
26.70224156579934,all,R,R,206959239995.81644,701556251293.6425,2.389828119333179,1,,
26.727852741489187,all,R,R,207430452248.64218,701342003829.4178,2.3810947053653195,1,,
26.831510205054656,all,R,R,207430502234.7313,701339141227.0101,2.3810800903011113,1,,
27.159914205083624,all,R,R,207430502234.7313,701339184887.7322,2.3810803007847268,1,,
27.18793806852773,all,R,R,207430502234.7313,684906753385.0925,2.301861327077357,1,,
27.20699964137748,all,R,R,207430502234.7313,684876783831.256,2.3017168471020706,1,,
27.377771138679236,all,R,R,207430502234.7313,636832807811.4215,2.0701020387578897,1,,
27.390761165879667,all,R,R,207542701340.01297,636766081247.68,2.0681208114588387,1,,
27.429210565518588,all,R,R,209463346803.63867,632632287512.7585,2.020252932871446,1,,
27.430115777999163,all,R,R,209463346803.63867,639660813614.0751,2.0538078540954703,1,,
27.65319220512174,all,R,R,209467646617.3751,639660750155.518,2.0537448645897896,1,,
27.82239924138412,all,R,R,209649273991.86835,639369121435.4738,2.04970825446442,1,,
27.996302865445614,all,R,R,209649273991.86835,638445170397.2859,2.0453011271675057,1,,
28.031906865769997,all,R,R,209649273991.86835,638383583577.45,2.0450073659792922,1,,
28.12116340501234,all,R,R,209649273991.86835,638382196989.1976,2.0450007521321467,1,,
28.189367968589067,all,R,R,210930260858.42224,629551323459.7394,1.9846420371247646,1,,
28.291402741335332,all,R,R,210930260858.42224,629581467669.8151,1.984784947914108,1,,
28.458579678088427,all,R,R,211749642919.87933,627926558485.4799,1.9654196806512267,1,,
28.547756638610736,all,R,R,219124055973.70392,616892426502.5924,1.815265643753066,1,,
28.577412605052814,all,R,R,219124066527.76978,616889176284.5579,1.8152506753811042,1,,
28.585709465434775,all,R,R,221334181323.47275,615108651719.7189,1.7790947066633032,1,,
28.639710765797645,all,R,R,221334181323.47275,615055516264.8851,1.7788546377570187,1,,
28.923171505099162,all,R,R,221334181323.47275,615055523851.4055,1.7788546720333347,1,,
29.203044078079984,all,R,R,221334181323.47275,612843961308.082,1.7688627108726167,1,,
29.210335165495053,all,R,R,221334181323.47275,608602176521.4437,1.7496980939965678,1,,
29.238396165892482,all,R,R,221339262089.96576,608603795199.0143,1.7496422887306844,1,,
29.32637920510024,all,R,R,221345765475.6691,608610011862.1472,1.749589586926375,1,,
29.34470456861891,all,R,R,221345765475.6691,601348459338.5894,1.7167832104052207,1,,
29.426400638651103,all,R,R,221345765475.6691,576739915804.9135,1.6056062765217445,1,,
29.64969210512936,all,R,R,221345765475.6691,576739870016.904,1.605606069659827,1,,
29.762188565917313,all,R,R,221345765475.6691,576697968758.693,1.6054167673792032,1,,
30.026015165494755,all,R,R,221405679605.4369,576683970810.613,1.6046484978990208,1,,
30.026260905200616,all,R,R,221405679605.4369,576687141475.3389,1.60466281851054,1,,
30.35482383868657,all,R,R,225078530175.9315,571245955958.9012,1.5379851001887643,1,,
30.393633365863934,all,R,R,225155821755.8035,571218573449.263,1.5369922438371928,1,,
30.486361677991226,all,R,R,227290915202.13614,564918365371.7482,1.485441905451217,1,,
30.57139566564001,all,R,R,227290915202.13614,559299640396.4308,1.4607214938574646,1,,
30.641825068509206,all,R,R,227468704314.9887,556985302915.0822,1.4486238869316868,1,,
30.949465865967795,all,R,R,227468704314.9887,556989792459.1151,1.4486436239062583,1,,
31.02749594138004,all,R,R,228174511471.69284,556317027209.2435,1.4381208208624119,1,,
31.129041365580633,all,R,R,230288858252.2706,552392915474.5555,1.3986957930436872,1,,
31.316707578022033,all,R,R,230288858252.2706,547395828261.8439,1.3769965790624465,1,,
31.328676438657567,all,R,R,230288858252.2706,554653524544.9835,1.408512199653996,1,,
31.491019465960562,all,R,R,230288858252.2706,554646066608.3447,1.408479814515195,1,,
31.61990656866692,all,R,R,230288858252.2706,556254710537.0731,1.415465145637755,1,,
31.62044004141353,all,R,R,230288858252.2706,556123744074.1411,1.4148964404736146,1,,
32.04033576580696,all,R,R,230353907775.37234,556069479521.5793,1.4139789287352822,1,,
32.153857841389254,all,R,R,230353907775.37234,556096102653.9374,1.4140945036461452,1,,
32.417567438678816,all,R,R,233992912846.6031,537408531192.63605,1.296687214389868,1,,
32.44199186586775,all,R,R,233992912846.6031,537408918837.5905,1.2966888710424125,1,,
32.48038687789813,all,R,R,236888263811.8688,530916104433.8286,1.2412089813595406,1,,
32.707864068681374,all,R,R,237302105334.38773,542130715189.3196,1.2845592306287843,1,,
32.8502139414195,all,R,R,237302108449.34708,542130903547.64276,1.2845599943894404,1,,
33.14075256581418,all,R,R,237376447882.66898,542086621052.7468,1.2836579866621425,1,,
33.35324657801539,all,R,R,237376447882.66898,543172280572.31616,1.2882315639030741,1,,
33.36129803862423,all,R,R,237376447882.66898,547554768638.43896,1.3066937496220592,1,,
33.48567564133555,all,R,R,237376447882.66898,547027260794.54205,1.3044715079102036,1,,
33.612064668675885,all,R,R,237376447882.66898,549095145526.2955,1.3131829228386787,1,,
33.699030965799466,all,R,R,237376447882.66898,549125955866.35156,1.313312718108306,1,,
33.76417410513386,all,R,R,237384123598.30682,549108307180.51135,1.3131635715861663,1,,
34.06624036561698,all,R,R,237384123598.30682,546983405083.722,1.3042122480326794,1,,
34.30521704140119,all,R,R,237999023606.6693,546952505619.852,1.2981291995709054,1,,
34.30796807794832,all,R,R,240176183468.49435,541457089978.3456,1.2544162462693658,1,,
34.31763076595962,all,R,R,240227269666.68533,541444940809.2733,1.2538862534654234,1,,
34.350443905219436,all,R,R,240227269666.68533,541444947983.44415,1.2538862833295217,1,,
34.55136566865258,all,R,R,240269308078.79935,544921951057.02594,1.2679632093430424,1,,
34.74072306556627,all,R,R,240639690384.28912,545119002492.6244,1.265291322566521,1,,
34.799646641360596,all,R,R,240639690384.28912,545108200016.45416,1.2652464318996777,1,,
34.80967196589336,all,R,R,240639690384.28912,545077683573.1291,1.2651196180591335,1,,
35.025601538596675,all,R,R,248242081704.38156,559551790336.2927,1.2540569531745769,1,,
35.03978180512786,all,R,R,248252270888.6434,559537556565.6692,1.2539071024919513,1,,
35.15703607792966,all,R,R,248252270888.6434,559389953823.5642,1.2533125349515348,1,,
35.3555206656456,all,R,R,248252270888.6434,557089146555.0325,1.244044513916739,1,,
35.45533954142593,all,R,R,248252937172.1882,556208701105.2717,1.2404919250541857,1,,
35.553849865915254,all,R,R,248316886368.7606,556213853424.7296,1.2399356787952374,1,,
35.57292936858721,all,R,R,248316886368.7606,535367489766.45233,1.1559850302383787,1,,
35.58827880513854,all,R,R,248316886368.7606,535374116686.3989,1.1560117175895432,1,,
35.92142833862454,all,R,R,248316886368.7606,528978906980.35254,1.1302574895965694,1,,
36.04961814149283,all,R,R,248316886368.7606,528521681530.7605,1.1284161913414317,1,,
36.11599536589347,all,R,R,248316886368.7606,528530600757.331,1.1284521100689129,1,,
36.15492390515283,all,R,R,248316920188.94357,528530643089.7109,1.1284519906559471,1,,
36.246106965467334,all,R,R,248316936565.6161,528531495998.4742,1.128455285041797,1,,
36.353814078029245,all,R,R,248317689995.1656,523566871340.4545,1.1084557904458907,1,,
36.678685465827584,all,R,R,248317689995.1656,523538731729.1718,1.1083424694364883,1,,
36.712694668676704,all,R,R,252916048963.37076,523653996105.7619,1.0704656673709207,1,,
36.716714441543445,all,R,R,252966309003.14456,523587358338.02,1.0697908761103498,1,,
36.721483905101195,all,R,R,252966309003.14456,523586237642.096,1.069786445892237,1,,
36.96213516546413,all,R,R,252966309003.14456,521587728229.79315,1.0618861471521468,1,,
37.10629483871162,all,R,R,254429994921.0525,506262461508.7602,0.9897907935966797,1,,
37.17694336595014,all,R,R,254482027689.69025,506229690123.77216,0.9892551734186017,1,,
37.184976341435686,all,R,R,254482027689.69025,506247514016.2787,0.989325213305773,1,,
37.2798766780179,all,R,R,254482027689.69025,506248233889.59863,0.9893280420843964,1,,
37.313245005207136,all,R,R,254494524110.2175,506250031658.5931,0.9892374243751678,1,,
37.64259316585958,all,R,R,254494524110.2175,506247734034.2066,0.9892283961872548,1,,
37.65623156866059,all,R,R,254494524110.2175,500427364039.7501,0.9663580809425316,1,,
37.77854916546494,all,R,R,254538028133.3652,496603528974.5052,0.9509993560345715,1,,
37.81292450521141,all,R,R,254538028133.3652,496581584839.9015,0.9509131444191026,1,,
37.896176441339776,all,R,R,254538374224.2984,496208259413.335,0.9494438153992368,1,,
37.91000343859196,all,R,R,254538374224.2984,493210619718.586,0.9376670461640113,1,,
38.250553365796804,all,R,R,254544136957.86298,493228397161.9424,0.9376930188087222,1,,
38.296463578008115,all,R,R,255268050735.5785,493536548290.5514,0.9334050887621079,1,,
38.44695746549405,all,R,R,255268050735.5785,493559908863.9795,0.9334966026564664,1,,
38.502415468683466,all,R,R,255268050735.5785,492878958613.5143,0.930829013631898,1,,
38.544304941548035,all,R,R,255268050735.5785,492118247398.1267,0.9278489649607244,1,,
38.599456805037335,all,R,R,255291672171.63947,492150479841.2784,0.9277968437230979,1,,
38.869666965911165,all,R,R,255291672171.63947,492101356707.90424,0.927604424076361,1,,
39.1401960386429,all,R,R,257308227082.8206,487413883108.45074,0.8942802126243921,1,,
39.208523905137554,all,R,R,257308227082.8206,487413826767.91797,0.8942799936631354,1,,
39.21976206544787,all,R,R,257633343302.9112,487998134161.929,0.894157518222195,1,,
39.28981474135071,all,R,R,257986156467.6117,487983303990.43805,0.8915096479283409,1,,
39.482821377925575,all,R,R,257986156467.6117,488253462053.5908,0.892556828392796,1,,
39.4981055657845,all,R,R,257993914555.3216,488256340421.1888,0.8925110743900591,1,,
39.65209276857786,all,R,R,258851754757.84674,477555772259.56354,0.8449006563865571,1,,
39.7739218052011,all,R,R,258865343530.53214,477526363068.57074,0.8446902028515393,1,,
39.77925144135952,all,R,R,258865343530.53214,477494783606.50006,0.8445682110018773,1,,
39.85489776544273,all,R,R,258865343530.53214,474168635576.3474,0.8317192603281833,1,,
40.071591038722545,all,R,R,258865343530.53214,462686424814.0867,0.7873633391930452,1,,
40.08639876591042,all,R,R,258865343530.53214,462662365168.4201,0.7872703964864687,1,,
40.32687150500715,all,R,R,258865343530.53214,462664021597.85443,0.7872767952937085,1,,
40.4860281413421,all,R,R,258897641988.9092,462535876775.1457,0.7865588624980988,1,,
40.60499316547066,all,R,R,258903709897.58868,460704917593.25354,0.7794450213768231,1,,
40.67598817800172,all,R,R,260145163795.7234,458830856089.1304,0.7637493213190121,1,,
40.73067206866108,all,R,R,260145163795.7234,460159361130.90295,0.7688561048639708,1,,
40.74463836592622,all,R,R,260149168791.37097,460122952845.31744,0.7686889217559534,1,,
40.760300705209374,all,R,R,260149189754.1872,460121742194.8996,0.768684125557588,1,,
40.90407503861934,all,R,R,260407974311.74908,460445755061.565,0.7681707185753821,1,,
41.05786004150286,all,R,R,260407974311.74908,460419921120.9188,0.7680715129319509,1,,
41.17218190501444,all,R,R,260407974311.74908,460419939170.64294,0.7680715822452051,1,,
41.267287665978074,all,R,R,260407974311.74908,460432474458.7166,0.7681197193581595,1,,
41.277630765456706,all,R,R,260407974311.74908,457511567967.7349,0.7569030640360574,1,,
41.65839567803778,all,R,R,260407974311.74908,457169668346.73584,0.7555901256673201,1,,
41.731401938712224,all,R,R,260407974311.74908,449618028674.34814,0.7265908613692644,1,,
41.731559705222026,all,R,R,260408006566.38303,449618043302.9215,0.7265907036860066,1,,
41.75311354151927,all,R,R,260420368147.9112,449597575666.154,0.7264301516185387,1,,
41.7852884659078,all,R,R,260429014840.52863,449589710120.71234,0.7263426288964561,1,,
41.96198526863009,all,R,R,260662073929.97696,448713259645.42505,0.7214366972541055,1,,
42.164603765588254,all,R,R,260669987105.78436,447475312922.85425,0.7166353437584707,1,,
42.201946705114096,all,R,R,260669987105.78436,447475344762.2996,0.7166354659031247,1,,
42.27585514145903,all,R,R,260669987105.78436,447478202196.52704,0.7166464277873796,1,,
42.69802747806534,all,R,R,260669987105.78146,445356418246.2253,0.708506695346929,1,,
42.8112164051272,all,R,R,260670015469.75586,445356461751.72473,0.7085066763399837,1,,
42.839792968472466,all,R,R,260670015469.75586,434061797411.1405,0.665177318645237,1,,
42.9697116415482,all,R,R,260910516039.93875,434054424466.25366,0.6636141427117142,1,,
43.13547636545263,all,R,R,260910516039.93875,434549987603.1866,0.6655135032451818,1,,
43.33006343874149,all,R,R,262730715297.03897,429627764306.6177,0.6352399597469511,1,,
43.41098370519467,all,R,R,262730715297.03897,429627337997.5031,0.6352383371383648,1,,
43.497293941443786,all,R,R,262730715297.03897,429504156698.03876,0.6347694871246725,1,,
43.53806017804891,all,R,R,262730715297.03897,429504156698.0348,0.6347694871246574,1,,
43.86326456582174,all,R,R,262730715297.03897,429462961023.7528,0.6346126890348893,1,,
43.90304470504634,all,R,R,262730738880.91437,429462478231.94403,0.6346107047131728,1,,
43.93030456546694,all,R,R,262731498511.91467,427845953214.601,0.6284532141668522,1,,
44.069926041411236,all,R,R,262731498511.91467,427884885721.847,0.6286013977971612,1,,
44.09877026849426,all,R,R,265281860482.08774,422379258142.9543,0.592190500230128,1,,
44.29412743868306,all,R,R,265281860482.08774,418549914041.1538,0.5777554985498716,1,,
44.41460750508122,all,R,R,265281860482.08774,418549938377.8726,0.5777555902889704,1,,
44.418525878107175,all,R,R,265559819880.75424,418144766321.5992,0.5745784377672833,1,,
44.56184606580064,all,R,R,265589863333.0509,418139480357.4079,0.5743804191542472,1,,
44.70506396563724,all,R,R,265589863333.0509,417291763257.8514,0.571188591390499,1,,
44.73860744154081,all,R,R,265631840067.4652,417228518171.3562,0.5707022097403249,1,,
44.93727120500989,all,R,R,265635136800.80493,417227353837.3863,0.5706783329279879,1,,
44.95834246859886,all,R,R,265635136800.80493,417568787759.1648,0.5719636821701499,1,,
45.14063106593676,all,R,R,265635136800.80493,417545644507.02545,0.5718765579575247,1,,
45.31459187809378,all,R,R,265635136800.80493,416149222596.066,0.5666196407899491,1,,
45.35398294148035,all,R,R,265635136800.80493,416270324728.332,0.5670755373017,1,,
45.3873655050993,all,R,R,265635136800.80493,416277263540.2347,0.5671016588908326,1,,
45.47176176542416,all,R,R,266021498566.45694,416402625843.0958,0.5652968955028685,1,,
45.58244663872756,all,R,R,266855921413.69144,414359576546.9213,0.5527464196852632,1,,
45.76330836582929,all,R,R,266881731239.3823,414329474012.6753,0.5524834618261609,1,,
45.99027514155023,all,R,R,266916813962.29953,414282463966.1812,0.5521032857251782,1,,
46.08755546552129,all,R,R,266916813962.29953,413924540715.24225,0.5507623314195063,1,,
46.14293086854741,all,R,R,270053995628.81427,413076436566.31934,0.529606831420808,1,,
46.16077700513415,all,R,R,270076903653.20288,413077017874.06647,0.5294792419735583,1,,
46.32423976599239,all,R,R,270076903653.20288,413095483217.26685,0.5295476126596503,1,,
46.511802738532424,all,R,R,270076903653.20288,408293090109.4849,0.5117660362167105,1,,
46.58415774139576,all,R,R,270076903653.20288,408414313074.46344,0.5122148823169834,1,,
46.626674877945334,all,R,R,270729445915.6201,407343565754.21265,0.5046149279276104,1,,
46.769137205090374,all,R,R,270729445915.6201,407348037778.7541,0.5046314463544344,1,,
46.82421556557529,all,R,R,270790089563.7111,407475996167.83093,0.5047670201828438,1,,
47.07951836590655,all,R,R,270822601777.85904,407458591161.40955,0.5045221059342215,1,,
47.14067016867921,all,R,R,270822601777.85904,406604346944.1154,0.5013678484546527,1,,
47.24473384139128,all,R,R,270842002816.67017,406596034337.9836,0.5012296102876028,1,,
47.38907120516524,all,R,R,270848004553.4755,406589520414.1259,0.5011722943443357,1,,
47.45941626559943,all,R,R,270848004553.4755,406794726305.4517,0.5019299365934049,1,,
47.67011286597699,all,R,R,270848004553.4755,406775817393.44934,0.5018601228540218,1,,
47.84713704138994,all,R,R,270848004553.4755,406366911882.7126,0.5003503996740009,1,,
47.84809157811105,all,R,R,270848004553.4755,407001784925.02155,0.5026944193146685,1,,
47.9223660051357,all,R,R,270848004553.4755,406994374070.1856,0.5026670576405512,1,,
47.926884438609704,all,R,R,272140755454.97656,401217554375.62915,0.47430161169669893,1,,
48.0605441685766,all,R,R,272140755454.97656,400999195284.18695,0.47349923613528344,1,,
48.17477166559547,all,R,R,272217042857.1723,400754749262.81805,0.47218831362108116,1,,
48.34353106585331,all,R,R,272219445394.78683,400719520026.9991,0.47204590563269555,1,,
48.50290214153938,all,R,R,272392545647.82364,400474549460.61957,0.47021111942759686,1,,
48.5555459051393,all,R,R,272395976874.00818,400473003949.3681,0.4701869261989857,1,,
48.74657496553846,all,R,R,272395976874.00818,399617287440.0389,0.46704548292530257,1,,
48.92131506581791,all,R,R,272395976874.00818,399623764209.5577,0.46706925996339654,1,,
48.92276523867622,all,R,R,272395976874.00818,397534209575.25543,0.4593982412564326,1,,
49.00709367799573,all,R,R,273077173280.28995,396916462019.0324,0.45349557142087527,1,,
49.02352966857143,all,R,R,274453314083.57367,393881205327.8373,0.4351482934102835,1,,
49.10094734141603,all,R,R,274453314083.57367,393844358102.06,0.43501403660270843,1,,
49.110739305149764,all,R,R,274453314083.57367,393842353797.8984,0.4350067337061545,1,,
49.52533166552894,all,R,R,274786801902.6001,393455171190.634,0.4318561461699919,1,,
49.595442465972155,all,R,R,274809229781.7392,393430376950.12317,0.4316490652901144,1,,
49.619615705218166,all,R,R,274809242006.99112,393429570921.0245,0.4316460685518564,1,,
49.756665038643405,all,R,R,274960040230.1997,389050864396.64594,0.41493601786982603,1,,
49.7624143413268,all,R,R,275128379959.72626,389048243591.5541,0.4140607510155936,1,,
49.967269068583846,all,R,R,275128379959.72626,389675901776.308,0.41634207940798174,1,,
50.033188878092915,all,R,R,275128379959.72626,389628572816.7975,0.416170054408171,1,,
50.11829660506919,all,R,R,275128379959.72626,389628584807.53894,0.4161700979905214,1,,
50.17000806587748,all,R,R,275128379959.72626,389627675883.1523,0.41616679435319104,1,,
50.21428616554476,all,R,R,275128379959.72626,389783090071.07,0.41673167314883,1,,
50.301301141502336,all,R,R,275128379959.72626,389780881712.5412,0.41672364650130955,1,,
50.68220853875391,all,R,R,275128379959.72626,389947515778.3918,0.41732930581524497,1,,
50.81042906595394,all,R,R,275149840160.76874,389924071833.2729,0.41713355750249437,1,,
50.925576905021444,all,R,R,275172078983.65216,389928865025.1555,0.41703644666769035,1,,
50.946532365633175,all,R,R,275173394521.59247,389929826834.26715,0.41703316744042973,1,,
51.09042624151334,all,R,R,275177397132.2392,389922073632.17816,0.41698438060593057,1,,
51.136821877909824,all,R,R,275321934268.289,389111100514.8087,0.4132949543193214,1,,
51.313995368545875,all,R,R,275392764071.55347,390979445139.92224,0.4197157520026076,1,,
51.37861736584455,all,R,R,275392764071.55347,390987592801.17786,0.4197453376065834,1,,
51.404695405159146,all,R,R,275392764071.55347,390987586296.7831,0.41974531398797166,1,,
51.57445903867483,all,R,R,275516266807.6383,388049975349.4539,0.40844669480218054,1,,
51.581707541365176,all,R,R,275516266807.6383,388050538208.53143,0.40844873772721013,1,,
51.721004265593365,all,R,R,275516266807.6383,388056763979.1079,0.40847133447131023,1,,
51.99442437803373,all,R,R,275516266807.6383,387739999169.12994,0.40732162083135637,1,,
52.00797270517796,all,R,R,275516285707.79785,387739597436.0331,0.4073200661802441,1,,
52.10237546591088,all,R,R,275539787287.4885,387737005851.0707,0.40719062632693226,1,,
52.18522644136101,all,R,R,275699633533.9085,387785385937.39966,0.4065502408065611,1,,
52.32765366858803,all,R,R,275699633533.9085,386280296029.2163,0.4010910753775354,1,,
52.43605563859455,all,R,R,275699633533.9085,386375582096.43994,0.40143669087945777,1,,
52.45522706559859,all,R,R,275916488959.11255,386410505204.3505,0.4004618087961094,1,,
52.663833105005324,all,R,R,275916488959.11255,386410528424.17285,0.4004618929513639,1,,
52.68190394155681,all,R,R,275916488959.11255,386464264383.94965,0.40065664738586504,1,,
52.696456065867096,all,R,R,275916488959.11255,386449393310.0565,0.4006027503753993,1,,
52.96406227792613,all,R,R,276014577361.1464,385633554140.1583,0.39714922967848487,1,,
53.030219765612856,all,R,R,276014577361.1464,385373096401.3884,0.39620559205883454,1,,
53.22589050512761,all,R,R,276014587713.4498,385373102100.40735,0.3962055603397683,1,,
53.231741841416806,all,R,R,276014587713.4498,385206389123.14557,0.39560155973732614,1,,
53.39629616588354,all,R,R,276036250842.26025,385198948123.4862,0.39546507731553904,1,,
53.4641656386666,all,R,R,276036557318.2671,382191350932.0228,0.3845678798673049,1,,
53.69701490504667,all,R,R,276036557318.2671,382191360147.1249,0.38456791325093387,1,,
53.74188476544805,all,R,R,276074444543.4808,382208030510.48615,0.38443828490720633,1,,
53.89898914145306,all,R,R,276076856389.61725,384179498483.1126,0.39156720163798897,1,,
53.97346186591312,all,R,R,276076856389.61725,384171472192.6332,0.39153812897110774,1,,
54.119592568604276,all,R,R,276076956673.60394,381519109407.061,0.3819302922051462,1,,
54.2458192051854,all,R,R,276080523475.71857,381520964783.9944,0.3819191588773896,1,,
54.35954936547205,all,R,R,276080523475.71857,380876520933.4305,0.3795848984143526,1,,
54.48977314145304,all,R,R,276080523475.71857,382305871971.9099,0.3847621960392795,1,,
54.76045870501548,all,R,R,276080523475.71857,382297859993.6297,0.3847331755992305,1,,
54.76426706579514,all,R,R,276101490332.0826,382288617689.92694,0.3845945461218887,1,,
54.804926577955484,all,R,R,276101490332.0826,382092223605.0035,0.383883234912785,1,,
54.84540183865465,all,R,R,276101490332.0826,382092452319.64514,0.3838840632844154,1,,
55.14003626559861,all,R,R,276102912880.42975,382095227777.0195,0.3838869854389808,1,,
55.15469584148377,all,R,R,276113450419.6671,380788148620.3773,0.37910032286226647,1,,
55.27753296867013,all,R,R,276113450419.6671,380790237568.7286,0.3791078884058794,1,,
55.31204326590523,all,R,R,276113450419.6671,380783457281.40405,0.37908333224132384,1,,
55.35098500503227,all,R,R,276125495684.21277,380782081137.95374,0.37901818951709587,1,,
55.74973107804544,all,R,R,276653081136.49554,381310089047.7381,0.3782969178630138,1,,
55.7732907414902,all,R,R,276653081136.49554,380659465863.19885,0.37594515231655223,1,,
55.80493390513584,all,R,R,276653081136.49554,380653711480.7729,0.3759243523225586,1,,
55.85622686543502,all,R,R,276653081136.49554,379983906848.8786,0.3735032528388922,1,,
55.88665233855136,all,R,R,277065737247.4295,378794109222.74084,0.3671633056687349,1,,
56.022265465930104,all,R,R,277085965242.8995,378790289711.2265,0.3670497146225751,1,,
56.4073685684707,all,R,R,279050114585.4081,377337183467.50323,0.352220134466251,1,,
56.46230164146982,all,R,R,279054786094.472,376411424195.9741,0.34888001551259085,1,,
56.463726005051285,all,R,R,279054800930.7509,376410933145.09247,0.3488781841044226,1,,
56.54482307797298,all,R,R,279054800930.7509,376387667132.9647,0.3487948097562654,1,,
56.61490156594664,all,R,R,279054800930.7509,376373770035.12006,0.34874500915151585,1,,
56.702350365463644,all,R,R,279204512073.9,376290624143.4594,0.3477240082848754,1,,
56.82492793863639,all,R,R,279204512073.9,376647586272.4907,0.34900250527756294,1,,
57.06829984136857,all,R,R,279204512073.9,376072755152.056,0.3469436878316525,1,,
57.1557775051333,all,R,R,279204512073.9,376072772215.75464,0.3469437489470637,1,,
57.31284686550498,all,R,R,279204512073.9,376112863517.3451,0.34708734011359854,1,,
57.38481716578826,all,R,R,279207323656.8858,376090766854.86346,0.34699463441380374,1,,
57.40389357809909,all,R,R,279207323656.8858,376088722484.17285,0.34698731236127367,1,,
57.45916376868263,all,R,R,279207323656.8858,375636301347.4421,0.3453669353209967,1,,
57.72762974142097,all,R,R,279208855403.6191,375633042270.38696,0.345347882062619,1,,
57.79309660522267,all,R,R,279214403515.80347,375633840436.8639,0.34532400802741225,1,,
57.819801138713956,all,R,R,279214403515.80115,375633840436.8615,0.3453240080274149,1,,
58.02476256596856,all,R,R,279214403515.80115,375626534342.6697,0.34529784141817177,1,,
58.04784986563027,all,R,R,279393461839.0028,375609506857.80316,0.34437471938496445,1,,
58.16363764135167,all,R,R,279393461839.0028,375609625897.426,0.34437514544941883,1,,
58.34420520509593,all,R,R,279393461839.0028,375599883955.1397,0.3443402772666697,1,,
58.36128837801516,all,R,R,279578598615.28613,375195632721.06964,0.3420041254207631,1,,
58.413527368567884,all,R,R,280512231038.7425,373323969487.1413,0.33086521077785114,1,,
58.577843938721344,all,R,R,280512231038.7425,371034742906.1156,0.3227043310452682,1,,
58.692175465868786,all,R,R,280530210794.30615,371030244677.92896,0.3226035214794758,1,,
58.73094996553846,all,R,R,280530210794.30615,370975839205.04474,0.3224095834621401,1,,
58.93083720514551,all,R,R,280535420986.98865,370966717618.016,0.3223525083316363,1,,
58.938971241470426,all,R,R,280536076262.0069,370967084012.5884,0.3223507256375946,1,,
59.16630717809312,all,R,R,280536076262.0069,371068596412.90405,0.3227125771387216,1,,
59.21328736864962,all,R,R,280536076262.0069,370767438173.789,0.3216390672959668,1,,
59.294061166001484,all,R,R,280536076262.0069,370753161583.8082,0.32158817690721175,1,,
59.33591056545265,all,R,R,280536076262.0069,370723005738.83514,0.32148068326370294,1,,
59.38458750513382,all,R,R,280536076262.0069,370723655346.84015,0.3214829988589507,1,,
59.42743374151178,all,R,R,280536076262.0069,370724043217.9121,0.32148438146569824,1,,
59.6413393386174,all,R,R,280658713282.5821,369045655681.36426,0.3149267712554127,1,,
59.95332776592113,all,R,R,280675211674.52185,369035946506.99426,0.31481488623561726,1,,
60.04148660507053,all,R,R,280677314394.3197,369033419303.0888,0.31479603223165675,1,,
60.10764664155431,all,R,R,280711632684.83014,368809421957.16437,0.31383732989521773,1,,
60.10862436564639,all,R,R,280720596412.49646,368026648053.7989,0.3110069327190128,1,,
60.16224377788603,all,R,R,281020159188.485,367656435413.6521,0.3082920331244232,1,,
60.33955976855941,all,R,R,281061759945.44275,366184812201.004,0.30286244657432104,1,,
60.54235406592488,all,R,R,281061759945.44275,366185995668.7242,0.3028666572777634,1,,
60.59489060519263,all,R,R,281061759945.44275,366187118375.0025,0.3028706517958315,1,,
60.64613884151913,all,R,R,281061759945.44275,366194961233.57355,0.3028985561915507,1,,
60.83621956547722,all,R,R,281061759945.44275,366199261493.32025,0.3029138562442777,1,,
60.90622347802855,all,R,R,281061759945.44275,366003377741.1092,0.30221691421897656,1,,
61.090992105193436,all,R,R,281064235080.8739,365995623971.1676,0.302177859327621,1,,
61.09568113856949,all,R,R,281064235080.8739,365457872590.9994,0.3002645907112369,1,,
61.12266596592963,all,R,R,281079850195.63116,365444272335.7916,0.30014397005492555,1,,
61.217529168585315,all,R,R,281079850195.63116,363869314069.1446,0.2945407286075188,1,,
61.282954641385004,all,R,R,281235658097.56647,363847789823.9815,0.2937470030836389,1,,
61.48175850510597,all,R,R,281235658097.56647,363849497038.06555,0.2937530734877105,1,,
61.55208876542747,all,R,R,281501250501.31244,363747830054.7629,0.292171275996044,1,,
61.72647926583886,all,R,R,281501250501.31244,363756107303.9328,0.29220067994773213,1,,
61.78903624136001,all,R,R,281501250501.31244,363749131310.3079,0.2921758985529339,1,,
61.91010250500403,all,R,R,281503217419.09186,363748431735.58124,0.29216438472902295,1,,
62.05568807804957,all,R,R,281519259916.34705,363322888269.13257,0.29057915389907363,1,,
62.12649186560884,all,R,R,281519259916.34705,363084625090.2293,0.2897328061963478,1,,
62.17142156860791,all,R,R,282006266931.6443,363610707915.8139,0.28937101955946876,1,,
62.184674938675016,all,R,R,282246029981.00964,362460440310.08466,0.28420031394054357,1,,
62.35011640517041,all,R,R,282246029981.00964,362464588308.7016,0.2842150103336769,1,,
62.407441465882584,all,R,R,282262798728.4416,362464489725.68005,0.28413836806882453,1,,
62.502633441472426,all,R,R,282369515255.14233,362462962050.92896,0.2836476406577251,1,,
62.848711765604094,all,R,R,282373127843.3961,362465391887.17206,0.283639823149868,1,,
62.87356800516136,all,R,R,282373144023.02295,362461539372.8728,0.2836261062536456,1,,
62.891491478076205,all,R,R,282373144023.02295,362364012060.3811,0.28328072173477015,1,,
62.99219036591239,all,R,R,282373144023.02295,362334744463.1433,0.2831770730774623,1,,
62.992735338630155,all,R,R,282373144023.02295,361751695543.5499,0.2811122558951815,1,,
63.05678666848689,all,R,R,282373144023.02295,360194618756.7051,0.2755980034961718,1,,
63.058024341473356,all,R,R,282373144023.02295,360187635340.4171,0.2755732723330433,1,,
63.30216370522976,all,R,R,282373144023.02295,360187648522.103,0.27557331901484083,1,,
63.46214316552505,all,R,R,282373144023.02295,359671329867.3728,0.2737448212782141,1,,
63.68172666593455,all,R,R,282387653928.7483,359667932572.5388,0.27366734192738384,1,,
63.785557305207476,all,R,R,282392921746.9252,359666519459.2503,0.2736385785957347,1,,
63.803084841463715,all,R,R,282449059794.3516,359666250999.6859,0.2733844866099231,1,,
63.91260817809962,all,R,R,282449112455.5095,359464817419.33234,0.27267108150659913,1,,
64.09814026858658,all,R,R,282542566272.372,357470814373.14105,0.2651927781689998,1,,
64.21437933854759,all,R,R,282810724253.24,357706701736.9519,0.2648272185627836,1,,
64.26356184133328,all,R,R,282810724253.24,357705944514.09534,0.264824541072888,1,,
64.26469856547192,all,R,R,282816673457.63074,357713447876.5485,0.26482446562733575,1,,
64.28288290509954,all,R,R,282816673457.63074,357703669018.4789,0.2647898889598781,1,,
64.31571006588638,all,R,R,282816673457.63074,357693676525.8477,0.26475455691064287,1,,
64.75613047811203,all,R,R,282816673457.63074,357693705593.61487,0.2647546596901813,1,,
64.82558954134583,all,R,R,282826166702.16736,357685991956.58795,0.2646849339553947,1,,
64.93536986550316,all,R,R,282826166702.16736,357692967551.3008,0.26470959784980774,1,,
64.98088386585005,all,R,R,282838361913.5247,357678920151.16187,0.2646054012309651,1,,
65.04794670501724,all,R,R,282838372935.1374,357678541431.8142,0.2646040129563316,1,,
65.12690613861196,all,R,R,282838372935.1374,356847946318.3619,0.26166737071492396,1,,
65.14638236863539,all,R,R,282838372935.1374,356694642394.99475,0.26112535117996405,1,,
65.41039524134248,all,R,R,282838372935.1374,356519534884.34045,0.2605062431401419,1,,
65.50759880500846,all,R,R,282838372935.1374,356519547745.3592,0.26050628861140757,1,,
65.55259706592187,all,R,R,282838372935.1374,356511402642.152,0.26047749088101924,1,,
65.6501621780917,all,R,R,283030361503.78204,356387393972.967,0.2591843224148398,1,,
65.70070796553046,all,R,R,283124031011.4277,356469631541.7927,0.25905819533702745,1,,
65.94094700505957,all,R,R,283124365348.2545,356470034992.7983,0.2590581335319748,1,,
66.153820741456,all,R,R,283219350933.0947,356446416742.0454,0.2585524808516675,1,,
66.15392623865046,all,R,R,283431577499.5415,356447575454.3247,0.25761419598668867,1,,
66.16442576865666,all,R,R,283431938839.8007,356444284811.6867,0.25760098269360343,1,,
66.22959246579558,all,R,R,283446728216.89636,356448130075.305,0.2575489310377477,1,,
66.45807607797906,all,R,R,283446728216.89636,356263579030.77856,0.25689783498986807,1,,
66.5179418050684,all,R,R,283446728216.89636,356255762918.07025,0.256870259745809,1,,
66.54302606545389,all,R,R,283446728216.89636,355924325927.2054,0.25570095010886273,1,,
66.66574914148077,all,R,R,283446728216.89636,355913093658.9233,0.2556613226686282,1,,
66.7810440659523,all,R,R,283446728216.89636,355910171454.1676,0.2556510131308394,1,,
67.00208563869819,all,R,R,283446728216.89636,355354167792.13196,0.25368943232328034,1,,
67.02237466862425,all,R,R,283446728216.89636,355353810581.48083,0.25368817208417527,1,,
67.20122360507958,all,R,R,283449004004.54944,355352199065.37805,0.25367242094692477,1,,
67.26873384136707,all,R,R,283535955189.10876,355316860061.9498,0.25316332394233965,1,,
67.30538256559521,all,R,R,283784653567.25085,355309013189.96313,0.25203744714039855,1,,
67.3240425658878,all,R,R,283784653567.25085,355306426044.5912,0.2520283305608393,1,,
67.51222707796842,all,R,R,283836136680.5755,355153754684.6422,0.2512633480645432,1,,
67.75295100500807,all,R,R,283836136680.5755,355151248668.1928,0.2512545189687181,1,,
67.82796434150077,all,R,R,283836136680.5755,355109828347.98346,0.25110858857136353,1,,
67.95961526595056,all,R,R,283850746993.47394,355111819828.22974,0.251051207684136,1,,
67.9852084654849,all,R,R,283850746993.47394,355099335912.59155,0.2510072271212156,1,,
67.99364176858217,all,R,R,284064972536.88336,355101481784.42334,0.25007134323228297,1,,
68.1069207387045,all,R,R,284335823576.88434,354899127173.46594,0.24816888251684288,1,,
68.30892490502447,all,R,R,284337355550.159,354899923069.03326,0.24816495666685823,1,,
68.44108567805961,all,R,R,284337355550.159,354489347080.8629,0.24672098182445334,1,,
68.4597126415465,all,R,R,284376625370.8734,354489156498.6349,0.24654815084159365,1,,
68.55383126577362,all,R,R,284376625370.8734,354489933941.21655,0.24655088468999153,1,,
68.80517026549205,all,R,R,284377015202.8046,354110681811.89105,0.24521555147259555,1,,
68.81172046856955,all,R,R,284377015202.8046,353564157306.01917,0.24329372067525723,1,,
68.88571140519343,all,R,R,284377015202.8046,353560150741.82153,0.24327963175813871,1,,
69.06207934138365,all,R,R,284377015202.8046,353558046163.26965,0.24327223109479612,1,,
69.08878663857467,all,R,R,284377015202.8046,353111994615.8122,0.2417037092958758,1,,
69.1900225658901,all,R,R,284377015202.8046,353114399972.37006,0.2417121676326235,1,,
69.49075040500611,all,R,R,284380945475.1813,353114841613.6563,0.24169655960467162,1,,
69.50614777789451,all,R,R,284405038118.7427,353103733148.59503,0.24155231385588105,1,,
69.5688738655299,all,R,R,284405038118.7427,352906764811.8991,0.24085975110101998,1,,
69.6734758685343,all,R,R,284405879466.67303,351613021628.1565,0.23630714768454308,1,,
69.78733794135042,all,R,R,284459038543.7461,351573120999.9264,0.23593584088508068,1,,
69.9261540658772,all,R,R,284460855487.8826,351566133243.8572,0.23590338164764835,1,,
70.0195511050988,all,R,R,284460855487.8826,351559051870.38696,0.2358784876303044,1,,
70.33546317811124,all,R,R,284460855487.8826,351559536175.24207,0.23588019016633277,1,,
70.37434664135799,all,R,R,284460855487.8826,351555838939.57184,0.23586719282206237,1,,
70.428721065633,all,R,R,284517163566.61945,351523596385.0113,0.2355092816841693,1,,
70.51270893868059,all,R,R,284517566070.203,351523874788.3331,0.2355085123341618,1,,
70.52337496588007,all,R,R,284517566070.203,351524574175.7623,0.23551097048617997,1,,
70.57548276847228,all,R,R,284517566070.203,351526271639.6551,0.23551693659898,1,,
71.04083104152232,all,R,R,284581277902.1296,351529382647.6494,0.23525126192083512,1,,
71.14855806552805,all,R,R,284581277902.1296,351482283927.05884,0.23508576009675952,1,,
71.22371540521272,all,R,R,284588790340.8451,351481586792.71576,0.23505070727401023,1,,
71.23604226578027,all,R,R,284601695384.8261,351481562046.2607,0.23499461790275888,1,,
71.37627867795527,all,R,R,284634179343.6916,351472187561.575,0.23482073857749008,1,,
71.53499033860862,all,R,R,284634179343.6916,350551140042.33575,0.23158483935638108,1,,
71.53755094134249,all,R,R,284634179343.6916,350550747684.70374,0.2315834608935663,1,,
71.59950516861863,all,R,R,285354048825.63544,349640357270.9893,0.2252861268656321,1,,
71.64641610509716,all,R,R,285354048825.63544,349636494502.50446,0.2252725901083974,1,,
71.78865466546267,all,R,R,285481363609.1699,349513479600.4064,0.224295257601816,1,,
71.92329726577736,all,R,R,285481363609.1699,349517334595.54877,0.22430876109323017,1,,
72.12083450518548,all,R,R,285482584302.6088,349516935073.1255,0.2243021266146339,1,,
72.19431754155084,all,R,R,285546982811.70715,349494900950.07776,0.22394884900793577,1,,
72.28789817797951,all,R,R,285546982811.70715,349494523957.253,0.22394752875996438,1,,
72.40168513869867,all,R,R,285601330378.6837,348494234167.64886,0.2202122227707215,1,,
72.4322580685839,all,R,R,285601330378.6837,347785061460.925,0.21772913662478666,1,,
72.50917736557312,all,R,R,285601330378.6837,347647070045.0042,0.2172459756544305,1,,
72.57799770520069,all,R,R,285601330378.6837,347651629265.25775,0.217261939236419,1,,
72.62047476577573,all,R,R,285613073174.46204,347648209453.3521,0.21719991872009636,1,,
72.74717064155266,all,R,R,285613073174.46204,347594445707.31616,0.2170116789261738,1,,
73.13555366545916,all,R,R,285757950680.0508,347468603043.6562,0.2159542795458378,1,,
73.18401710502803,all,R,R,285764402832.55817,347468023913.4348,0.2159247984327548,1,,
73.1953794658184,all,R,R,285764402832.55817,347460130560.15765,0.21589717654143814,1,,
73.30451473873109,all,R,R,285764402832.55817,347193984399.3805,0.21496582834642486,1,,
73.30818634154275,all,R,R,285764402832.55817,347212337235.4713,0.21503005200727587,1,,
73.46179996849969,all,R,R,285785964916.64307,347673882668.28766,0.21655338382238543,1,,
73.66648227791302,all,R,R,285884240077.84344,347696175957.5058,0.21621316328186402,1,,
73.69832550501451,all,R,R,285884240077.84344,347691940579.169,0.21619834827025075,1,,
73.76038016565144,all,R,R,285884240077.84344,347712867345.79456,0.21627154841104845,1,,
73.91731716599315,all,R,R,285895643705.1422,347698708099.25037,0.21617350860319018,1,,
74.35508270515129,all,R,R,285897493229.9588,347695527607.171,0.2161545163584404,1,,
74.36272804136388,all,R,R,285919062533.5405,347695498276.2738,0.216062668908221,1,,
74.49189706845209,all,R,R,285919062533.5405,347035796516.2517,0.21375536643535864,1,,
74.52801806596108,all,R,R,285919062533.5405,347035521496.76636,0.2137544045565567,1,,
74.65678186551668,all,R,R,286081585254.7866,347060492091.0553,0.2131521565149339,1,,
74.69743843865581,all,R,R,286296253772.6737,345917597403.7949,0.20825051968183295,1,,
74.77377237798646,all,R,R,286296253772.6737,345946731329.6546,0.20835228114561666,1,,
74.94967230502516,all,R,R,286296253772.6737,345947751348.80414,0.20835584395559437,1,,
74.95049694133922,all,R,R,286296253772.6737,345947389969.5248,0.20835458169919163,1,,
75.08818076597527,all,R,R,286306927643.7094,345946806935.5315,0.20830749637340285,1,,
75.38188566546887,all,R,R,286306927643.7094,345953597624.10364,0.20833121458597992,1,,
75.4409802686423,all,R,R,286863495866.22906,345986211491.4479,0.20610051985418543,1,,
75.56577093875967,all,R,R,286863495866.22906,345543047373.22504,0.20455565923368502,1,,
75.62988330516964,all,R,R,286866739488.3362,345537967140.59143,0.20452432985749036,1,,
75.63055046577938,all,R,R,286866739488.3362,345537553666.8981,0.20452288851335232,1,,
75.68395364144817,all,R,R,286866837092.9821,345537597969.44617,0.20452263311791286,1,,
75.69021397805773,all,R,R,286867636222.19293,345538046475.2356,0.20452084112966862,1,,
76.03245326550677,all,R,R,286867636222.19293,345598985899.0601,0.20473327158932952,1,,
76.06138100521639,all,R,R,286867636222.19293,345599870844.70135,0.2047363564463489,1,,
76.14743094146252,all,R,R,286867636222.19293,345599928494.1366,0.20473655740814434,1,,
76.23431156598963,all,R,R,286867636222.19293,345602055363.11707,0.2047439715208288,1,,
76.36022496852092,all,R,R,286867636222.19293,344074086803.8589,0.1994175827396465,1,,
76.48888853867538,all,R,R,286921537754.8266,343588692851.5872,0.19750052763617387,1,,
76.52509297803044,all,R,R,286921537754.8266,343583401523.1681,0.197482085910047,1,,
76.57835400500335,all,R,R,286921539794.3588,343583403186.635,0.19748208319558946,1,,
76.6930055655539,all,R,R,287077573355.55383,343555324666.5583,0.1967334147730695,1,,
76.823163341498,all,R,R,287153326233.2463,343499294828.1158,0.19622258719406682,1,,
77.10483976593241,all,R,R,287156817126.3349,343497186456.1297,0.19620070278536272,1,,
77.1288389051333,all,R,R,287156817126.3349,343492332278.351,0.19618379851045376,1,,
77.21527896868065,all,R,R,287156817126.3349,343581386735.5273,0.19649392333377325,1,,
77.3273880656343,all,R,R,287156817126.3349,343332704244.3338,0.19562790700972377,1,,
77.3804952413775,all,R,R,287156817126.3349,343297739893.51965,0.19550614653346532,1,,
77.4034469386097,all,R,R,287156817126.3349,343404210388.2168,0.19587692127516454,1,,
77.5343104780186,all,R,R,287156873018.2273,343404242409.3377,0.19587680002191732,1,,
77.70058336597867,all,R,R,287156873018.2273,343390863480.52136,0.1958302090116597,1,,
77.75960020511411,all,R,R,287158719407.9451,343386777104.6066,0.1958082896197293,1,,
77.98703376553021,all,R,R,287163662194.5352,343269195207.499,0.19537824731792086,1,,
78.04072674154304,all,R,R,287165976300.68854,343270446584.1308,0.19537297212639104,1,,
78.25457790517248,all,R,R,287165976300.68854,343271248772.8303,0.1953757655934647,1,,
78.39333256846294,all,R,R,287166001297.66077,342408924557.1526,0.1923727844168781,1,,
78.45140277803876,all,R,R,287166001297.66077,342408956012.30084,0.19237289395334178,1,,
78.47031536581926,all,R,R,287169011272.8051,342403031027.88116,0.1923397636474249,1,,
78.529273041524,all,R,R,287169011272.8051,342396551557.55054,0.1923172003830187,1,,
78.66177153866738,all,R,R,287296146557.8066,342293611302.2229,0.19143126492770524,1,,
78.68663536547683,all,R,R,287296146557.8066,342320555143.4955,0.1915250491346827,1,,
78.81039610505104,all,R,R,287297910708.39014,342316556894.6152,0.19150381584942822,1,,
79.06013586581685,all,R,R,287297910708.39014,342316436479.15826,0.1915033967184412,1,,
79.15159794152714,all,R,R,287314261342.12714,342316413540.497,0.19143551016729576,1,,
79.26455116854049,all,R,R,287314261342.12714,342316890808.17706,0.19143717130196358,1,,
79.34513460518792,all,R,R,287314261342.12714,342317727443.4258,0.19144008321884787,1,,
79.4236891779583,all,R,R,287390795869.3174,342125466661.10815,0.19045380568374148,1,,
79.57040256564505,all,R,R,287549245695.81006,342046154849.17285,0.18952200351453352,1,,
79.67187814135104,all,R,R,287549245695.81006,342045470127.2014,0.1895196222807738,1,,
79.67757283872925,all,R,R,287549245695.81006,341506023912.62274,0.18764360896252175,1,,
79.82593256584369,all,R,R,287551905957.6749,341501544050.43713,0.18761704226263443,1,,
79.873327805195,all,R,R,287562381173.4686,341501543737.3418,0.18757377910059447,1,,
80.20558166550472,all,R,R,287562381173.4686,341477682426.78754,0.18749080124216633,1,,
80.23892587795854,all,R,R,287562381173.4686,341524086286.2913,0.1876521709571981,1,,
80.32559236860834,all,R,R,287985285204.4721,340193054435.9719,0.18128623896332696,1,,
80.32729974132963,all,R,R,288034499983.6891,340192278849.8521,0.18108170677164237,1,,
80.34102380508557,all,R,R,288034499983.6891,340192277037.20905,0.1810817004784968,1,,
80.40181676577777,all,R,R,288034499983.6891,340177794304.5775,0.1810314192356861,1,,
80.79430824145675,all,R,R,288034499983.6891,340172948050.5228,0.18101459398018727,1,,
80.80390153871849,all,R,R,288455673018.3643,339581861302.7989,0.1772410566568392,1,,
80.9913770656567,all,R,R,288538474307.2149,339457111994.13275,0.17647087726922472,1,,
81.02579526579939,all,R,R,288545986528.56494,339450761065.593,0.17641823804050283,1,,
81.15014380519278,all,R,R,288555516548.78314,339451509156.4368,0.17638197743153938,1,,
81.2901598685421,all,R,R,288555516548.78314,339469407016.61255,0.17644400313941633,1,,
81.31886197789572,all,R,R,288582404613.8858,339509304210.1218,0.17647264275995833,1,,
81.41644414141774,all,R,R,288582453015.0543,339509332667.8095,0.17647254405346158,1,,
81.5583119657822,all,R,R,288582453015.0543,339506911806.29156,0.17646415524987136,1,,
81.61873006564565,all,R,R,288582453015.0543,339402877638.697,0.17610365458010557,1,,
81.66945893876255,all,R,R,288582453015.0543,339209601304.7076,0.17543391069245717,1,,
81.87623420520686,all,R,R,288582453015.0543,339209600800.19855,0.1754339089442254,1,,
81.88916004146449,all,R,R,288582453015.0543,339209464153.2504,0.17543343543328693,1,,
82.28524466580711,all,R,R,288590100254.13947,339205682503.674,0.1753891841922548,1,,
82.37771286559291,all,R,R,288614252497.7956,339211795790.1976,0.17531200505348732,1,,
82.40571546857245,all,R,R,289438699723.6944,339377891647.1703,0.1725380606364979,1,,
82.48785874154419,all,R,R,289505209463.0788,339382692379.207,0.17228526909284914,1,,
82.59564090520144,all,R,R,289515010541.65656,339382692384.1923,0.17224558322291417,1,,
82.71456573856995,all,R,R,289677616320.89404,339047658701.7697,0.17043098810294466,1,,
82.88422786584124,all,R,R,289677616320.89404,339040837298.0688,0.17040743984337414,1,,
82.96440656553023,all,R,R,289677616320.89404,338833338521.75146,0.16969113052354223,1,,
83.02842717804015,all,R,R,289677616320.89404,339128968240.296,0.17071167785577757,1,,
83.08458394138142,all,R,R,289677616320.89404,339127129210.289,0.1707053293155265,1,,
83.13044680515304,all,R,R,289677616320.89404,339127129186.2659,0.17070532923259618,1,,
83.27347586862743,all,R,R,289677616320.89404,339090350810.1955,0.1705783661053184,1,,
83.52752586593851,all,R,R,289684434949.45874,339082815512.4487,0.17052480079438337,1,,
83.73147746548057,all,R,R,289787378142.9643,339074202015.45306,0.1700792635908852,1,,
83.77487234142609,all,R,R,289841938201.85034,339013412226.68854,0.16964927273773078,1,,
83.80246730521321,all,R,R,289841938201.85034,339013409214.1698,0.16964926234407018,1,,
83.98934843856841,all,R,R,289841938201.85034,338267807217.0342,0.16707681888829806,1,,
84.10735136596486,all,R,R,289841938201.85034,338266731636.3449,0.16707310796676644,1,,
84.18979147798382,all,R,R,289905940517.9775,338133689714.1581,0.16635654002126232,1,,
84.26157456845976,all,R,R,290278765454.28595,338321057845.2731,0.16550398481887219,1,,
84.3382168051321,all,R,R,290281831523.6736,338321430770.9469,0.16549295901543704,1,,
84.3688287413679,all,R,R,290281831523.6736,338344573732.1509,0.16557268484974963,1,,
84.52575706550851,all,R,R,290281831523.6736,338341286725.66113,0.16556136134916222,1,,
84.83076256583445,all,R,R,290288701520.6178,338342282182.2892,0.16553720627069723,1,,
85.0445213385392,all,R,R,290389951446.05804,338526002069.81335,0.16576348590594026,1,,
85.05526947788894,all,R,R,290389951446.05804,338206350024.2711,0.1646627176322777,1,,
85.07658484135754,all,R,R,290430788654.92163,338202107521.43207,0.16448434784670996,1,,
85.0894293684978,all,R,R,290430788654.92163,337288408373.0115,0.1613383344620678,1,,
85.1172942656558,all,R,R,290430788654.92163,337287514145.2387,0.16133525549176664,1,,
85.2690924052149,all,R,R,290430788654.92163,337281724013.2946,0.1613153191345682,1,,
85.3811545658391,all,R,R,290430788654.92163,337277554462.3923,0.16130096269900673,1,,
85.62263184133917,all,R,R,290430788654.92163,337276875207.9959,0.1612986239166776,1,,
85.84486686554737,all,R,R,290511744688.67285,337220067321.4249,0.16077946412392752,1,,
85.95694920513779,all,R,R,290513952112.8724,337219041171.47144,0.16076711193702975,1,,
85.9909732658416,all,R,R,290513952112.8724,337220810483.25085,0.16077320221863767,1,,
86.04260217794217,all,R,R,290513956356.8393,337220809754.5219,0.1607731827530945,1,,
86.13439066847786,all,R,R,291012440909.1708,337208230520.209,0.15874163134302766,1,,
86.18669724138454,all,R,R,291063819296.08905,337150124038.52655,0.15833745621112572,1,,
86.21065553859808,all,R,R,291063819296.08905,336997757098.3092,0.15781397328361568,1,,
86.48692750511691,all,R,R,291063819296.08905,336999572108.2642,0.15782020906365668,1,,
86.5010551654268,all,R,R,291063819296.08905,336906374620.4638,0.15750001300484806,1,,
86.70521136582829,all,R,R,291070441155.74774,336903384190.08563,0.15746340594513786,1,,
86.77954294136725,all,R,R,291070441155.74774,336885187800.3781,0.15740089052916084,1,,
86.91190437809564,all,R,R,291070441155.74774,336885177677.0904,0.15740085574964935,1,,
87.04418906848878,all,R,R,291070441155.74774,336343517382.4722,0.15553993063314686,1,,
87.0529824050609,all,R,R,291070441789.7894,336343517791.98145,0.15553992952293028,1,,
87.22581103863195,all,R,R,291131423675.0069,335950506528.4421,0.1539479396888026,1,,
87.37702276580967,all,R,R,291131423675.0069,335946976298.74176,0.15393581379165355,1,,
87.47492210520431,all,R,R,291131423675.0069,335946976802.5974,0.1539358155223347,1,,
87.47988624149002,all,R,R,291193468457.79504,335936084671.08716,0.1536525405265985,1,,
87.5625624654349,all,R,R,291207410891.9107,335927653285.306,0.15356835272985014,1,,
87.8910311779473,all,R,R,291207442818.7535,335694892098.298,0.1527689294233916,1,,
88.07565774139948,all,R,R,291207442818.7535,335693076496.315,0.15276269468582648,1,,
88.09115766594186,all,R,R,291208690199.8888,335691366751.3227,0.152751885669691,1,,
88.14205056545325,all,R,R,291208690199.8888,335544191240.5971,0.15224649034435056,1,,
88.16661783866584,all,R,R,291208690199.8888,335616602524.10675,0.15249514804567088,1,,
88.19337646849453,all,R,R,291208690199.8888,335272690250.9399,0.15131416586780122,1,,
88.24557720520534,all,R,R,291211563224.10767,335270156360.5488,0.1512941060741293,1,,
88.65747226588428,all,R,R,291211563224.10767,335270326427.5694,0.15129469007230134,1,,
88.6831205051858,all,R,R,291211563224.10767,335269471808.0815,0.15129175536916506,1,,
88.71404904150404,all,R,R,291216399987.7458,335140655063.1034,0.1508302934766239,1,,
88.74680296564475,all,R,R,291226935606.5593,334892164102.0245,0.14993540485711065,1,,
88.74714347789995,all,R,R,291226935606.5593,334892182029.44305,0.14993546641535405,1,,
89.37061514146626,all,R,R,291226935606.5593,334886395875.44434,0.14991559821879896,1,,
89.39153926586732,all,R,R,291232597280.67914,334887412411.2118,0.14989673387577485,1,,
89.46623266860843,all,R,R,291864485779.1,334858164001.2585,0.14730698771860395,1,,
89.46636333875358,all,R,R,291865574038.6026,334858889152.05505,0.1473051943692616,1,,
89.57458380516618,all,R,R,291866845160.4574,334854910485.3065,0.147286565903763,1,,
89.72747716563754,all,R,R,291866845160.4574,334843869968.9893,0.14724873866678756,1,,
89.75136767793447,all,R,R,291881806948.7126,334840066284.155,0.14717689939130318,1,,
89.921638765838,all,R,R,291881806948.7126,334840859367.08856,0.14717961652856437,1,,
90.00725860521197,all,R,R,291881806948.7126,334841728942.589,0.14718259573274817,1,,
90.14269764139317,all,R,R,291903410386.67346,334841696329.7133,0.14709758233437942,1,,
90.31214453862049,all,R,R,291903410386.67346,334842336752.508,0.14709977628885862,1,,
90.49473826563917,all,R,R,291918147449.68945,334846316108.37695,0.14705549837762644,1,,
90.50572346593253,all,R,R,291918147449.68945,334844407592.1781,0.14704896053057737,1,,
90.54673587810248,all,R,R,291918147449.68945,334844590900.9834,0.14704958847648242,1,,
90.61897154152393,all,R,R,291918147449.68945,334845373115.64795,0.1470522680449553,1,,
90.62461040518247,all,R,R,291920944886.14343,334845934887.18524,0.1470432004040807,1,,
90.8470716685988,all,R,R,291920944886.14343,334845557557.58606,0.14704190782947868,1,,
91.13179056555964,all,R,R,291920944886.14343,334627656775.1177,0.1462954701850221,1,,
91.21832996583544,all,R,R,291926602957.1153,334628371073.3431,0.1462756997261423,1,,
91.25180660514161,all,R,R,291926602957.1153,334626668717.07947,0.1462698682731458,1,,
91.47953534149565,all,R,R,291945143763.63916,334626556360.3767,0.14619668629012272,1,,
91.52715257788077,all,R,R,291965252319.72876,334562013289.73615,0.1458966799355974,1,,
91.70812203874812,all,R,R,292013097242.6323,334403862114.8032,0.14516734102836693,1,,
91.75222730520181,all,R,R,292015526034.09454,334399842682.3472,0.14514405183820278,1,,
91.77120456588455,all,R,R,292015526034.09454,334400958313.3456,0.14514787228916814,1,,
91.79379906854592,all,R,R,292422352202.2341,333606403793.75824,0.14083756348092713,1,,
91.91895896545611,all,R,R,292503683383.4551,333513478552.2656,0.14020266238852486,1,,
91.99055494135246,all,R,R,292503683383.4551,333511961293.40424,0.1401974752440629,1,,
92.13211170514114,all,R,R,292503683383.4551,333512430713.89185,0.14019908008022153,1,,
92.3296418657992,all,R,R,292503683383.4551,333511410512.9725,0.1401955922577518,1,,
92.3530793779064,all,R,R,292503683383.4551,333523895619.05054,0.14023827584359116,1,,
92.5187923386693,all,R,R,292503683383.4551,333053048484.5575,0.13862856232119514,1,,
92.57446766551584,all,R,R,292503683383.4551,333007855254.4312,0.13847405749717545,1,,
92.59878824139014,all,R,R,292545321251.41315,332960381783.60126,0.13814974158296467,1,,
92.6808359050192,all,R,R,292546617478.8794,332961096657.41644,0.13814714224632874,1,,
92.70076126861386,all,R,R,292546617478.8794,332802807837.37573,0.13760607012112414,1,,
93.02359996596351,all,R,R,292552014949.4429,332798732813.68555,0.13757115250495833,1,,
93.15844450518489,all,R,R,292552014949.4429,332796503704.8379,0.13756353297498158,1,,
93.19444494135678,all,R,R,292552014949.4429,332775131164.37665,0.13749047745196652,1,,
93.23262366559356,all,R,R,292552022811.8729,332775154338.3018,0.13749052609454893,1,,
93.45572577789426,all,R,R,292552664968.2707,332734733246.9167,0.13734986240171154,1,,
93.65303896577097,all,R,R,292552664968.2707,332736396367.4209,0.1373555472602117,1,,
93.82760423864238,all,R,R,292637156059.4933,332366610644.68634,0.1357635343377792,1,,
93.85294926865026,all,R,R,292638282891.37366,331916599191.9617,0.1342213872788749,1,,
93.87166390521452,all,R,R,292639218783.7494,331915222760.0188,0.13421305640271353,1,,
93.89906954136677,all,R,R,292639220857.58606,331915220497.7435,0.1342130406343287,1,,
93.95770956552587,all,R,R,292639220857.58606,331814362436.8503,0.13386839079348478,1,,
94.42783980513923,all,R,R,292639220857.58606,331814704965.15845,0.13386956127332383,1,,
94.45600516581908,all,R,R,292643942806.2808,331806024933.39374,0.13382160502476803,1,,
94.48967867810279,all,R,R,292643942806.2808,331623928614.7778,0.13319935972261088,1,,
94.4922086414881,all,R,R,292643942806.2808,331623904103.98926,0.1331992759662608,1,,
94.72211686545052,all,R,R,292644426345.2337,331621684253.59546,0.1331898180844906,1,,
94.74078366858885,all,R,R,292644426345.2337,331643237012.4267,0.13326346636510333,1,,
94.76672233873978,all,R,R,292644426345.2337,331577851199.3216,0.13304003544614917,1,,
94.95179460500367,all,R,R,292646836917.05786,331573286279.57086,0.13301510370858916,1,,
95.0914801415056,all,R,R,292664599493.5534,331573790975.55286,0.13294806255806324,1,,
95.17785486578941,all,R,R,292664599493.5534,331573527974.8444,0.13294716391603778,1,,
95.37716346560046,all,R,R,292664599493.5534,331572927771.62683,0.13294511309329193,1,,
95.39691567793489,all,R,R,292679501366.6314,331616111159.9544,0.13303497379048834,1,,
95.53155410522595,all,R,R,292679501366.6314,331616407582.696,0.13303598658004212,1,,
95.70734814135358,all,R,R,292679501366.6314,331616374253.9117,0.13303587270536288,1,,
95.82787056849338,all,R,R,293126300427.3135,331497298794.78986,0.13090261198514064,1,,
95.90172496577725,all,R,R,293131398081.33344,331494722946.0981,0.13087415785503875,1,,
96.16161920502782,all,R,R,293133894539.7886,331495210155.17786,0.1308661888984739,1,,
96.24652596563101,all,R,R,293138171367.6069,331437985896.55005,0.1306544772052689,1,,
96.26147337793373,all,R,R,293138171367.6069,331436902668.28156,0.13065078192306312,1,,
96.40747894137166,all,R,R,293142590847.235,331432871494.3273,0.13061998441245426,1,,
96.52288966579363,all,R,R,293142590847.235,331431771791.4036,0.1306162329858176,1,,
96.71839043870568,all,R,R,293226414697.3992,331336024138.0237,0.12996649527619297,1,,
96.71894380520098,all,R,R,293226414697.3992,331336750881.7356,0.12996897371495386,1,,
96.80065726861358,all,R,R,293226414697.3992,331030425302.8673,0.12892430119053477,1,,
96.97088106558658,all,R,R,293226414697.3992,331033376150.4553,0.12893436456627483,1,,
97.01954264147207,all,R,R,293226414697.3992,330954180492.48096,0.1286642809244034,1,,
97.18821830512024,all,R,R,293226414697.3992,330952605807.20435,0.12865891072172841,1,,
97.2327881779056,all,R,R,293309197311.97034,330847701154.827,0.12798270285036395,1,,
97.23474286589772,all,R,R,293314171868.27954,330846824375.2827,0.12796058324743398,1,,
97.5897422414273,all,R,R,293351233259.38654,330805903776.4008,0.12767858549923394,1,,
97.71364786545746,all,R,R,293455490800.3621,330808345920.50494,0.127286270971682,1,,
97.7160602051299,all,R,R,293462461504.94684,330808345875.558,0.12725949403917758,1,,
97.8023837658111,all,R,R,293462461504.94684,330808695154.57306,0.12726068423915504,1,,
97.89159973873757,all,R,R,293462461504.94684,330819093723.4143,0.12729611830723964,1,,
97.99370187800378,all,R,R,293462461504.94684,330751503502.6892,0.12706579848923472,1,,
98.14868714148179,all,R,R,293462461504.94684,330731846561.62463,0.12699881567663307,1,,
98.37559376563877,all,R,R,293462461504.94684,330556333719.9906,0.12640073972261168,1,,
98.40263206581585,all,R,R,293462461504.94684,330555347996.17834,0.12639738077916385,1,,
98.42476110509597,all,R,R,293462461504.94684,330555344775.66583,0.12639736980497496,1,,
98.60344396857545,all,R,R,293643537395.45844,330104999631.69946,0.12416912886843923,1,,
98.8511836414691,all,R,R,293686988186.4633,330103053706.15,0.12399618295845638,1,,
98.8670110385865,all,R,R,293686988186.4633,330031112070.96216,0.12375122271819472,1,,
98.87904367805459,all,R,R,293801175597.5122,330141679963.16364,0.12369080651819941,1,,
98.95927930506878,all,R,R,293802175801.3023,330139427351.01117,0.1236793139826291,1,,
99.14126376598142,all,R,R,293807146067.9493,330138554058.0352,0.12365733262894674,1,,
99.3108073414769,all,R,R,293807146067.9493,330132716780.2315,0.12363746490999628,1,,
99.5108234686777,all,R,R,293807146067.9493,330284105977.7648,0.12415273215097167,1,,
99.51568450522609,all,R,R,293807146067.9493,330284106465.5485,0.12415273381118896,1,,
99.519116865471,all,R,R,293874178733.1724,330276382675.0706,0.12387003206208913,1,,
99.76336017809808,all,R,R,293874178733.1724,330275097099.8495,0.12386565748509626,1,,
99.84488326590508,all,R,R,293874178733.1724,330273998252.57495,0.12386191830910165,1,,
99.96318743866868,all,R,R,293957990552.36005,330107592816.1439,0.12297540269566132,1,,
100.09276170516387,all,R,R,293959838149.0144,330107800429.01074,0.12296905083228471,1,,
100.10704474151134,all,R,R,293968264119.39246,330107796937.1703,0.12293685145244138,1,,
100.23110786546022,all,R,R,293968264119.39246,330106692055.60254,0.12293309294615828,1,,
100.29332493874244,all,R,R,293968264119.39246,330140172284.231,0.12304698356876953,1,,
100.46421136590652,all,R,R,293968264119.39246,330140466886.39026,0.12304798572510811,1,,
100.50934946862981,all,R,R,294339365538.9891,329878332332.0526,0.12074146700691979,1,,
100.62515404145233,all,R,R,294339365538.9891,329878562022.2158,0.12074224736520711,1,,
100.6615996779874,all,R,R,294339475249.59344,329878627013.32623,0.1207420504286636,1,,
100.66888810507953,all,R,R,294339475249.59344,329875301127.88885,0.12073075094042962,1,,
100.90819606557488,all,R,R,294402125771.4793,329877356537.5795,0.1204992344166591,1,,
101.13215146586299,all,R,R,294402498747.1914,329877117795.19476,0.12049700392816987,1,,
101.23742570518516,all,R,R,294402823318.44904,329877579364.2249,0.1204973364246702,1,,
101.24466434144415,all,R,R,294409354600.4242,329827302278.9583,0.12030170619613556,1,,
101.31606413866393,all,R,R,294481920008.43854,329651891684.6527,0.11942998631361257,1,,
101.4616845685523,all,R,R,294481920008.43854,329554954977.64014,0.11910080920484556,1,,
101.50357707799412,all,R,R,294481920008.43854,329552905260.7861,0.11909384878821272,1,,
101.54436166561209,all,R,R,294481920008.43854,329488470520.648,0.11887504167049157,1,,
101.66173016582616,all,R,R,294481920008.43854,329488486343.01807,0.11887509540000418,1,,
101.761813105084,all,R,R,294481920008.43854,329486424566.0525,0.11886809402971465,1,,
101.84175844141282,all,R,R,294481920008.43854,329480859555.3222,0.11884919639847746,1,,
102.17774416552857,all,R,R,294481923129.1807,329400703244.9716,0.11857699020959278,1,,
102.20346453855745,all,R,R,294481923129.1807,328999732907.2668,0.11721537747138422,1,,
102.44720940501429,all,R,R,294482224043.7859,328997778574.96704,0.11720759934918545,1,,
102.46638206578791,all,R,R,294489839321.8809,328996000286.68396,0.11717267069132187,1,,
102.52730184141546,all,R,R,294491127000.35925,328996685731.6049,0.1171701133501506,1,,
102.56988107808866,all,R,R,294520159732.57983,328917561310.9619,0.11679133139685383,1,,
102.59681166848168,all,R,R,294530579324.16595,328489678558.12976,0.11529906100713494,1,,
102.8916111655999,all,R,R,294530579324.16595,328489719732.0575,0.11529920080222111,1,,
102.98302000504918,all,R,R,294530579324.16595,328490172407.7813,0.11530073774186556,1,,
103.07460696599446,all,R,R,294530579324.16595,328492545611.07666,0.11530879532047345,1,,
103.1282813414,all,R,R,294530579324.16595,328489080448.30255,0.1152970302847951,1,,
103.24778723856434,all,R,R,294531321591.7323,328489481859.7217,0.11529558243405047,1,,
103.38947387808003,all,R,R,294531321591.7323,328472980073.70026,0.11523955516356432,1,,
103.45781816868111,all,R,R,294531321591.7323,328478359298.22144,0.11525781883919684,1,,
103.50836990517564,all,R,R,294537294441.51575,328478359149.1684,0.11523520229249651,1,,
103.61867406545207,all,R,R,294577470235.4707,328425140879.9852,0.1149024418515725,1,,
103.87278956593946,all,R,R,294581961447.9218,328421867777.5352,0.11487433298116545,1,,
103.88839104142971,all,R,R,294597237296.6667,328421781109.5442,0.11481622883929266,1,,
104.22730586561374,all,R,R,294597237296.6667,328427515724.9924,0.11483569479050404,1,,
104.25992673868313,all,R,R,294597237296.6667,328125319030.46735,0.11380989869920954,1,,
104.41071677790023,all,R,R,294597274142.3878,328125337653.0763,0.11380982260712758,1,,
104.42154930508696,all,R,R,294597274142.3878,328125336375.83044,0.11380981827156189,1,,
104.46577916597016,all,R,R,294597274142.3878,328123966542.75397,0.11380516842176092,1,,
104.51611676858738,all,R,R,294615200643.16736,327591711208.11,0.11193078460633532,1,,
104.52587144146673,all,R,R,294615200643.16736,327590581184.5896,0.11192694901496769,1,,
104.98398020514287,all,R,R,294617070264.94666,327589402216.16486,0.11191589109743871,1,,
104.98660216550343,all,R,R,294681525261.879,327528814349.86237,0.11146707978653381,1,,
105.12430836586282,all,R,R,294686067271.4487,327526646626.05005,0.11144259265013146,1,,
105.1876458413899,all,R,R,294724160840.44025,327477285883.2016,0.11113145576311756,1,,
105.30250637792051,all,R,R,294724160840.44025,327334295457.1984,0.11064628880023464,1,,
105.39356693858281,all,R,R,294724218978.87354,327334239805.899,0.11064588088487914,1,,
105.44190116855316,all,R,R,294724218978.87354,327444890302.18274,0.11102131829096362,1,,
105.62223960505798,all,R,R,294724218978.87354,327443799764.87054,0.11101761809518074,1,,
105.64324026554823,all,R,R,294724218978.87354,327390652180.0183,0.11083728820903715,1,,
105.65458246599883,all,R,R,294724218978.87354,327392836664.23816,0.11084470016936887,1,,
105.66879074135795,all,R,R,294724218978.87354,327367395100.78955,0.11075837688200285,1,,
106.14479990513064,all,R,R,294724356299.07336,327367395839.9937,0.11075786185718428,1,,
106.29609266552143,all,R,R,294733394453.77264,327379427918.5454,0.11076462348379423,1,,
106.31240777811036,all,R,R,294733395055.97656,327379428225.9271,0.11076462225717698,1,,
106.32479016599245,all,R,R,294735678124.71405,327374046529.70746,0.11073775870182523,1,,
106.33384443866089,all,R,R,294735678124.71405,327373951303.6296,0.11073743561207072,1,,
106.37900844146498,all,R,R,294736849933.45557,327374587878.0448,0.11073517937087973,1,,
106.40361546864733,all,R,R,294951454765.22644,327291000703.7443,0.10964362242003278,1,,
106.59550320520066,all,R,R,294951454765.22644,327289953035.8293,0.10964007041885404,1,,
106.82381864148192,all,R,R,294951454765.22644,327286591359.6893,0.10962867303095947,1,,
106.88238446554169,all,R,R,294951454765.22644,327295351670.4589,0.10965837388724653,1,,
106.91432776581496,all,R,R,294951454765.22644,327295507094.3906,0.10965890083474661,1,,
107.21135847805999,all,R,R,294951454765.22644,327289054886.9176,0.10963702534517439,1,,
107.26882260502316,all,R,R,294952394441.268,327288274056.6608,0.10963084289126424,1,,
107.32607966847718,all,R,R,294952394441.268,327394316047.6238,0.10999036528525541,1,,
107.42198643856682,all,R,R,295105457631.6887,327296677383.4253,0.10908378316714606,1,,
107.50161714153364,all,R,R,295145209745.9334,327295088151.1415,0.10892901983021619,1,,
107.51114746578969,all,R,R,295149780091.88416,327295860382.5977,0.10891446465149346,1,,
107.74891946557909,all,R,R,295208634918.5294,327296034561.9068,0.1086939738474546,1,,
107.86068280506879,all,R,R,295208634918.5294,327294724948.97076,0.10868953761903466,1,,
108.02811204153113,all,R,R,295208634918.5294,327288345887.70526,0.10866792896498123,1,,
108.06077977805398,all,R,R,295208667615.7871,327288362413.59283,0.10866786214948587,1,,
108.0624319659546,all,R,R,295208667615.7871,327289236648.878,0.10867082356417668,1,,
108.40700973873027,all,R,R,295208667615.7871,327159605059.23395,0.10823170505627178,1,,
108.42113856552169,all,R,R,295208667615.7871,327158963682.9436,0.10822953243615352,1,,
108.4784889051225,all,R,R,295210400373.22943,327156057445.3748,0.10821318297647053,1,,
108.60966674145311,all,R,R,295210400373.22943,327143472475.725,0.10817055246740326,1,,
108.61774556594901,all,R,R,295210400373.22943,327142400017.2146,0.108166919605861,1,,
108.634969368577,all,R,R,295212851884.5251,327143841013.7317,0.10816259836037445,1,,
108.91659377794713,all,R,R,295212851884.5251,327056601887.10065,0.10786708572915216,1,,
109.06219190522097,all,R,R,295212851884.5251,327056637941.2896,0.10786720785862158,1,,
109.29689476592466,all,R,R,295217164840.4787,327051907841.81213,0.10783500010419589,1,,
109.3427217414137,all,R,R,295217203122.7118,327051930032.30286,0.10783493161256752,1,,
109.40996566554531,all,R,R,295229657848.5191,327041959415.91095,0.10775442345197783,1,,
109.48674786579795,all,R,R,295229657848.5191,327043139742.1239,0.10775842144534176,1,,
109.55963273858652,all,R,R,295229914172.78546,327043280502.0942,0.10775793644911502,1,,
109.59174970514141,all,R,R,295230803920.56085,327041308237.7329,0.10774791754362956,1,,
109.65885076858103,all,R,R,295230803920.56085,327045476917.51056,0.10776203761417191,1,,
109.8551856414415,all,R,R,295230803920.56085,327045498519.74927,0.1077621107848521,1,,
109.91862257802859,all,R,R,295335444471.16315,327036563918.9199,0.10733936627390528,1,,
110.06235066545196,all,R,R,295335444471.16315,326952124529.52,0.10705345616395845,1,,
110.06925940513611,all,R,R,295335444471.16315,326952588337.01434,0.10705502660700228,1,,
110.15080716577359,all,R,R,295339731342.43115,326951605988.51184,0.10703563148240414,1,,
110.68344123871066,all,R,R,295339731342.43115,326698837963.0767,0.10617977634809428,1,,
110.73430134146474,all,R,R,295347465160.61444,326698819624.6618,0.10615074839730898,1,,
110.75952497799881,all,R,R,295347465160.61444,326703053550.15466,0.10616508380218725,1,,
110.76113156578504,all,R,R,295347465160.61444,326699868206.5995,0.106154298730599,1,,
110.76231860509142,all,R,R,295347511146.8093,326699876674.6498,0.10615415517165494,1,,
110.7933220686391,all,R,R,295609192001.22723,326691750049.5953,0.1051474679726434,1,,
110.87013706564903,all,R,R,295639205227.3415,326694554540.82355,0.10504475984367856,1,,
111.17393964133225,all,R,R,295639205227.3415,326694011679.8796,0.10504292361582235,1,,
111.39150750520639,all,R,R,295639205227.3415,326691238243.93567,0.10503354246509922,1,,
111.47782516549341,all,R,R,295639205227.3415,326635351559.39197,0.10484450568122372,1,,
111.52387786586769,all,R,R,295643568176.3075,326632456663.4142,0.10481840913456453,1,,
111.73268624139018,all,R,R,295680968623.0352,326612505802.4989,0.10461118726548291,1,,
111.81218377803452,all,R,R,295712926184.1306,326629369734.57635,0.10454884048996593,1,,
111.8940114050638,all,R,R,295712938125.0169,326629356712.8144,0.10454875185314716,1,,
111.94305843859911,all,R,R,295823388877.2744,326524378354.59344,0.1037814812203901,1,,
111.97771066846326,all,R,R,295823388877.2744,326524203438.1389,0.10378088993362544,1,,
112.07816786598414,all,R,R,295823388877.2744,326526097855.53394,0.10378729381332619,1,,
112.14063116558827,all,R,R,295823585053.1611,326526938027.8792,0.10378940194778785,1,,
112.26127014146186,all,R,R,295823585053.1611,326510398699.7157,0.10373349251730568,1,,
112.39012990519404,all,R,R,295823585053.1611,326507681771.806,0.10372430823299927,1,,
112.75600416585803,all,R,R,295826459934.0005,326504703344.1569,0.10370351393516586,1,,
112.7593429654371,all,R,R,295826459934.0005,326471698666.5514,0.10359194623560009,1,,
112.78650324139744,all,R,R,295826459934.0005,326473209487.8304,0.10359705335576552,1,,
112.93436077795923,all,R,R,295826459934.0005,326374986986.9295,0.10326502592007647,1,,
112.93936306866817,all,R,R,295984217670.46173,326556276314.164,0.10328948916370972,1,,
112.94990613870323,all,R,R,295984217670.46173,326576145972.1073,0.10335661996581691,1,,
113.0008232051041,all,R,R,295984456322.19006,326574344003.7733,0.10334964228082644,1,,
113.35999336582609,all,R,R,295984456322.19006,326574400080.1128,0.10334983173786805,1,,
113.43000114150345,all,R,R,295984677918.72485,326574525614.9292,0.10334942981272865,1,,
113.5690118051134,all,R,R,295984677918.72485,326574816683.41113,0.10335041320309868,1,,
113.82524306559935,all,R,R,295989092821.8866,326568329710.32874,0.10331203963263413,1,,
113.99857776868157,all,R,R,295989092821.8866,326548324401.78076,0.10324445164026153,1,,
114.03302634134889,all,R,R,295989092821.8866,326546783566.90326,0.10323924592520362,1,,
114.09340943861753,all,R,R,296041259862.1733,326546296577.3392,0.10304319313249777,1,,
114.11866907798685,all,R,R,296046547395.1689,326436960845.0008,0.1026541728563588,1,,
114.22411800501868,all,R,R,296047664499.3544,326435382245.04614,0.10264467985950976,1,,
114.28249386581592,all,R,R,296051780883.2217,326433091568.0012,0.10262161097001976,1,,
114.6552754654549,all,R,R,296051780883.2217,326296357702.0415,0.10215975302898062,1,,
114.77025864133611,all,R,R,296104496247.6843,326296268419.0544,0.10196323444584032,1,,
114.88801320502535,all,R,R,296104496247.6843,326297186935.4282,0.10196633644660502,1,,
115.07578516588546,all,R,R,296104496247.6843,326296343390.3142,0.10196348763773955,1,,
115.15678327810019,all,R,R,296104496247.6843,326261894697.1078,0.10184714798858541,1,,
115.26852706866339,all,R,R,296327976340.5789,326202305596.547,0.10081508207524958,1,,
115.35876434133388,all,R,R,296327976340.5789,326203005169.89166,0.10081744288286987,1,,
115.50975090521388,all,R,R,296328392561.374,326201221071.67706,0.10080987600307623,1,,
115.7561891656369,all,R,R,296356574614.7555,326198565690.3272,0.1006962343061375,1,,
115.86219763872214,all,R,R,296356574614.7555,326086982303.54913,0.10031971697419317,1,,
115.88016486587003,all,R,R,296360549320.7655,326084578945.7141,0.10029685021529922,1,,
115.99862400512211,all,R,R,296360549320.7655,326084964194.8704,0.10029815014930588,1,,
116.05262914136983,all,R,R,296411746931.05255,326085593375.7418,0.10011022421318416,1,,
116.08436397789046,all,R,R,296488849547.9683,326046354310.9299,0.09969179214673796,1,,
116.319813268492,all,R,R,296488849547.9683,325558450700.01855,0.09804618688483635,1,,
116.49348236597143,all,R,R,296488849547.9683,325554984471.0664,0.09803449595967195,1,,
116.51671956549399,all,R,R,296488849547.9683,325554602799.36273,0.09803320865424969,1,,
116.59033534140326,all,R,R,296488849547.9683,325554526538.9294,0.09803295144244051,1,,
116.83595190523192,all,R,R,296493150899.6996,325554526365.3799,0.09801702122795897,1,,
116.9612404780928,all,R,R,296493150899.6996,325505505139.87915,0.09785168443905845,1,,
117.2246613658499,all,R,R,296497275518.6209,325505381057.24396,0.09783599356143569,1,,
117.22907176543958,all,R,R,296559318518.0029,325506708910.33154,0.09761079347291313,1,,
117.25480934139341,all,R,R,296566272124.72833,325506703475.26825,0.0975850394018114,1,,
117.28109383862466,all,R,R,296597909210.272,325405420671.15533,0.09712648190132844,1,,
117.31151996855624,all,R,R,296766832262.43164,325328446557.35645,0.09624260931446571,1,,
117.48375780507922,all,R,R,296766832262.43164,325328446545.86505,0.0962426092757438,1,,
117.73068474140018,all,R,R,296766832262.43164,325328533143.35693,0.09624290107887834,1,,
117.74880046583712,all,R,R,296766832262.43164,325326941128.26184,0.09623753654712464,1,,
117.89815606549382,all,R,R,296766832262.43164,325307461580.9319,0.09617189731385367,1,,
117.9539469780866,all,R,R,296769222466.0457,325326014808.52094,0.0962255860131942,1,,
118.14290666859597,all,R,R,296769222466.0457,324794352312.1975,0.09443408454984992,1,,
118.17814900516532,all,R,R,296769222466.0457,324794352308.2305,0.09443408453648283,1,,
118.28429503855295,all,R,R,296769222466.0457,324602628573.105,0.09378804808589525,1,,
118.34389846585691,all,R,R,296769222466.0457,324602879243.05896,0.09378889274880176,1,,
118.34948424133472,all,R,R,296818191655.26044,324603559722.9332,0.09361073158192434,1,,
118.7817128780298,all,R,R,296818191655.26044,324603541168.59894,0.09361066907115245,1,,
118.79439764143899,all,R,R,296818191655.26044,324603448481.76105,0.09361035680310259,1,,
118.81256900518201,all,R,R,296822438413.6291,324603448318.00226,0.09359470952684412,1,,
118.93977136560716,all,R,R,296830151815.9877,324599283989.1391,0.09355226213799939,1,,
118.98963676579297,all,R,R,296834206235.5572,324599855041.2573,0.09353924925911761,1,,
119.18792476854287,all,R,R,296945041315.2259,324719580565.0262,0.09353427532172809,1,,
119.35108130518347,all,R,R,296945041315.2259,324719580563.5132,0.09353427531663305,1,,
119.36669473862275,all,R,R,297013941935.85394,324689611337.03546,0.09317969796568892,1,,
119.42933624144644,all,R,R,297039520071.59656,324686553052.66205,0.09307526814748956,1,,
119.58969136583619,all,R,R,297039520071.59656,324688135494.72437,0.09308059552635806,1,,
119.63122986559756,all,R,R,297039520071.59656,324676195592.7237,0.09304039918481477,1,,
119.71550437808037,all,R,R,297039611647.62024,324676245255.3788,0.09304022939722945,1,,
119.92840254143812,all,R,R,297039611647.62024,324676301223.835,0.09304041781807992,1,,
119.99777600518428,all,R,R,297039611647.62024,324676301217.8928,0.09304041779807526,1,,
120.0906337685883,all,R,R,297039611647.62024,324628337888.49115,0.092878946642307,1,,
120.1654885658063,all,R,R,297039611647.62024,324626148668.18085,0.09287157651312405,1,,
120.33233756548725,all,R,R,297052999972.65,324540377983.11725,0.09253358159317693,1,,
120.49473187793046,all,R,R,297052999972.65,324440072036.12177,0.09219591138952743,1,,
120.5550036050845,all,R,R,297053000136.82886,324440072152.5612,0.09219591117786163,1,,
120.82683473872021,all,R,R,297053000136.82886,324421080215.3611,0.09213197667058037,1,,
120.85308296582662,all,R,R,297055274858.8188,324419434059.3567,0.09211807201048106,1,,
120.88168194144964,all,R,R,297061663837.801,324419420889.3092,0.09209453922147892,1,,
120.99514216557145,all,R,R,297061663837.801,324422576521.9848,0.09210516204178787,1,,
121.0366190050263,all,R,R,297061663837.801,324420456629.66266,0.09209802583883664,1,,
121.30247166845948,all,R,R,297061666647.9586,324206209929.50165,0.09137679589508085,1,,
121.35431614145637,all,R,R,297061666647.9586,324205857166.2258,0.09137560838650782,1,,
121.43590696598403,all,R,R,297061666647.9586,324204747978.9496,0.0913718745244827,1,,
121.48672977788374,all,R,R,297061673783.7098,324111862183.878,0.09105916645397816,1,,
121.56853800523095,all,R,R,297062979050.17804,324111720458.3977,0.09105389535479858,1,,
121.72475056559779,all,R,R,297116878924.33813,324113858892.24274,0.09086316491221447,1,,
122.04390323860571,all,R,R,297142803486.5855,324059446371.4986,0.09058487221996026,1,,
122.05737494141795,all,R,R,297187077064.6143,324059346660.6225,0.09042206633421546,1,,
122.11240680515766,all,R,R,297187077064.6143,324058570631.2066,0.09041945508535654,1,,
122.14568506856449,all,R,R,297187077064.6143,324058641262.1673,0.09041969275033646,1,,
122.2191357659176,all,R,R,297190989197.74304,324055954381.7977,0.0903962978708599,1,,
122.34373787790537,all,R,R,297190989197.74304,324055958854.6004,0.09039631292112338,1,,
122.46431746543385,all,R,R,297190989197.74304,323965062533.44617,0.09009046138302779,1,,
122.5491690414492,all,R,R,297190989197.74304,323965640389.9147,0.09009240577733824,1,,
122.72429120517336,all,R,R,297190990051.1722,323963587566.8208,0.09008549522661746,1,,
122.79287946596742,all,R,R,297190990051.1722,323963084811.87604,0.09008380353689072,1,,
122.96971313864924,all,R,R,297190990051.1722,323949070066.89166,0.09003664616855356,1,,
123.04502976848744,all,R,R,297315567150.42426,323624384548.53674,0.08848785702768724,1,,
123.21217964147218,all,R,R,297319677421.69617,323622351604.8107,0.08846597174868043,1,,
123.25031850510277,all,R,R,297319677421.69617,323622352183.6493,0.08846597369553644,1,,
123.30917566549033,all,R,R,297340004298.1708,323617580249.3797,0.08837551480243455,1,,
123.33670297800563,all,R,R,297340250350.8392,323617717502.71515,0.0883750757620958,1,,
123.75025594141334,all,R,R,297340250350.8392,323617751767.4351,0.08837519099950475,1,,
123.82053496595472,all,R,R,297344306824.6089,323615464199.32654,0.08835264967832024,1,,
123.96245370502584,all,R,R,297348079895.56274,323615463729.6876,0.08833883791464459,1,,
123.98519786866382,all,R,R,297348079895.56274,323686541396.1117,0.08857787650688631,1,,
124.14172727800906,all,R,R,297348079895.56274,323623719051.41254,0.08836660107265049,1,,
124.32654486550018,all,R,R,297348079895.56274,323553203754.69037,0.08812945376452941,1,,
124.38482294138521,all,R,R,297384348250.4344,323552603877.7914,0.08799473066188446,1,,
124.4076732385438,all,R,R,297539373085.4477,323531163517.83136,0.08735580156283818,1,,
124.40882996586151,all,R,R,297539373085.4477,323530589930.20746,0.08735387379234538,1,,
124.5430349051021,all,R,R,297539373085.4477,323530589928.39185,0.08735387378624337,1,,
124.88062364142388,all,R,R,297539373085.4477,323528887905.80475,0.08734815345898217,1,,
125.11633886862546,all,R,R,297540180713.5926,323529634700.8593,0.08734771191217283,1,,
125.11912920512259,all,R,R,297541357244.4466,323528951125.5532,0.08734111493534802,1,,
125.12003836594522,all,R,R,297544623478.5374,323527789181.9596,0.0873252737678738,1,,
125.14018627791665,all,R,R,297573353184.0098,323458796494.56647,0.08698844514666582,1,,
125.17157956562005,all,R,R,297615642475.4881,323458375004.35046,0.08683257477298367,1,,
125.33035163860768,all,R,R,297615642475.4881,323469190541.69977,0.08686891539426056,1,,
125.71603394136764,all,R,R,297618263829.22516,323465979929.7972,0.08684855481652698,1,,
125.71610750514083,all,R,R,297618263829.22516,323465264552.9589,0.08684615114402017,1,,
125.73673186590895,all,R,R,297618263829.22516,323465084174.98584,0.08684554507243458,1,,
125.83388266549446,all,R,R,297618263829.22516,323467373388.76154,0.08685323685097734,1,,
125.99160567810759,all,R,R,297618263829.22516,323483864919.3705,0.08690864853975211,1,,
126.01738876849413,all,R,R,297618263829.22516,323037621340.5432,0.08540926616621825,1,,
126.23946800502017,all,R,R,297618588404.9716,323036872631.1395,0.08540556677723732,1,,
126.24294974142686,all,R,R,297618588404.9716,322970705707.69324,0.0851832455714252,1,,
126.57114883861504,all,R,R,297715836357.24475,322811773859.9827,0.08429493643940411,1,,
126.694907565834,all,R,R,297719045065.93616,322811338320.89233,0.08428178737910086,1,,
126.73690916551277,all,R,R,297719281606.2233,322752969939.533,0.0840848741749296,1,,
126.75820910511538,all,R,R,297719281606.2233,322751081696.66705,0.08407853181491909,1,,
126.93208137806505,all,R,R,297755431749.1288,322711187613.72534,0.08381293237203757,1,,
127.05766874132678,all,R,R,297777758189.73865,322690725421.19183,0.08366295516127531,1,,
127.28221316589043,all,R,R,297777758189.73865,322688672247.40826,0.0836560601742351,1,,
127.31320856860839,all,R,R,297858671001.3694,322688890419.5983,0.08336241928009813,1,,
127.39073180500418,all,R,R,297862210203.37415,322688890410.43933,0.08334954672536021,1,,
127.44514746544883,all,R,R,297862210203.37415,322620304804.2577,0.0831192872166604,1,,
127.63847114145756,all,R,R,297862210203.37415,322594660638.67816,0.08303319316141922,1,,
127.67028063861653,all,R,R,297862210203.37415,322548952298.90314,0.08287973851625363,1,,
127.89731810521334,all,R,R,297862210203.37415,322548951581.36676,0.08287973610729948,1,,
127.98457436589524,all,R,R,297865018237.30725,322548756175.07196,0.08286887155744926,1,,
128.22096584155224,all,R,R,297891174237.656,322547335076.5084,0.08276902094179484,1,,
128.3121363685932,all,R,R,297891174237.656,322547421273.6074,0.08276931029947465,1,,
128.37055807793513,all,R,R,297891174237.656,322548594060.0182,0.08277324726207103,1,,
128.50638390518725,all,R,R,297891967633.3712,322547767673.8773,0.08276758932570849,1,,
128.54486816562712,all,R,R,297896772328.8582,322541992469.7543,0.0827307390685299,1,,
128.59289006586187,all,R,R,297896772328.8582,322539378434.89417,0.08272196409980626,1,,
128.7745357414242,all,R,R,297896772328.8582,322523085282.86304,0.08266727014691866,1,,
128.96508490503766,all,R,R,297896772328.8582,322522146523.89575,0.08266411885743019,1,,
129.1675374659244,all,R,R,297899493893.5946,322520455760.77155,0.08264855218576228,1,,
129.2011030386202,all,R,R,297994927682.3949,322358390485.86884,0.08175797820773889,1,,
129.2174225654453,all,R,R,297994927682.3949,322240790373.21027,0.08136334023999492,1,,
129.3367564685177,all,R,R,297994927682.3949,322238274012.3512,0.08135489593230605,1,,
129.38329507806338,all,R,R,298022485594.0521,322182985179.769,0.08106938487395476,1,,
129.5082028415054,all,R,R,298032615989.8019,322182087998.1953,0.08102962800963964,1,,
129.69837200501934,all,R,R,298033062925.0806,322181330750.878,0.08102546606336669,1,,
129.72261776588857,all,R,R,298033062925.0806,322179611884.97485,0.08101969869686632,1,,
129.9604321415536,all,R,R,298033062925.0806,322179541092.1165,0.08101946116329328,1,,
130.09877986554056,all,R,R,298038136751.22955,322178809553.9296,0.08099860328562625,1,,
130.22882980504073,all,R,R,298038136751.22955,322179296039.1618,0.08100023557751168,1,,
130.3093155780807,all,R,R,298038136751.22955,322149454167.4991,0.0809001078824858,1,,
130.33623356581666,all,R,R,298040812445.531,322148169887.89795,0.0808860949094774,1,,
130.42176606855355,all,R,R,298070595166.8309,321825777926.6531,0.0796964985644637,1,,
130.49752023862675,all,R,R,298070595166.8309,321788661657.1168,0.07957197682317796,1,,
130.67059956560843,all,R,R,298070595166.8309,321779870948.9489,0.07954248478904091,1,,
130.69041724153794,all,R,R,298073993456.1629,321778360951.54285,0.07952511126693151,1,,
130.85141980508342,all,R,R,298077451733.24414,321778360920.8337,0.07951258657699478,1,,
130.9327898658812,all,R,R,298077451733.24414,321777392695.16235,0.07950933834179374,1,,
130.93301566597074,all,R,R,298077451733.24414,321777392695.16235,0.07950933834179374,2,,
131.2408014414832,all,R,R,298077451733.24414,321782801043.1425,0.07952748244477337,2,,
131.28850227803923,all,R,R,298093600855.9799,321744213678.1768,0.07933955225568012,2,,
131.3180240050424,all,R,R,298093600855.9799,321744213359.61475,0.07933955118701563,2,,
131.48402206553146,all,R,R,298100242654.6341,321743394054.912,0.07931275462821352,2,,
131.53663103864528,all,R,R,298197519805.8661,321765357244.4584,0.07903431743475098,2,,
131.57061956846155,all,R,R,298197519805.8661,321705447416.93024,0.07883341090954876,2,,
131.82041440508328,all,R,R,298198582341.07324,321703938098.41705,0.0788245053776242,2,,
131.85428124153987,all,R,R,298200897154.6681,321701198385.54895,0.07880694342341954,2,,
132.17843187809922,all,R,R,298200897154.6681,321716513767.1311,0.07885830269741323,2,,
132.2054673654493,all,R,R,298200897154.6681,321714260761.95233,0.07885074737078512,2,,
132.29905260517262,all,R,R,298200897154.6681,321713437784.0427,0.07884798756047795,2,,
132.40974154137075,all,R,R,298200897154.6681,321653197192.6724,0.07864597411268126,2,,
132.6209150685463,all,R,R,298228940084.49884,321653299850.7376,0.07854489158430367,2,,
132.79995260504074,all,R,R,298229252561.18176,321651547013.352,0.07853788403055839,2,,
132.84486986557022,all,R,R,298229252561.18176,321642018736.5061,0.07850593452606125,2,,
132.95736243855208,all,R,R,298229252561.18176,321601948816.8033,0.0783715750715186,2,,
132.98537004133686,all,R,R,298247327375.37854,321601833198.1054,0.07830583438332894,2,,
133.3057891051285,all,R,R,298247327375.37854,321601322160.8624,0.07830412091535766,2,,
133.46080684149638,all,R,R,298247327375.37854,321602231631.0459,0.0783071702978666,2,,
133.52251557796262,all,R,R,298249877708.2531,321575849677.68524,0.07820949382668152,2,,
133.54865756863728,all,R,R,298249877708.2531,321575876055.3277,0.0782095822681006,2,,
133.60714266565628,all,R,R,298262452715.27057,321574801952.40094,0.07816052280434027,2,,
133.82844330510125,all,R,R,298262777818.165,321574159842.7579,0.07815719479017469,2,,
134.07131584151648,all,R,R,298285044267.91174,321550324512.3064,0.07799680437044776,2,,
134.10727666551247,all,R,R,298285044267.91174,321550188838.0103,0.07799634952264789,2,,
134.23498883866705,all,R,R,298309287906.44336,321484779692.6309,0.07768947440032759,2,,
134.26068340521306,all,R,R,298309287906.44336,321483037486.7708,0.07768363413342749,2,,
134.3435985778924,all,R,R,298309287906.44336,321406089410.09015,0.07742568682906881,2,,
134.5854256686289,all,R,R,298309287906.44336,321404956721.1356,0.07742188980027875,2,,
134.70965866558254,all,R,R,298309444860.1395,321364757216.19446,0.07728656518691279,2,,
134.75289994152263,all,R,R,298309444860.1395,321352836214.92773,0.0772466033235788,2,,
134.9541446052026,all,R,R,298312760534.33386,321352836198.25696,0.07723462993220265,2,,
135.19769863854162,all,R,R,298312760534.33386,321192689466.7267,0.07669778822538675,2,,
135.23806167789735,all,R,R,298320412950.7384,321215631094.2867,0.0767470717712131,2,,
135.36912036547437,all,R,R,298320412950.7384,321216214786.3297,0.07674902836559183,2,,
135.37085114140064,all,R,R,298344000126.50653,321219989854.86945,0.07667655363829273,2,,
135.60703656845726,all,R,R,298445967768.46387,321174144323.21796,0.07615508001229476,2,,
135.6325822051149,all,R,R,298445967768.46387,321174143212.7026,0.0761550762913017,2,,
135.90339494147338,all,R,R,298445967768.46387,321177633625.6648,0.07616677158404861,2,,
136.02943870518357,all,R,R,298445988803.61804,321176230300.2893,0.07616199362501108,2,,
136.03577347798273,all,R,R,298445988803.61804,321175796697.9732,0.07616054075805234,2,,
136.15052826562896,all,R,R,298467860966.46497,321174062994.5952,0.0760758694574537,2,,
136.37096893857233,all,R,R,298479361556.348,321049061159.52655,0.07561561203258527,2,,
136.3880119684618,all,R,R,298479361556.348,320726101803.7043,0.0745335963309357,2,,
136.47096880502068,all,R,R,298479361556.348,320726117373.0288,0.07453364849308342,2,,
136.48430834151804,all,R,R,298479361556.348,320722660402.06573,0.074522066550047,2,,
136.99362627789378,all,R,R,298504437297.07806,320722690586.86957,0.07443190289221535,2,,
137.04512870521285,all,R,R,298505388070.4036,320721253961.6132,0.07442366797737643,2,,
137.0542620655615,all,R,R,298505388070.4036,320721023918.9702,0.0744228973291663,2,,
137.09599574143067,all,R,R,298510513084.4683,320721256740.8638,0.07440523091429796,2,,
137.43737116851844,all,R,R,298552708237.3361,320528477587.6268,0.07360767041785099,2,,
137.5691523051355,all,R,R,298552708237.3361,320527857782.60846,0.07360559438570924,2,,
137.64910976565443,all,R,R,298552708237.3361,320527880229.06647,0.07360566956994763,2,,
137.6659974413924,all,R,R,298552708237.3361,320505120450.884,0.07352943586797633,2,,
137.76637443853542,all,R,R,298552708237.3361,320447156330.66766,0.07333528549312773,2,,
137.7758138780482,all,R,R,298552708237.3361,320484558689.74414,0.07346056440718396,2,,
138.23071870510466,all,R,R,298553055789.8777,320483860186.2068,0.07345697513732374,2,,
138.32519106846303,all,R,R,298553055789.8777,320503116622.5651,0.07352147434771505,2,,
138.34085804154165,all,R,R,298564057616.9813,320502035461.1408,0.07347829480634616,2,,
138.44934246549383,all,R,R,298600964730.44104,320546184929.78845,0.07349346717335026,2,,
138.7569726780057,all,R,R,298600968438.8379,320546186998.7646,0.07349346077027774,2,,
138.8059992052149,all,R,R,298600968438.8379,320546537576.89056,0.07349463483922936,2,,
138.8549755413551,all,R,R,298600968438.8379,320546783811.7326,0.07349545946764025,2,,
138.9657472386025,all,R,R,298626734211.80054,320527510908.44293,0.07333829891167509,2,,
139.08942406554706,all,R,R,298626734211.80054,320527943223.8167,0.07333974658974363,2,,
139.38537076860666,all,R,R,298626735027.4432,320407246006.8469,0.07293556947405322,2,,
139.49741114140488,all,R,R,298631223349.86035,320407269484.32043,0.07291952224616649,2,,
139.61829927796498,all,R,R,298631223349.86035,320407271603.6689,0.07291952934304158,2,,
139.62401120504364,all,R,R,298631223872.79156,320407271875.9907,0.07291952837615923,2,,
139.80205736565404,all,R,R,298640920977.1604,320387279101.3051,0.07281774397490515,2,,
139.85821143863723,all,R,R,298640920977.1604,320309671176.69855,0.07255787361168542,2,,
139.99364104145207,all,R,R,298640920977.1604,320309666815.26013,0.07255785900739609,2,,
140.2515814686194,all,R,R,298640920977.1604,320309681416.7273,0.07255790790045169,2,,
140.2544640051201,all,R,R,298640920977.1604,320309006389.7312,0.07255564757057509,2,,
140.49359906557947,all,R,R,298640920977.1604,320249275694.51044,0.0723556391623994,2,,
140.53112017805688,all,R,R,298695353756.40247,320299671996.6047,0.07232893973242494,2,,
140.57186694140546,all,R,R,298717173577.88153,320296123941.6291,0.07223873373360479,2,,
140.76822500512935,all,R,R,298717285176.5414,320295726687.78503,0.07223700328720795,2,,
140.82537273853086,all,R,R,298717439788.8157,320295804820.5676,0.0722367098720691,2,,
141.05895406543277,all,R,R,298771831530.4636,320307017595.84454,0.07207903755540324,2,,
141.09462534147315,all,R,R,298771831530.4636,320311214863.5817,0.07209308596055486,2,,
141.1098902686499,all,R,R,298800787960.8273,320238516511.551,0.07174589028705713,2,,
141.2398602780886,all,R,R,298800787960.8273,320237901260.8723,0.0717438312206038,2,,
141.2516917050816,all,R,R,298800787960.8273,320236558321.2875,0.07173933678940103,2,,
141.59458754141815,all,R,R,298800787960.8273,320238453288.95746,0.07174567869928339,2,,
141.6551487655379,all,R,R,298800787960.8273,320232663690.2522,0.07172630258336077,2,,
141.69297473854385,all,R,R,298800787960.8273,320232760192.70483,0.07172662554921816,2,,
141.85018840502016,all,R,R,298801232238.60974,320231772739.5019,0.07172172731797377,2,,
141.98669406864792,all,R,R,298801232238.60974,320246906724.3704,0.07177237632218025,2,,
142.12891047797166,all,R,R,298816145212.7772,320212414048.98206,0.07160345643629551,2,,
142.31337040523067,all,R,R,298816145212.7772,320212602655.18005,0.07160408761436599,2,,
142.34611916565336,all,R,R,298823999551.8311,320215349410.0135,0.07158511327826611,2,,
142.37125944136642,all,R,R,298828068806.85065,320215341640.05695,0.07157049509639646,2,,
142.86956653860398,all,R,R,298834320187.1989,320097159278.7359,0.07115260080641783,2,,
142.87660664133728,all,R,R,298834320187.1989,320096959491.52637,0.07115193225131544,2,,
142.8970005051233,all,R,R,298834320256.6239,320095673614.14734,0.07114762902489002,2,,
142.94038887810893,all,R,R,298834320256.6239,320104816745.7535,0.07117822501399296,2,,
142.97740206564777,all,R,R,298834320256.6239,320032966324.09216,0.07093778937193007,2,,
143.06936866859905,all,R,R,298853502122.4207,320033020497.701,0.07086923266706235,2,,
143.3212679051794,all,R,R,298853502122.4207,320033020547.53815,0.07086923283382363,2,,
143.54801194136962,all,R,R,298857115826.23285,320029518875.3772,0.07084456727961874,2,,
143.667552865576,all,R,R,298894632301.87616,320020583598.0604,0.070680263253599,2,,
143.8123230051715,all,R,R,298894955343.0857,320019790444.2699,0.07067645245780785,2,,
143.95902867801487,all,R,R,298894960355.0521,319957326658.9158,0.07046745210706806,2,,
144.06963756866753,all,R,R,298894960355.0521,319957337209.9541,0.07046748740722264,2,,
144.07889894139953,all,R,R,298894960355.0521,319915787224.9048,0.07032847541116904,2,,
144.2791374051012,all,R,R,298894960355.0521,319914595620.746,0.07032448871243924,2,,
144.28228566562757,all,R,R,298894960355.0521,319829973824.2583,0.0700413732113041,2,,
144.72147854138166,all,R,R,298894968590.1991,319829978307.59644,0.07004135872926098,2,,
144.80403307802044,all,R,R,298894968590.1991,319829980899.7647,0.07004136740176659,2,,
144.81484903860837,all,R,R,298894968590.1991,319778833281.32367,0.0698702450216131,2,,
144.98634050507098,all,R,R,298895114693.4117,319779071624.3164,0.06987051947077227,2,,
145.01476756553166,all,R,R,298932405782.98596,319762307604.14105,0.06968097609423052,2,,
145.03825756860897,all,R,R,298932405782.98596,319761703436.6191,0.06967895501016508,2,,
145.30839674151503,all,R,R,298932405782.98596,319761708234.0505,0.06967897105871423,2,,
145.49731140513904,all,R,R,298932405782.98596,319761023989.1184,0.06967668209666522,2,,
145.58702826546505,all,R,R,298932405782.98596,319738073572.8838,0.06959990749548228,2,,
145.6618777778931,all,R,R,298932410755.0432,319735207970.1119,0.06959030358242169,2,,
145.9372989051044,all,R,R,298932656712.5962,319734603500.1543,0.06958740144459297,2,,
146.16714296862483,all,R,R,298984695372.65594,319732881177.59534,0.0693954778490542,2,,
146.21510016545653,all,R,R,299020644921.637,319741448547.67554,0.06929556195515763,2,,
146.37512854137458,all,R,R,299022411743.4741,319739458278.0353,0.06928258792967634,2,,
146.38738330523483,all,R,R,299022411743.4741,319738268843.6595,0.06927861018644021,2,,
146.46075673867017,all,R,R,299063197189.8321,319649074099.6518,0.06883453766045533,2,,
146.47478807810694,all,R,R,299063197189.8321,319649076671.1792,0.06883454625906404,2,,
146.91518086544238,all,R,R,299063197189.8321,319610750483.56433,0.06870639211647811,2,,
147.00190280517563,all,R,R,299063930556.26294,319610265556.7495,0.06870214994589996,2,,
147.05743544152938,all,R,R,299063930556.26294,319605197091.52423,0.06868520218086571,2,,
147.33834533859044,all,R,R,299063930556.26294,319622145181.4304,0.06874187263883313,2,,
147.455349778058,all,R,R,299090005130.6729,319621261855.42816,0.06864574667343071,2,,
147.55109216854908,all,R,R,299090005130.6729,319506095050.16754,0.06826068932184737,2,,
147.57063330500387,all,R,R,299090005130.6729,319505662178.2581,0.06825924202537492,2,,
147.57087350520305,all,R,R,299090005130.6729,319505662178.2581,0.06825924202537492,3,,
147.64962274138816,all,R,R,299090005130.6729,319504921780.19147,0.0682567665228373,3,,
147.72020296542905,all,R,R,299120878788.3443,319504244574.1115,0.06814424278350129,3,,
148.2383172386326,all,R,R,299162972172.781,319504308573.17664,0.06799416469444464,3,,
148.326081241481,all,R,R,299192523507.6801,319504236403.5281,0.06788843737710093,3,,
148.34837287804112,all,R,R,299192523507.6801,319504045250.5166,0.06788779848075022,3,,
148.4232215655502,all,R,R,299192523507.6801,319500714713.6654,0.06787666672915371,3,,
148.55274526868016,all,R,R,299224838138.73175,319365694268.9412,0.0673101078623406,3,,
148.79296834138222,all,R,R,299224838138.73175,319366072518.05444,0.06731137195898307,3,,
149.04179596551694,all,R,R,299229280109.40643,319271379192.40735,0.06697907061659536,3,,
149.1484123780392,all,R,R,299229280109.40643,319270359558.0704,0.06697566308128788,3,,
149.38005593861453,all,R,R,299229280109.40643,319258263770.4769,0.06693523993957862,3,,
149.43035946856253,all,R,R,299229280109.40643,319277035135.85114,0.06699797232114024,3,,
149.69394704140723,all,R,R,299243169025.60376,319276806511.9847,0.06694768522741712,3,,
149.73937716544606,all,R,R,299243169025.60376,319268637124.95856,0.0669203850653024,3,,
149.95954697788693,all,R,R,299261329631.4036,319244984363.4034,0.06677660209761616,3,,
150.18158704135567,all,R,R,299261329631.4036,319243595863.1543,0.06677196233927907,3,,
150.28385593858548,all,R,R,299287243979.6056,319243789284.65027,0.0666802401588642,3,,
150.4677607654594,all,R,R,299313070400.97394,319244757165.4483,0.06659143463990036,3,,
150.4972697685007,all,R,R,299448983955.4161,319242630978.7049,0.06610023103713658,3,,
150.88415454141796,all,R,R,299448989631.8952,319242634290.6798,0.06610022188792963,3,,
151.04376326547936,all,R,R,299448989631.8952,319226582707.4658,0.06604661815651047,3,,
151.32129387790337,all,R,R,299448989631.8952,319188827957.4992,0.06592053741730663,3,,
151.3671475413721,all,R,R,299448989631.8952,319188830992.2064,0.06592054755161092,3,,
151.42705856845714,all,R,R,299448989631.8952,319191222605.9801,0.06592853426673284,3,,
151.4738547387533,all,R,R,299448989631.8952,319131957150.3184,0.06573061923708257,3,,
151.88087236555293,all,R,R,299455363442.5711,319130605358.7479,0.06570342133795215,3,,
151.97719204146415,all,R,R,299455368331.68567,319130608192.58563,0.06570341340184993,3,,
152.27977827796713,all,R,R,299461590552.36835,319098564771.98755,0.06557426674785916,3,,
152.37098876852542,all,R,R,299461769780.05804,319098107180.1616,0.06557210095474164,3,,
152.40803886554204,all,R,R,299461769780.05804,319098049182.70404,0.06557190728241546,3,,
152.45790834142826,all,R,R,299461769780.05804,319098051767.71454,0.06557191591460398,3,,
152.67553593870252,all,R,R,299517692911.6509,319104591131.5542,0.06539479531074277,3,,
152.95620126556605,all,R,R,299517692911.6509,319098085728.9801,0.06537307571711581,3,,
153.07686074147932,all,R,R,299545514664.22174,319097463560.8985,0.06527204694950517,3,,
153.13912857789546,all,R,R,299545514664.22174,319100963492.3319,0.06528373108851593,3,,
153.25100816856138,all,R,R,299545514664.22174,319100766437.2074,0.06528307324149485,3,,
153.54135124152526,all,R,R,299545514664.22174,319099098402.2347,0.06527750468883409,3,,
153.60126166557893,all,R,R,299545588700.9207,319071201928.0556,0.06518411208061581,3,,
153.60860073869117,all,R,R,299545588700.9207,319039607293.2163,0.06507863686738946,3,,
154.17024827795103,all,R,R,299545623403.4542,319002006610.9115,0.06495298774988845,3,,
154.17187296855263,all,R,R,299608803264.67017,319009724609.0156,0.06475417655604376,3,,
154.23333024140447,all,R,R,299609002616.10394,319009835830.4042,0.06475383932023893,3,,
154.34408606565557,all,R,R,299609002616.10394,319010103123.7695,0.06475473146087207,3,,
154.7608364415355,all,R,R,299609002616.10394,318978477551.8783,0.06464917531397729,3,,
154.8171524386853,all,R,R,299665327118.197,318934686787.019,0.0643029337231984,3,,
154.9555266685784,all,R,R,299665327118.197,318849917710.79395,0.06402005456250182,3,,
155.0172105655074,all,R,R,299696173297.8144,318838965762.1723,0.06387399696737317,3,,
155.04388187802397,all,R,R,299696173297.8144,318838984075.2627,0.0638740580728927,3,,
155.3813319413457,all,R,R,299701090303.0284,318838547174.5343,0.06385514597946917,3,,
155.6686190655455,all,R,R,299701090303.0284,318853309192.5345,0.06390440178292733,3,,
155.8003023385536,all,R,R,299701090303.0284,318836608995.0749,0.06384867893773283,3,,
155.80904424143955,all,R,R,299701090303.0284,318836756015.0245,0.0638491694930039,3,,
155.92233427800238,all,R,R,299701146653.12036,318836787634.0339,0.06384907496887715,3,,
156.02605876862071,all,R,R,299719490798.79944,318836833426.6681,0.06378411553055141,3,,
156.2814376654569,all,R,R,299724684041.3479,318771983613.3637,0.06354931904570194,3,,
156.58041334152222,all,R,R,299751450735.3201,318770390193.06195,0.06344903222682152,3,,
156.74186277808622,all,R,R,299751450735.3201,318719601144.95386,0.06327959502148528,3,,
156.84163006558083,all,R,R,299751450735.3201,318713908426.74866,0.06326060355975494,3,,
156.96526236855425,all,R,R,299751450735.3201,318713916815.7125,0.06326063154615458,3,,
156.98925443855114,all,R,R,299773573277.232,318725191206.05884,0.06321977525117028,3,,
157.0815305414144,all,R,R,299773573277.232,318724584181.20746,0.06321775030666066,3,,
157.61716256546788,all,R,R,299796290537.44415,318744724481.0253,0.06320436423550269,3,,
157.64491057791747,all,R,R,299807657782.8592,318738466797.4177,0.06314318037956679,3,,
157.68253844138235,all,R,R,299834212481.1802,318737870536.2632,0.06304703488855368,3,,
157.9554580685217,all,R,R,299834212481.1802,318737501810.24146,0.06304580512221492,3,,
158.0054205385968,all,R,R,299834212481.1802,318670483055.3417,0.06282228575014193,3,,
158.18887154152617,all,R,R,299834212481.1802,318668881203.2401,0.06281694329075993,3,,
158.23452786542475,all,R,R,299834212481.1802,318692588131.59515,0.06289601007956569,3,,
158.451463178033,all,R,R,299834212481.1802,318661535140.3792,0.06279244287501307,3,,
158.66947954148054,all,R,R,299860668631.5071,318659967786.02026,0.0626934477279355,3,,
158.98077506851405,all,R,R,299866914841.50446,318660300884.8171,0.0626724227087403,3,,
159.01853936561383,all,R,R,299881523508.1147,318660234047.49884,0.06262043196161104,3,,
159.16500484151766,all,R,R,299881523508.1147,318659635013.85266,0.0626184343939078,3,,
159.30178757803515,all,R,R,299887153567.88043,318662878246.951,0.06260929971720386,3,,
159.60050953854807,all,R,R,299887262690.8593,318662923517.47034,0.06260906401338562,3,,
159.62332324148156,all,R,R,299913416993.79175,318662332391.23444,0.06251442694819742,3,,
159.65571986557916,all,R,R,299913416993.79175,318662258239.6121,0.06251417970476614,3,,
159.83912606863305,all,R,R,299913416993.79175,318745686890.52997,0.06279235549214546,3,,
160.05888874153607,all,R,R,299913416993.79175,318744178682.6643,0.062787326681228,3,,
160.1355370779056,all,R,R,299913416993.79175,318747361267.0185,0.06279793835837832,3,,
160.27807936561294,all,R,R,299913416993.79175,318747426201.8975,0.06279815487046259,3,,
160.75840894132853,all,R,R,299932865570.37555,318746643047.4029,0.06272662864487888,3,,
160.8816335387528,all,R,R,299932865570.37555,318746719026.4513,0.06272688196506193,3,,
160.92420856864192,all,R,R,300040250745.2641,318743984565.64343,0.06233741564313955,3,,
161.01351146562956,all,R,R,300061392933.6069,318776789441.2328,0.062371891047533046,3,,
161.04316287790425,all,R,R,300072280454.6608,318765543871.76337,0.06229586881127114,3,,
161.21514524146914,all,R,R,300072280454.6608,318775232317.92,0.06232815585271978,3,,
161.5907851655502,all,R,R,300072280454.6608,318793975490.67456,0.062390618045915947,3,,
161.73070604144596,all,R,R,300098002090.3516,318793456725.88696,0.062297831059556996,3,,
161.8212071780581,all,R,R,300098002090.3516,318793468927.45734,0.062297871718176356,3,,
161.9141911685001,all,R,R,300098002090.3516,318797031296.3538,0.062309742403324764,3,,
161.94079473870806,all,R,R,300098063389.38696,318797065663.6211,0.062309639932502936,3,,
162.18760954146273,all,R,R,300098063389.38696,318796770276.81384,0.06230865563155841,3,,
162.6330583654344,all,R,R,300108379542.66174,318802127139.1744,0.06228998878671832,3,,
162.7227286780253,all,R,R,300135266401.869,318767959795.8801,0.06208098640785087,3,,
162.8195103413891,all,R,R,300148514718.8346,318743480438.8435,0.06195254951512186,3,,
162.84936143853702,all,R,R,300148514718.8346,318659285675.7211,0.06167203917109698,3,,
162.90059296856634,all,R,R,300150267632.89844,318671630088.2557,0.06170696631865069,3,,
163.36142564145848,all,R,R,300150267632.89844,318658373082.0549,0.06166279842133249,3,,
163.37458196561784,all,R,R,300150267632.89844,318663615858.5416,0.061680265593786254,3,,
163.50530327809975,all,R,R,300150267632.89844,318643260817.7294,0.0616124494263286,3,,
163.75478746858425,all,R,R,300150267632.89844,318499029055.0959,0.061131917578827855,3,,
163.8842576413881,all,R,R,300174669875.70996,318498691727.8637,0.06104453070520899,3,,
163.99523536558263,all,R,R,300176206680.89453,318499389948.6598,0.061041424536502076,3,,
164.29923733859323,all,R,R,300221008029.49615,318477797434.9381,0.06081116549861254,3,,
164.3311385414563,all,R,R,300221008029.49615,318478391339.587,0.06081314372343005,3,,
164.55004497803748,all,R,R,300233279380.9732,318485269627.9555,0.06079269521558239,3,,
164.64729576557875,all,R,R,300233279380.9732,318417388552.34796,0.06056660077412834,3,,
164.67736896849237,all,R,R,300235527309.57465,318265274058.0194,0.06005200953401557,3,,
164.9573799413629,all,R,R,300239041366.67175,318239095889.9311,0.05995241138968499,3,,
165.35946606565267,all,R,R,300266993904.9091,318211015011.71954,0.059760218309219404,3,,
165.49823556863703,all,R,R,300266993904.9091,318212178169.81757,0.05976409205532418,3,,
165.52490874147043,all,R,R,300266993904.9091,318213039935.59015,0.05976696205365917,3,,
165.89266103855334,all,R,R,300266993904.9091,318148864967.1658,0.059553235704353336,3,,
165.97752986545675,all,R,R,300266993904.9091,318154094404.77136,0.05957065166318909,3,,
166.09960697800852,all,R,R,300266993904.9091,318130976987.82104,0.059493662125811975,3,,
166.14059554133564,all,R,R,300281579888.74347,318121916935.16785,0.05941202604913154,3,,
166.55317236855626,all,R,R,300281650919.1211,317999096265.2691,0.05900275721782311,3,,
166.69601064152084,all,R,R,300281650919.1211,317985091378.2043,0.0589561180474909,3,,
166.70288766548038,all,R,R,300294694204.9112,317993394048.6891,0.058937770747627294,3,,
166.99528643861413,all,R,R,300302557396.3224,317979655496.02966,0.05886429424035189,3,,
167.01117117796093,all,R,R,300303684059.08307,317998164851.0628,0.058921957109585366,3,,
167.29883794137277,all,R,R,300318853468.59705,317988123465.70294,0.05883503414131641,3,,
167.30572756542824,all,R,R,300318853468.59705,317956281520.7907,0.0587290070153319,3,,
167.52098026848398,all,R,R,300318853468.59705,317956429351.64484,0.05872949926166404,3,,
167.84291714150459,all,R,R,300318853468.59705,317951795919.4605,0.05871407088568703,3,,
167.85831107804552,all,R,R,300318853468.59705,317924649253.15515,0.05862367807154367,3,,
167.99059923854657,all,R,R,300318853468.59705,317863627443.45233,0.05842048799873245,3,,
168.06561396550387,all,R,R,300332378021.5923,317863596198.2926,0.05837272122368353,3,,
168.49073294154368,all,R,R,300339816829.2993,317865827364.98737,0.058353936286939634,3,,
168.5659140686039,all,R,R,300341289911.2593,317868135570.98114,0.0583564306622657,3,,
168.8054381655529,all,R,R,300341289911.2593,317868713553.9482,0.05835835508287146,3,,
168.83778287796304,all,R,R,300341293116.9815,317824762740.80194,0.05821200755438816,3,,
169.05753303854726,all,R,R,300357546614.0662,317833046068.7918,0.05818232187513539,3,,
169.0756716413889,all,R,R,300357546614.0662,317823771460.4893,0.05815144331587474,3,,
169.35309076867998,all,R,R,300357546614.0662,317825985543.11255,0.058158814805781445,3,,
169.54543426563032,all,R,R,300386321741.842,317813653154.95355,0.058016394728149345,3,,
169.6618523413781,all,R,R,300409557607.54224,317813130359.11505,0.05793281974839504,3,,
169.68901697802357,all,R,R,300409557607.54224,317813132440.5564,0.05793282667707378,3,,
169.91615023859777,all,R,R,300409557607.54224,317794784217.62445,0.05787174931629324,3,,
170.0963677414693,all,R,R,300409557607.54224,317793480624.2364,0.057867409929096336,3,,
170.1704485656228,all,R,R,300409557607.54224,317781242924.6356,0.05782667321053725,3,,
170.35031666862778,all,R,R,300410450271.382,317636475484.13806,0.05734163108238932,3,,
170.51585747790523,all,R,R,300413790088.3161,317604733722.136,0.05722421606799766,3,,
170.79184354143217,all,R,R,300422749370.72986,317604134923.10535,0.05719069407481259,3,,
170.8624257654883,all,R,R,300448857488.5309,317594708549.065,0.057067453022978,3,,
170.89059553854167,all,R,R,300512204961.2234,317580280714.969,0.05679661415398418,3,,
171.29139336850494,all,R,R,300512204961.2234,317580737093.00433,0.056798132821205716,3,,
171.2938926415518,all,R,R,300512204961.2234,317573960872.0908,0.05677558391702919,3,,
171.4785328656435,all,R,R,300512204961.2234,317556159783.51733,0.05671634809139681,3,,
171.54598817788064,all,R,R,300512204961.2234,317564008789.80115,0.056742466851813944,3,,
171.7741529387422,all,R,R,300512204961.2234,317554302579.0157,0.05671016796136885,3,,
171.93649084144272,all,R,R,300513999744.1418,317587422746.7886,0.056814068619708724,3,,
172.20546036562882,all,R,R,300514033656.4089,317587359425.38855,0.05681373865055628,3,,
172.23922216845676,all,R,R,300514216079.75476,317587731643.4049,0.0568143357288593,3,,
172.48860964155756,all,R,R,300514216079.75476,317587729258.0121,0.05681432779115547,3,,
172.5285258779768,all,R,R,300514216079.7552,317544813448.0389,0.05667151987167163,3,,
172.73420713865198,all,R,R,300570689943.15485,317535638566.18567,0.0564424582657721,3,,
172.87980016553774,all,R,R,300570689943.15485,317535634969.40656,0.05644244629927209,3,,
173.20602274150588,all,R,R,300573761492.11957,317535517953.5174,0.05643126125579179,3,,
173.3342808780726,all,R,R,300573761492.11957,317535517953.51764,0.05643126125579245,3,,
173.36073166853748,all,R,R,300573761492.11957,317447049287.5512,0.056136928625002414,3,,
173.57023176550865,all,R,R,300574489044.4321,317423033912.5175,0.056054473956353545,3,,
173.6291978387162,all,R,R,300574489044.4321,317410915603.20135,0.05601415679785249,3,,
173.72388444142416,all,R,R,300574489044.4321,317376689676.0085,0.05590028842764694,3,,
174.33815206564032,all,R,R,300574489044.4321,317377154662.16565,0.05590183541907212,3,,
174.37475416855887,all,R,R,300574489312.5269,317343783278.898,0.0557908091426047,3,,
174.46035824134015,all,R,R,300580565227.9203,317343773293.3781,0.05576943423719638,3,,
174.4738204779569,all,R,R,300586641911.391,317335459776.23517,0.05572043307826546,3,,
174.657109238673,all,R,R,300586934285.2618,317335626788.58704,0.05571996182452321,3,,
174.92652264144272,all,R,R,300586934285.2618,317335854025.93524,0.055720717803317665,3,,
175.08351276558824,all,R,R,300603331850.2119,317345950475.5733,0.05569671674066501,3,,
175.31818787800148,all,R,R,300603331850.2119,317307846748.98553,0.055569959241494216,3,,
175.42870596866123,all,R,R,300603331850.2119,317307845265.6614,0.055569954307004066,3,,
175.49259884143248,all,R,R,300606498947.7713,317306144335.66724,0.05555317481940869,3,,
175.5378257385455,all,R,R,300606498947.7713,317306279556.47675,0.05555362464604241,3,,
175.75070116552524,all,R,R,300606498947.7713,317311783945.328,0.05557193559031859,3,,
175.99882334144786,all,R,R,300606498947.7713,317295256241.80273,0.05551695439868398,3,,
176.3922431685496,all,R,R,300623107962.2753,317295394564.1509,0.05545909865308074,3,,
176.56413037795573,all,R,R,300623109793.2107,317295395682.6229,0.05545909594535359,3,,
176.5706031655427,all,R,R,300625351842.9842,317295401048.3269,0.055451242229396014,3,,
176.59415804152377,all,R,R,300640355028.22614,317288465661.0746,0.05537550217197351,3,,
176.75095823872834,all,R,R,300672542559.18634,317289540612.1127,0.055266097500922706,3,,
177.08160364138894,all,R,R,300672542559.18634,317289717704.126,0.05526668648723909,3,,
177.16771136550233,all,R,R,300672542559.18634,317291517129.6073,0.05527267115569612,3,,
177.24220946850255,all,R,R,300672542559.18634,317262317704.30237,0.055175557448350565,3,,
177.4560917778872,all,R,R,300672542559.18634,317262318857.52045,0.05517556128381251,3,,
177.92631643870845,all,R,R,300672542559.18634,317203838202.8712,0.054981061798919484,3,,
177.94808824150823,all,R,R,300677672638.1761,317203805240.1272,0.054962952376706786,3,,
178.0925993656274,all,R,R,300701586304.5581,317161199452.63324,0.05473736720299316,3,,
178.2405863685999,all,R,R,300757263261.1714,317042441438.01086,0.054147248183654906,3,,
178.47850957792252,all,R,R,300767508448.2403,317041913676.21936,0.05410958554647127,3,,
178.5118664414622,all,R,R,300767508448.2403,317041476263.3335,0.05410813122420044,3,,
178.7490733654704,all,R,R,300767508448.2403,317042738285.0661,0.054112327228413415,3,,
179.1639043414034,all,R,R,300769800354.18567,317042552006.4591,0.054103675412593644,3,,
179.19369396846741,all,R,R,300769800354.18567,316995315122.3689,0.053946622131198385,3,,
179.42432297789492,all,R,R,300769800354.18567,316995577977.6305,0.053947496072868306,3,,
179.49236823874526,all,R,R,300772802093.5946,316968837434.59186,0.053848071462117675,3,,
179.66871856548823,all,R,R,300773320209.3011,316941580486.2932,0.05375563319825383,3,,
179.86276764143258,all,R,R,300773320209.3011,316941573316.46185,0.05375560936026402,3,,
180.21099286852404,all,R,R,300794691217.72815,316941632848.4699,0.0536809395317881,3,,
180.3119113780558,all,R,R,300794691217.72815,316939304077.8619,0.05367319747158561,3,,
180.35000263853,all,R,R,300794691217.72815,316881769680.6583,0.053481922828503725,3,,
180.37574716564268,all,R,R,300794691217.72815,316861433969.57544,0.053414316212839985,3,,
180.47372274147347,all,R,R,300806265586.5102,316851752707.705,0.05334159875263711,3,,
181.07522754138336,all,R,R,300806265586.5102,316853624530.50244,0.053347821438171295,3,,
181.18116116547026,all,R,R,300825196526.3212,316876574143.12146,0.05335782308845194,3,,
181.2589415779803,all,R,R,300854536117.0149,316843601180.3977,0.05314550104427873,3,,
181.29008023859933,all,R,R,300854538058.8679,316843602240.1578,0.053145497769295114,3,,
181.35231786849909,all,R,R,300854538058.8679,316843612500.096,0.05314553187194915,3,,
181.77933756564744,all,R,R,300854538058.8679,316841572515.63617,0.05313875123811518,3,,
181.83304554154165,all,R,R,300854913915.3437,316841576473.5744,0.0531374487130003,3,,
182.0464139780961,all,R,R,300854913915.3437,316841512992.05426,0.0531372377092334,3,,
182.1934486385435,all,R,R,300854913915.3437,316841514125.6256,0.05313724147706722,3,,
182.2220450686291,all,R,R,300854913915.3437,316841353870.77997,0.05313670881219057,3,,
182.45906084147282,all,R,R,300854913915.3437,316840760774.58685,0.05313473744271757,3,,
182.46503886557184,all,R,R,300866065578.7713,316840664314.4967,0.05309538217610332,3,,
182.9486966780387,all,R,R,300866108330.68274,316841303104.2663,0.05309735570490104,3,,
183.13561326544732,all,R,R,300866108330.68274,316840292348.1179,0.053093996216675654,3,,
183.20005534146912,all,R,R,300866108330.68274,316840304303.2662,0.053094035952451435,3,,
183.33547596866265,all,R,R,300872753699.873,316747732149.2826,0.0527630975360609,3,,
183.68832693854347,all,R,R,300872822930.44946,316747762353.0641,0.05276295568338618,3,,
183.80426707793958,all,R,R,300872822930.44946,316726247688.939,0.05269144818092886,3,,
183.9700797656551,all,R,R,300896437648.02264,316685832470.206,0.05247451563601824,3,,
184.15928804152645,all,R,R,300898798689.46906,316685831439.6341,0.0524662538332612,3,,
184.54028863855638,all,R,R,300898798689.46906,316632025292.8441,0.05228743574882766,3,,
184.6324907655362,all,R,R,300898798689.46906,316632962148.9887,0.05229054927453358,3,,
184.68217714154162,all,R,R,300898798689.46906,316633043069.5165,0.05229081820391501,3,,
184.76851897803135,all,R,R,300898798746.1031,316633043099.4026,0.05229081810517955,3,,
185.0790358686354,all,R,R,300898798746.1031,316680602372.10425,0.052448875474965906,3,,
185.15638774144463,all,R,R,300915354493.56714,316680563108.02905,0.05239084140785821,3,,
185.40230286563747,all,R,R,300920436043.3148,316664819664.90295,0.0523207523842677,3,,
185.53642953862436,all,R,R,300923776160.571,316662442697.48596,0.052301173199810425,3,,
185.6367407781072,all,R,R,300923776160.571,316661452744.66815,0.05229788348694542,3,,
185.6748981415294,all,R,R,300923776160.571,316661660421.26117,0.052298573617169275,3,,
185.9244683654979,all,R,R,300923776160.571,316660458386.3872,0.05229457913428304,3,,
186.26373064145446,all,R,R,300935142427.93286,316654065749.8537,0.052233591580900685,3,,
186.4130015685223,all,R,R,300986799275.65686,316602760655.9162,0.051882545739016184,3,,
186.47132103866898,all,R,R,300986799275.65686,316567929385.36096,0.05176682215698847,3,,
186.59988886560313,all,R,R,300989527103.8825,316526956310.5019,0.05162116222487989,3,,
186.61218157806434,all,R,R,300989529509.45605,316526957596.2181,0.051621158091726516,3,,
186.86584654147737,all,R,R,300989529509.45605,316523361698.33405,0.05160921117154671,3,,
187.2990993685089,all,R,R,300989529509.45605,316463675772.96844,0.05141091216273108,3,,
187.30523676564917,all,R,R,300989529509.45605,316449581222.8215,0.051364084785812114,3,,
187.47122864145786,all,R,R,301000872889.3385,316452690150.62885,0.0513347921983307,3,,
187.5087927780114,all,R,R,301000872889.3385,316418098188.85394,0.05121986907055742,3,,
187.82537663867697,all,R,R,301000939515.59106,316418127256.4261,0.05121973295381177,3,,
188.052397941472,all,R,R,301000939515.59106,316418919301.643,0.05122236432505667,3,,
188.06199216563255,all,R,R,301016485296.52435,316426164830.5591,0.051192144904804726,3,,
188.37249717791565,all,R,R,301042623855.52686,316426887492.2744,0.051103273814576466,3,,
188.51067766849883,all,R,R,301121627685.3903,316425370476.3324,0.05082246303122173,3,,
188.68024874152616,all,R,R,301121627685.3903,316417543874.06384,0.05079647153294009,3,,
188.71347346552648,all,R,R,301121627685.3903,316399690866.8578,0.05073718317380327,3,,
188.92554113874212,all,R,R,301121627685.3903,316341522946.42993,0.05054401232495076,3,,
189.26042117807083,all,R,R,301121627685.3903,316336191637.98553,0.05052630749090947,3,,
189.2991675415542,all,R,R,301137082199.56525,316335844445.30316,0.05047124098673983,3,,
189.38357476866804,all,R,R,301137082199.56525,316332664581.45776,0.050460681464072676,3,,
189.4573229656089,all,R,R,301141477616.2053,316330959888.0848,0.050439688322303944,3,,
189.75848594144918,all,R,R,301141477616.2053,316330046742.96106,0.05043665604282199,3,,
190.00974456546828,all,R,R,301141477616.2053,316328055207.5975,0.050430042754677995,3,,
190.07675233855844,all,R,R,301170658471.6294,316324251615.04004,0.050315635727303576,3,,
190.284710977925,all,R,R,301185557288.6923,316326167343.34564,0.050270040140539596,3,,
190.50479806866497,all,R,R,301235990512.32446,316188672176.0069,0.04963776618541438,3,,
190.7033303414937,all,R,R,301238143468.08636,316188666296.2452,0.049630244882128194,3,,
190.7753490654286,all,R,R,301240096747.7157,316137567468.2032,0.04945381070224486,3,,
191.07140513858758,all,R,R,301240096747.7157,316122248515.7234,0.049402957735972475,3,,
191.166124277981,all,R,R,301240096747.7157,316103007939.96594,0.0493390865051333,3,,
191.18158834148198,all,R,R,301240096747.7157,316102839783.30786,0.04933852829040708,3,,
191.44572696858086,all,R,R,301240096747.7157,316083982395.6496,0.04927592909507483,3,,
191.4921201656107,all,R,R,301240096747.7157,316081520171.8633,0.04926775546940898,3,,
191.76470454153605,all,R,R,301243355035.6988,316082450885.74194,0.04925949602534674,3,,
192.09238127805293,all,R,R,301251148738.2719,316068935605.9702,0.0491874866859745,3,,
192.20625936542638,all,R,R,301270508339.9376,316048327814.0335,0.04905166309017339,3,,
192.26832503871992,all,R,R,301296573759.4228,316048911571.1242,0.048962846233627566,3,,
192.32697114138864,all,R,R,301296573759.4228,316053627100.35315,0.048978497023047796,3,,
192.42072236863896,all,R,R,301296718500.64154,316053832879.0989,0.04897867607683848,3,,
192.81328806560487,all,R,R,301296718500.64154,316064397874.9049,0.0490137411643663,3,,
192.9037108779885,all,R,R,301296718500.64154,316036024489.4271,0.048919570256634515,3,,
192.98096844134852,all,R,R,301307853118.74347,316035551446.29205,0.04887923821137341,3,,
193.42350673861802,all,R,R,301307853118.74347,315993567637.8359,0.0487398996311752,3,,
193.54517426854,all,R,R,301307853118.74347,315923345100.0899,0.04850684052893417,3,,
193.5514812655747,all,R,R,301327862840.56635,315920169884.16113,0.04842667686298774,3,,
193.5908840415068,all,R,R,301327862840.56635,315919043951.037,0.048422940291422245,3,,
193.80720657808706,all,R,R,301333374879.9618,315897532815.5211,0.04833237586563732,3,,
194.20296256546862,all,R,R,301333374879.9618,315888089279.39026,0.04830103670138253,3,,
194.30719674145803,all,R,R,301335467011.3851,315888599933.71783,0.04829545312627581,3,,
194.5663177780807,all,R,R,301335467011.3851,315886547364.5655,0.04828864155121382,3,,
194.5705767686013,all,R,R,301335765323.6291,315791661163.8047,0.04797271848779783,3,,
194.6049179385882,all,R,R,301358851416.9697,315756387529.5,0.04777538819528271,3,,
194.84408694133162,all,R,R,301358851416.9697,315739951263.22174,0.04772084768253193,3,,
194.8627455655951,all,R,R,301373688002.0859,315723916859.46136,0.04761606413787578,3,,
195.39064716850407,all,R,R,301373688002.0859,315724082083.8064,0.04761661237533521,3,,
195.44046837789938,all,R,R,301373690167.04675,315724083240.92145,0.047616608689101225,3,,
195.45279013854451,all,R,R,301373690167.04675,315711416711.591,0.04757457937551579,3,,
195.51437666546553,all,R,R,301373690167.04675,315697660142.909,0.04752893315910445,3,,
195.553597941529,all,R,R,301373818495.52954,315697731201.19965,0.047528722890314956,3,,
196.03627764154226,all,R,R,301373818495.52954,315680831909.16864,0.04747264870273171,3,,
196.2883663654793,all,R,R,301391262307.6943,315670487416.0475,0.04737770099577521,3,,
196.32868367806077,all,R,R,301391262307.6943,315639356799.7194,0.047274411284953244,3,,
196.7123952684924,all,R,R,301396045508.14954,315643885313.82983,0.0472728160107696,3,,
196.73061944148503,all,R,R,301396161466.01263,315643950149.8651,0.04727262820651146,3,,
196.81034176563844,all,R,R,301396161466.01263,315626374566.05115,0.04721431431250389,3,,
196.85218363860622,all,R,R,301411281476.19794,315592291649.2831,0.047048704028701094,3,,
197.18819097802043,all,R,R,301430191010.71265,315587328168.10284,0.04696655338312494,3,,
197.22698454139754,all,R,R,301430191010.71265,315570791310.66846,0.046911692065554345,3,,
197.64598616561852,all,R,R,301441139164.63525,315570420898.87354,0.04687244008363911,3,,
197.70594646851532,all,R,R,301441139164.63525,315461913470.966,0.046512477842890476,3,,
197.73957624146715,all,R,R,301441617122.54694,315453630970.1933,0.046483342218635926,3,,
197.75432243873365,all,R,R,301441617122.54694,315458910514.2101,0.04650085653556135,3,,
198.11385207809508,all,R,R,301441617122.54694,315424927882.27325,0.04638812282526206,3,,
198.28260666551068,all,R,R,301441617122.54694,315424864185.7495,0.04638791151892563,3,,
198.33749024150893,all,R,R,301441617122.54694,315414195589.3052,0.04635251960275233,3,,
198.634250668576,all,R,R,301441675289.38727,315414313157.39905,0.0463527077156729,3,,
198.83891473873518,all,R,R,301442122883.28534,315391136512.0915,0.04627426815928781,3,,
198.94151584152132,all,R,R,301442236764.1693,315391199674.8696,0.04627408242599107,3,,
199.19948177807964,all,R,R,301448291685.31024,315383249497.2179,0.0462266935864899,3,,
199.44512296561152,all,R,R,301453313866.7777,315383246931.56757,0.046209255045529085,3,,
199.5634869413916,all,R,R,301453313866.7777,315367002429.72565,0.04615536775653717,3,,
199.68768606847152,all,R,R,301453313866.7777,315254451804.8511,0.045782007704757044,3,,
199.7088702386245,all,R,R,301453313866.7777,315254695203.9612,0.04578281512368032,3,,
200.00349147804081,all,R,R,301453313866.7777,315252399845.7706,0.045775200816306816,3,,
200.0405523655936,all,R,R,301453313866.7777,315252599427.1383,0.04577586288024338,3,,
200.1550737414509,all,R,R,301467792754.9705,315252578195.8404,0.045725565954814806,3,,
200.51114796847105,all,R,R,301492338152.9399,315266510764.92194,0.0456866423086173,3,,
200.6182637414895,all,R,R,301492338152.9399,315266703751.8215,0.045687282414103025,3,,
200.78084623860195,all,R,R,301514113392.2096,315251145443.54504,0.04556016266298735,3,,
200.98252677801065,all,R,R,301519949487.0977,315247335222.8877,0.04552728852316745,3,,
201.17007346544415,all,R,R,301523287114.5203,315243935094.0429,0.045504438847243645,3,,
201.33745544147678,all,R,R,301523392476.1996,315243993841.0965,0.04550426834952748,3,,
201.37160906847566,all,R,R,301523392476.1996,315170160787.4814,0.04525940159803343,3,,
201.7167555387132,all,R,R,301523392476.1996,315156593990.27216,0.045214407419977176,3,,
201.79956656554714,all,R,R,301523392476.1996,315115772448.9081,0.04507902309364398,3,,
201.8222601779271,all,R,R,301523392476.1996,315096092674.6019,0.04501375527430662,3,,
201.88359464146197,all,R,R,301523392476.1996,315080076791.5307,0.04496063872192346,3,,
202.36266026552767,all,R,R,301545486033.02606,315078544801.14307,0.04487899635358761,3,,
202.55594696849585,all,R,R,301590746114.5355,315078155063.4206,0.04472089784798294,3,,
202.6215270415414,all,R,R,301595563674.3119,315083530915.1605,0.04472203462320845,3,,
202.80967163853347,all,R,R,301602939471.2275,315056703705.7982,0.04460753684350016,3,,
202.82856987789273,all,R,R,301602940942.8623,315029612533.91895,0.044517707781902116,3,,
202.9742351656314,all,R,R,301602940942.8623,315029386626.92224,0.044516958760702385,3,,
203.02423514146358,all,R,R,301602940942.8623,315029740989.74274,0.04451813369228419,3,,
203.43186026858166,all,R,R,301602940942.8623,315031586811.23773,0.04452425373040203,3,,
203.56797573855147,all,R,R,301602940942.8623,315023991795.8937,0.04449907156433852,3,,
203.6214497415349,all,R,R,301603047227.0055,315024050834.39087,0.04449889923454209,3,,
203.6672437780071,all,R,R,301603047227.0055,315024051638.90137,0.04449890190199035,3,,
204.1278335414827,all,R,R,301603047227.0055,315008108877.4044,0.0444460418210213,3,,
204.20306956558488,all,R,R,301607617069.92584,315008092228.9087,0.0444301615760454,3,,
204.3162576686591,all,R,R,301607617069.92584,315007456041.43994,0.044428052254421146,3,,
204.69371627806686,all,R,R,301607617098.27673,315006856081.53436,0.04442606294950302,3,,
204.76237003854476,all,R,R,301607629779.5262,314974161876.7679,0.04431761924263178,3,,
204.7831207413692,all,R,R,301607729935.424,314974231857.4097,0.04431750447791094,3,,
204.91450656554662,all,R,R,301607729935.424,314973857204.1505,0.04431626229071872,3,,
205.3151236413978,all,R,R,301607729935.424,314958019548.8985,0.044263751517021444,3,,
205.45695446850732,all,R,R,301676551965.9731,314925049544.86084,0.0439162324434883,3,,
205.50829457794316,all,R,R,301676551965.9731,314925049560.383,0.043916232494941365,3,,
205.5995228656102,all,R,R,301692891131.8021,314911922445.82806,0.04381618428075873,3,,
205.7362859386485,all,R,R,301692891131.8021,314911929389.3483,0.04381620729595226,3,,
206.02770474134013,all,R,R,301702997916.5127,314914130776.23834,0.04378853690867679,3,,
206.22088116849773,all,R,R,301702997916.5127,314870710218.173,0.04364461868988134,3,,
206.2627372655552,all,R,R,301702997916.5127,314861787954.1476,0.04361504568567853,3,,
206.36026877793483,all,R,R,301702999348.5951,314835424613.11194,0.04352765896550914,3,,
206.48787334142253,all,R,R,301702999348.5951,314829192843.11334,0.043507003652131226,3,,
207.02195674134418,all,R,R,301702999348.5951,314831551281.7107,0.043514820739142035,3,,
207.0431819385849,all,R,R,301721646188.18365,314831091336.1177,0.04344880559135511,3,,
207.20684616849758,all,R,R,301750462359.69867,314781410216.79504,0.0431845166207665,3,,
207.20884677791037,all,R,R,301750462359.69867,314781410999.6829,0.043184519215254236,3,,
207.33148216549307,all,R,R,301754909496.44806,314780609536.78217,0.04316648919505783,3,,
207.65009494149126,all,R,R,301754909943.67303,314780608916.0437,0.04316648559190672,3,,
208.00183906545863,all,R,R,301754909943.67303,314785131364.14703,0.04318147274855044,3,,
208.06920436862856,all,R,R,301754909943.67303,314799547150.9757,0.043229245912643544,3,,
208.08357844152488,all,R,R,301754909943.67303,314799547091.05865,0.04322924571408171,3,,
208.0836756778881,all,R,R,301757637321.9809,314790611993.0767,0.04319020650731509,3,,
208.42893933854066,all,R,R,301757637321.9809,314802781567.4669,0.043230535476278975,3,,
208.7340421655681,all,R,R,301773559272.0489,314786917249.33875,0.04312292305754428,3,,
208.7876379415393,all,R,R,301773578148.7501,314786927972.48785,0.043122893341322355,3,,
208.8601335780695,all,R,R,301773578148.7501,314760691797.2779,0.04303595340651789,3,,
208.98368376865983,all,R,R,301788608737.4255,314726554839.31757,0.04287088951441809,3,,
209.27954584150575,all,R,R,301788608737.4255,314714369410.52594,0.042830512149471645,3,,
209.35752013861202,all,R,R,301788753818.7442,314714425405.6651,0.042830196365382545,3,,
209.35917726554908,all,R,R,301788753818.7442,314705823723.4685,0.04280169403689027,3,,
209.72098597791046,all,R,R,301793654968.3943,314680137759.8135,0.042699647852996625,3,,
209.86698516854085,all,R,R,301793654968.3943,314688766324.16986,0.04272823879324439,3,,
209.92364964145236,all,R,R,301793655162.47485,314688766337.822,0.042728238167912824,3,,
210.25445223855786,all,R,R,301793655162.47485,314650649659.9775,0.04260193770667864,3,,
210.43912396556698,all,R,R,301795937728.21906,314646984310.63684,0.04258190709641263,3,,
210.44287954154424,all,R,R,301795937728.21906,314646983921.6108,0.042581905807375975,3,,
210.5388099779375,all,R,R,301795937728.21906,314632589934.5949,0.042534211371446196,3,,
210.78909396845847,all,R,R,301795978616.2207,314561755925.16565,0.04229936186518435,3,,
211.03894246555865,all,R,R,301795978616.2207,314524821618.62244,0.04217698015979332,3,,
211.10127374134026,all,R,R,301799753790.84937,314531937196.93427,0.04218752085168509,3,,
211.32655697804876,all,R,R,301816003818.40344,314522934411.88446,0.04210157987886731,3,,
211.39895093860105,all,R,R,301825924270.5347,314505620560.1006,0.042009964254100085,3,,
211.58618034143,all,R,R,301825924270.5347,314505680500.2796,0.042010162845984356,3,,
211.79361396864988,all,R,R,301825924270.5347,314505698316.53064,0.042010221874217324,3,,
211.81218696548603,all,R,R,301829049639.501,314505494119.41925,0.04199875557060784,3,,
212.1624456413556,all,R,R,301829452263.72046,314507914271.3278,0.04200538387661945,3,,
212.20758727798238,all,R,R,301829452263.72046,314509921556.97675,0.04201203427350375,3,,
212.50987073872238,all,R,R,301829452263.72046,314505055754.7198,0.041995913241508864,3,,
212.6308843656443,all,R,R,301829452263.72046,314505045082.667,0.04199587788361803,3,,
212.63253264152445,all,R,R,301829452263.72046,314492853940.3108,0.04195548705275387,3,,
212.72920546866953,all,R,R,301829480247.00507,314406855082.17303,0.04167046514102979,3,,
213.147060777992,all,R,R,301832316114.6011,314408441717.69275,0.041665934797772586,3,,
213.21504674153402,all,R,R,301836277945.21173,314414933407.02716,0.04167376946020607,3,,
213.23349296557717,all,R,R,301836277945.21173,314414946434.2828,0.0416738126202123,3,,
213.53601563861594,all,R,R,301836277945.2105,314414946434.28217,0.0416738126202143,3,,
213.584776541451,all,R,R,301836277945.2105,314415009993.9075,0.041674023196708765,3,,
213.88631606847048,all,R,R,301836277945.2105,314415028547.5641,0.04167408466598199,3,,
213.99395086546429,all,R,R,301860441364.8954,314415002197.576,0.04159061311880996,3,,
213.99979237793013,all,R,R,301860441364.8954,314398796584.4146,0.04153692733908976,3,,
214.12510274141096,all,R,R,301870251509.1686,314403681084.4137,0.04151926038616116,3,,
214.55278494139202,all,R,R,301870251509.1686,314403271665.5789,0.041517904111958215,3,,
214.5858932386618,all,R,R,301870251509.1686,314391540797.1268,0.04147904348096354,3,,
214.67197776562534,all,R,R,301870251509.1686,314391868376.4448,0.04148012864691286,3,,
214.95740747801028,all,R,R,301870251534.2017,314391868390.58527,0.04148012860738892,3,,
215.20579526852816,all,R,R,301877136621.52344,314371729960.02704,0.04138966427977153,3,,
215.28853214136325,all,R,R,301877153827.98895,314371583050.761,0.041389118269915315,3,,
215.32397816563025,all,R,R,301877304648.5988,314388391902.8205,0.04144427905497983,3,,
215.69265703856945,all,R,R,301877304648.60004,314388391902.8212,0.04144427905497805,3,,
215.76780567807145,all,R,R,301877304648.60004,314387921901.86816,0.04144272212788924,3,,
215.77124284137972,all,R,R,301877304648.60004,314387617918.59,0.04144171515163286,3,,
216.03208216861822,all,R,R,301877304648.60004,314281736977.6479,0.04109097351153057,3,,
216.36258626542985,all,R,R,301877304648.60004,314270402092.3016,0.041053425523749576,3,,
216.44179314142093,all,R,R,301882104920.13043,314266808672.94055,0.041024968194410816,3,,
216.55187487788498,all,R,R,301884887092.5634,314268365266.62994,0.041020530352914086,3,,
216.62081023864448,all,R,R,301884887092.5634,314258161917.0613,0.04098673154414656,3,,
216.94538404140621,all,R,R,301884887092.5634,314248856508.10425,0.04095590718242814,3,,
217.0216164656449,all,R,R,301892604150.5683,314230110860.044,0.04086720423042367,3,,
217.13301866850816,all,R,R,301966844924.49225,314243947699.4932,0.040657121738219004,3,,
217.3766154779587,all,R,R,301966844924.49225,314226967495.0603,0.04060088972229292,3,,
217.66804556548595,all,R,R,301966844924.49225,314231063853.7484,0.04061445531320795,3,,
217.7369052413851,all,R,R,301967636811.2664,314231523404.2719,0.04061324823583856,3,,
217.93564993864857,all,R,R,301984493901.0622,314218367650.72754,0.040511595783038645,3,,
218.06779966852628,all,R,R,301984493901.0622,314198240212.1621,0.04044494521331754,3,,
218.30096584139392,all,R,R,301984493901.0622,314198584536.189,0.040446085417645605,3,,
218.4032787780743,all,R,R,301990831553.2451,314185676888.01843,0.040381508511536435,3,,
218.91965956846252,all,R,R,301993929602.6498,314188282944.1591,0.04037946510234214,3,,
219.0197672387585,all,R,R,301993929602.6498,314192911078.5656,0.040394790358755595,3,,
219.14170264150016,all,R,R,301993929724.7468,314192911088.9442,0.04039478997248769,3,,
219.23133537801914,all,R,R,301993929724.7468,314196421270.2362,0.040406413322980894,3,,
219.66904684132896,all,R,R,301993929724.7468,314196421002.9675,0.0404064124379675,3,,
219.79383396846242,all,R,R,301993929724.7468,314099889837.67914,0.040086766392842144,3,,
219.94203613861464,all,R,R,301993929724.7457,314099889837.6785,0.04008676639284392,3,,
220.2145676780492,all,R,R,301998264895.0291,314078216314.36487,0.040000068952497525,3,,
220.3577806414105,all,R,R,302001970716.2296,314083575481.6911,0.04000505273792987,3,,
220.8001250415109,all,R,R,302001970716.2296,314083623241.5339,0.04000521088207254,3,,
220.82577456859872,all,R,R,302012275318.3026,314083595040.09375,0.03996963272128151,3,,
220.83162913867272,all,R,R,302012275318.3026,314083595040.09314,0.03996963272127951,3,,
220.92709816549905,all,R,R,302014946348.30835,314080514079.89233,0.0399502338459401,3,,
221.09014427801594,all,R,R,302014946348.30835,314071706925.5772,0.03992107252653665,3,,
221.40015594149008,all,R,R,302023353211.4041,314069175602.55066,0.03988374495900304,3,,
221.6143330654595,all,R,R,302023353211.4041,314066843402.3484,0.0398760230389017,3,,
221.77371466858312,all,R,R,302023353211.4041,314066846614.39215,0.03987603367398562,3,,
221.88305793865584,all,R,R,302033095202.9495,314071887953.6531,0.03985918411561529,3,,
222.0351949778851,all,R,R,302033437035.1827,314063447865.12646,0.039830063015646955,3,,
222.04507914138958,all,R,R,302033437035.1827,314061631481.8485,0.03982404916732696,3,,
222.51266106544062,all,R,R,302036275752.3601,314054419716.942,0.039790399132174414,3,,
222.63911904138513,all,R,R,302044481910.88354,314051732227.9271,0.039753251710078485,3,,
222.67088736849837,all,R,R,302044481910.88354,314051673837.2151,0.03975305839182397,3,,
222.86495593865402,all,R,R,302044481910.88354,314045932290.091,0.03973404944622838,3,,
222.98673317790963,all,R,R,302044481910.88354,314045933543.6017,0.039734053596314656,3,,
223.14219366549514,all,R,R,302044481910.88354,314046085300.9826,0.03973455603019449,3,,
223.19966954155825,all,R,R,302044481910.88354,314041694572.9118,0.03972001933664848,3,,
223.7327635413967,all,R,R,302052628512.63275,314034375498.1529,0.03966774612927759,3,,
223.81772243860178,all,R,R,302052630818.2064,314034376508.52466,0.039667741538492285,3,,
223.93171307793818,all,R,R,302052631329.4427,314012655975.02985,0.039595830014612865,3,,
223.9657545685768,all,R,R,302103942475.28973,313992960824.7748,0.03935406553146015,3,,
224.06478876550682,all,R,R,302104093457.72015,313993044897.5707,0.03935382438475421,3,,
224.24279384152032,all,R,R,302104093457.72015,313993834511.32983,0.03935643809895506,3,,
224.75752377789468,all,R,R,302104093457.72015,313993834793.69745,0.03935643903362496,3,,
224.80160823860206,all,R,R,302104093457.72015,313964923620.4332,0.039260739657514865,3,,
224.8609595685266,all,R,R,302104093457.72015,313939349578.4778,0.03917608657763516,3,,
224.89861134137027,all,R,R,302105841821.4383,313938706405.1355,0.039167943633116264,3,,
224.9420503654983,all,R,R,302105841821.4383,313913664645.0175,0.03908505294829201,3,,
225.43974914145656,all,R,R,302105841821.4383,313903436914.4903,0.039051198155992894,3,,
225.6482716386672,all,R,R,302111105532.64655,313888751818.7681,0.03898448640395613,3,,
225.67483837809414,all,R,R,302111105532.64746,313888751818.7686,0.03898448640395458,3,,
225.68470186553895,all,R,R,302111837886.2243,313888845861.89746,0.038982279072786286,3,,
225.9371785686817,all,R,R,302113004351.45917,313915515121.2099,0.039066543312450186,3,,
226.0169436414726,all,R,R,302116542292.3152,313915597871.7497,0.039054649208907666,3,,
226.41530447802506,all,R,R,302116542292.3152,313897961821.61084,0.0389962742188954,3,,
226.42450316553004,all,R,R,302116542292.3152,313888479050.63416,0.0389648864275991,3,,
226.50556504144333,all,R,R,302116542292.3152,313893589415.37854,0.038981801637556046,3,,
226.82893436867744,all,R,R,302116542292.3152,313819068122.0273,0.03873513757611202,3,,
227.16739353863522,all,R,R,302116542292.3152,313820197661.9894,0.03873887633187012,3,,
227.3827495414298,all,R,R,302117146319.6045,313810270861.6171,0.038703942111391054,3,,
227.44979586545378,all,R,R,302122313835.06287,313813289877.4288,0.038696168760141036,3,,
227.77736187796108,all,R,R,302124592775.2854,313808149129.7837,0.03867131850199401,3,,
227.85046776849777,all,R,R,302124597879.07983,313742464378.3709,0.03845389147672429,3,,
227.89133884152398,all,R,R,302124597879.07983,313736710082.6584,0.038434845375370896,3,,
228.08478753874078,all,R,R,302129553918.92096,313739530483.9196,0.038427146283459335,3,,
228.30387766542844,all,R,R,302129553918.92096,313742475865.5591,0.038436895020718564,3,,
228.64023314137012,all,R,R,302134914484.6541,313742888608.8324,0.038419836859893586,3,,
228.67040177807212,all,R,R,302134914484.6541,313720775369.8948,0.03834664691104117,3,,
228.6970468685031,all,R,R,302134914484.6541,313720778230.9864,0.03834665638062407,3,,
229.043438838562,all,R,R,302134914484.6541,313711353784.6221,0.03831546353957038,3,,
229.16546336561441,all,R,R,302145417834.1971,313714968757.1642,0.03829133337814161,3,,
229.2448600414209,all,R,R,302145417834.1971,313716678941.42426,0.03829699351448346,3,,
229.63023617793806,all,R,R,302149802303.0733,313714057430.478,0.038273250683133364,3,,
229.79378354153596,all,R,R,302149802303.0733,313708231268.03357,0.03825396831921979,3,,
229.81619856855832,all,R,R,302184769790.79065,313708100015.311,0.03813339180693376,3,,
229.88279126561247,all,R,R,302184769790.79065,313695960065.4121,0.03809321787656916,3,,
230.29881663853303,all,R,R,302209101250.6105,313695738963.7077,0.038008907294859284,3,,
230.44254264142364,all,R,R,302215639440.22894,313692058192.94946,0.037974271530015535,3,,
230.50058177788742,all,R,R,302215639440.22894,313678156526.20105,0.037928272366060334,3,,
230.68480116548017,all,R,R,302216895793.2139,313678766171.41473,0.03792597481394089,3,,
230.70348386862315,all,R,R,302216895793.2139,313679175410.97754,0.03792732893930073,3,,
230.97457294142805,all,R,R,302216895793.2139,313678635001.6123,0.037925540788562806,3,,
231.24785343860276,all,R,R,302216895793.2139,313671850999.1788,0.03790309332606823,3,,
231.35909306560643,all,R,R,302216895793.2139,313672555171.2222,0.03790542334815927,3,,
231.4956132778898,all,R,R,302220377185.8758,313669792032.2856,0.037884324521797685,3,,
231.69373226864263,all,R,R,302220437405.55707,313620854157.0619,0.03772218996628052,3,,
231.77246474148706,all,R,R,302226580446.52216,313619045035.60297,0.03769511130440306,3,,
232.0914215655066,all,R,R,302241871116.0578,313615006616.4317,0.037629251891465154,3,,
232.3228704414796,all,R,R,302241871116.0578,313612133364.73474,0.037619745426704654,3,,
232.3463385386858,all,R,R,302256766579.506,313590219175.9581,0.03749610877105369,3,,
232.37622797791846,all,R,R,302256766579.506,313571949699.15845,0.03743566520511998,3,,
232.7215164655354,all,R,R,302256766579.506,313571556527.2287,0.03743436441726922,3,,
232.72168006864376,all,R,R,302256766579.506,313571662028.81866,0.037434713463516234,3,,
232.88483404135332,all,R,R,302263827304.2741,313569443981.0575,0.03740314141328782,3,,
233.28145883860998,all,R,R,302263827304.2741,313562451001.5928,0.037380006063196136,3,,
233.3321459654253,all,R,R,302263827304.2741,313562195199.9059,0.037379159777058746,3,,
233.33926167804748,all,R,R,302274964096.87195,313550060290.4498,0.037300794087480105,3,,
233.4004291414749,all,R,R,302274964096.87195,313541863736.5985,0.037273677869384514,3,,
233.79949306859635,all,R,R,302274964168.6367,313523672753.77716,0.037213497373420834,3,,
234.0562635413371,all,R,R,302281790744.73474,313518841597.21576,0.03717409118424286,3,,
234.12016136548482,all,R,R,302284069450.112,313492221662.7441,0.037078210019538815,3,,
234.1612286779564,all,R,R,302284069450.112,313479724531.8966,0.03703686767930159,3,,
234.59769953857176,all,R,R,302299253442.1934,313460244187.64844,0.03692033843407838,3,,
234.66900294134393,all,R,R,302299253442.1934,313462227969.4234,0.03692690074527283,3,,
234.88761066552252,all,R,R,302299253442.1934,313462833944.4811,0.036928905298875936,3,,
234.97617206862196,all,R,R,302299253442.1934,313462837850.28625,0.036928918219202744,3,,
235.00417337799445,all,R,R,302312284433.10724,313462409086.72925,0.036882803735649006,3,,
235.31637004134245,all,R,R,302312284552.0063,313462408883.916,0.03688280265697097,3,,
235.6632747654803,all,R,R,302325324755.12317,313449593338.43146,0.03679568885709039,3,,
235.71953563857824,all,R,R,302325324755.12317,313451020238.22296,0.036800408606560975,3,,
235.7805234414991,all,R,R,302325324755.12317,313451020243.91595,0.03680040862539169,3,,
235.807172578061,all,R,R,302325324755.12317,313427213070.895,0.03672166175547531,3,,
236.0412079684902,all,R,R,302365458186.65796,313424847196.7773,0.03657623154590661,3,,
236.38845316553488,all,R,R,302365458186.65796,313418653356.11304,0.03655574692871055,3,,
236.45738664153032,all,R,R,302369784603.6993,313412560256.6858,0.036520764359639024,3,,
236.82125667808577,all,R,R,302382828503.24274,313408146025.0836,0.036461453768439345,3,,
236.92149986862205,all,R,R,302382828503.24274,313378789017.02795,0.036364368202433495,3,,
237.04678914137185,all,R,R,302382828503.24274,313380182682.20416,0.036368977145286197,3,,
237.06226023868658,all,R,R,302390280645.2234,313370360615.90436,0.036310955323207716,3,,
237.09725706558675,all,R,R,302392496986.37823,313345309111.60065,0.03622051550345118,3,,
237.6750456779264,all,R,R,302392496986.37823,313323322474.6839,0.03614780656676819,3,,
237.830248268554,all,R,R,302424776089.9261,313314723799.9489,0.03600878159130949,3,,
237.8343304414302,all,R,R,302429969517.2761,313314655718.23816,0.03599076579062466,3,,
237.8781311386265,all,R,R,302429969517.2761,313320682287.714,0.0360106929475974,3,,
238.15997446561232,all,R,R,302429969517.2761,313318621204.0352,0.036003877870103285,3,,
238.30157144134864,all,R,R,302429969517.2761,313318625235.91254,0.03600389120170977,3,,
238.56490107788704,all,R,R,302442780241.4687,313303970442.5182,0.03591155388922829,3,,
238.8088828686159,all,R,R,302442780241.4687,313232869692.4439,0.035676465618919684,3,,
238.89333514147438,all,R,R,302449254363.5803,313231390849.1417,0.03564940673518735,3,,
239.0249578654766,all,R,R,302452863005.0156,313231442875.188,0.03563722215449361,3,,
239.36045227805153,all,R,R,302452863005.0156,313219858432.0709,0.035598920506421994,3,,
239.39069574140012,all,R,R,302452863005.0156,313216426502.1914,0.03558757351553754,3,,
239.466516938759,all,R,R,302456581792.1226,313204306346.4495,0.03553476829845881,3,,
239.79509606864303,all,R,R,302457388640.281,313164287370.9417,0.03539969308997315,3,,
239.9458831655793,all,R,R,302457388640.281,313164283304.31757,0.035399679644693594,3,,
240.12092594150454,all,R,R,302463808456.8559,313162120985.01483,0.03537055419205615,3,,
240.38094357796945,all,R,R,302463832572.2921,313162133586.57306,0.035370513305004625,3,,
240.41296603856608,all,R,R,302463832572.2921,313138913749.7503,0.03529374433522303,3,,
240.65817256551236,all,R,R,302463832572.2921,313138931352.0715,0.03529380253167269,3,,
240.67003056849353,all,R,R,302463832572.2921,313080971743.69684,0.035102177609506846,3,,
240.6852780415211,all,R,R,302463832572.2921,313078168920.42194,0.035092910970083935,3,,
241.34919244144112,all,R,R,302472478511.9372,313077975845.7628,0.03506268532595458,3,,
241.54662846564315,all,R,R,302491908251.60785,313073871485.88104,0.034982632413000925,3,,
241.7118391781114,all,R,R,302491908251.60785,313055059135.6199,0.03492044116177073,3,,
241.7422656386625,all,R,R,302505511614.5215,313048510032.8689,0.034852252317908894,3,,
241.81386424135417,all,R,R,302505511614.5215,313048005882.11176,0.03485058573420119,3,,
241.89256316865794,all,R,R,302540582766.23016,313000959549.70135,0.034575119436303314,3,,
242.3899803655222,all,R,R,302540582766.23016,312997588763.6344,0.0345639778366007,3,,
242.48964824154973,all,R,R,302540584077.1507,312997588668.2177,0.034563973038408635,3,,
242.49696037801914,all,R,R,302546552070.06885,312989156884.58356,0.034515695991459205,3,,
242.86065013869666,all,R,R,302546552070.06885,312981788606.0643,0.03449134179383617,3,,
242.86864734138362,all,R,R,302546552070.06885,312982140904.3641,0.034492506237117526,3,,
242.9024173684884,all,R,R,302546552070.06885,312959541564.4681,0.03441780917069459,3,,
243.29989547794685,all,R,R,302546552070.06885,312945474952.8361,0.034371315130237834,3,,
243.43095674132928,all,R,R,302552492872.8042,312941866158.05286,0.034339076788292955,3,,
243.48330796556547,all,R,R,302564578668.98895,312940620125.91315,0.034293642377337896,3,,
243.81163153867237,all,R,R,302564578668.98895,312944715745.7018,0.03430717872652522,3,,
243.90027886861935,all,R,R,302601860292.7998,312935763624.48596,0.034150164581562725,3,,
244.0159105414059,all,R,R,302601860292.7998,312932984777.6766,0.034140981403353976,3,,
244.24718426563777,all,R,R,302601860292.7998,312910972334.348,0.03406823749058585,3,,
244.5749066413846,all,R,R,302607091632.339,312910647686.81616,0.03404928813431707,3,,
244.6341598778963,all,R,R,302613408279.5014,312901752365.0425,0.033998308746579164,3,,
244.89519356866367,all,R,R,302613408279.5014,312880319970.8138,0.03392748440885218,3,,
245.03576866560616,all,R,R,302615162490.91315,312879506801.84985,0.033918803758701044,3,,
245.15760034136474,all,R,R,302615162490.91315,312881202938.72046,0.033924408688925434,3,,
245.17868173867464,all,R,R,302623111496.97565,312883490990.5611,0.03390481131077783,3,,
245.532727078069,all,R,R,302623111496.97565,312879271886.705,0.033890869534040524,3,,
245.77225564140826,all,R,R,302628306363.81415,312876253124.5489,0.0338631467884396,3,,
245.8335756654851,all,R,R,302628306363.81415,312878655007.135,0.033871083529767754,3,,
245.84128136863,all,R,R,302628360775.3002,312878705754.9282,0.03387106533362516,3,,
246.32484544138424,all,R,R,302628360775.3002,312883139371.10693,0.033885715699398355,3,,
246.56087967799976,all,R,R,302630788034.85376,312882600536.0102,0.033875642883947954,3,,
246.59303963859566,all,R,R,302630788034.85376,312878757215.9832,0.03386294318458183,3,,
246.68485786858946,all,R,R,302630788034.85376,312816902330.41473,0.03365855259375605,3,,
246.75976606551558,all,R,R,302631915772.0454,312815472123.3622,0.033649974839360386,3,,
246.9148065415211,all,R,R,302638082181.7166,312813021947.9463,0.0336208176210957,3,,
247.4489884779323,all,R,R,302638082181.7166,312817865393.1047,0.033636821704664754,3,,
247.4747764414642,all,R,R,302638082181.7166,312815423947.92236,0.03362875449393998,3,,
247.55257506552152,all,R,R,302638082181.7166,312785896445.2005,0.033531187451124156,3,,
247.6857925686054,all,R,R,302638155534.6331,312728099541.68414,0.03333996002330375,3,,
248.01984023861587,all,R,R,302638156169.0861,312722066066.10876,0.033320021588383986,3,,
248.02970494143665,all,R,R,302643805250.6842,312722381297.56757,0.03330177546021518,3,,
248.43007277790457,all,R,R,302648697304.0879,312722381434.6708,0.033285073487236305,3,,
248.50324104144238,all,R,R,302648697304.0879,312716234141.7074,0.03326476184202476,3,,
248.70653766859323,all,R,R,302648697304.0879,312716275797.23553,0.033264899478593124,3,,
249.09781686542556,all,R,R,302657688274.2266,312705010696.39557,0.033196983957220594,3,,
249.39449097798206,all,R,R,302657688274.2266,312712452309.8775,0.033221571515277715,3,,
249.45795223861933,all,R,R,302657688274.2266,312712452639.42194,0.0332215726041134,3,,
249.47264924133196,all,R,R,302663434343.1634,312711934908.13324,0.03320024629594576,3,,
249.72880676854402,all,R,R,302690669904.679,312668031478.25824,0.032962236915730525,3,,
249.7976898655761,all,R,R,302690669904.679,312669737677.2106,0.0329678736899095,3,,
249.92785754147917,all,R,R,302690669904.679,312660493598.4732,0.03293733400151977,3,,
250.24392477795482,all,R,R,302697365566.6856,312660577782.4519,0.03291476355307554,3,,
250.353515638737,all,R,R,302703024085.7164,312650801368.20483,0.032863157917020214,3,,
250.38559206551872,all,R,R,302703096375.55804,312650908146.5846,0.032863264004027615,3,,
250.58579616853967,all,R,R,302703096375.55804,312630157167.7305,0.0327947117523244,3,,
250.6652287414763,all,R,R,302703096648.74475,312630157330.2126,0.03279471135700729,3,,
251.06875536544248,all,R,R,302703096648.74475,312630200150.163,0.032794852815587916,3,,
251.09776627807878,all,R,R,302703096648.74475,312627387863.17523,0.03278556223673723,3,,
251.2903407413978,all,R,R,302703096648.74475,312627388024.7764,0.03278556277059752,3,,
251.3836350387428,all,R,R,302703096648.74475,312627645694.8753,0.0327864140010663,3,,
251.74511366849765,all,R,R,302730441514.8283,312627320338.1477,0.03269205030652533,3,,
251.8539636414498,all,R,R,302735190746.4056,312625664619.071,0.03267038050079352,3,,
251.97174227796495,all,R,R,302740396338.7517,312627766199.9217,0.032659565689761694,3,,
252.168933365494,all,R,R,302744147298.8635,312623390461.3145,0.03263231758762419,3,,
252.34216174134053,all,R,R,302744147298.8635,312626844442.8653,0.032643726500336756,3,,
252.58717663865536,all,R,R,302744147719.1501,312606813453.5235,0.032577560321736865,3,,
252.62279186863452,all,R,R,302744147719.1501,312606801864.9798,0.03257752204339592,3,,
252.8121012779884,all,R,R,302744147719.1501,312594049606.0826,0.032535399812484656,3,,
252.87886896543205,all,R,R,302744147719.1501,312577698286.4995,0.032481389455203624,3,,
253.1029486414045,all,R,R,302746550926.31287,312581246382.39624,0.03248491329130654,3,,
253.4706514684949,all,R,R,302746598269.7669,312527480325.84125,0.032307157576578094,3,,
253.63103824155405,all,R,R,302746598269.7669,312527514340.9904,0.03230726993176014,3,,
253.80978176556528,all,R,R,302749689246.70026,312523915946.0079,0.032284844696712334,3,,
253.85117947799154,all,R,R,302749736543.2224,312523942180.21497,0.03228477008301911,3,,
254.05808673868887,all,R,R,302749736543.2224,312523942399.9051,0.03228477080866843,3,,
254.2627341414336,all,R,R,302757393358.51807,312523771424.2105,0.03225809932287049,3,,
254.3334649684839,all,R,R,302757393358.51807,312523811928.0733,0.03225823310610321,3,,
254.55912566557527,all,R,R,302757393358.51807,312524640689.28326,0.03226097048338317,3,,
254.6289305780083,all,R,R,302757393358.51807,312524664328.227,0.032261048562215455,3,,
254.66843804134987,all,R,R,302757393358.51807,312524228692.2154,0.03225960966750585,3,,
255.21251186868176,all,R,R,302758047139.73047,312495864231.5615,0.032163693694776674,3,,
255.3066997656133,all,R,R,302759435726.82477,312472763763.5286,0.03208265999500681,3,,
255.36314204148948,all,R,R,302764833500.4297,312474710858.87213,0.032070690793845724,3,,
255.52801523869857,all,R,R,302765800008.4793,312475231537.55804,0.03206911589356132,3,,
255.60298307798803,all,R,R,302770822806.4413,312474773595.8999,0.03205048194377125,3,,
255.92079944140278,all,R,R,302770822806.4413,312471948183.895,0.03204115009343411,3,,
256.0396395686548,all,R,R,302770822806.4413,312472309888.9787,0.03204234474317058,3,,
256.07227616547607,all,R,R,302770822806.4413,312472682212.48456,0.03204357446373085,3,,
256.4664645779412,all,R,R,302770822806.4413,312477008269.7118,0.032057862687368655,3,,
256.47256264137104,all,R,R,302770822806.4413,312478023496.60223,0.032061215807332566,3,,
256.95913136564195,all,R,R,302781008420.00543,312470804456.24835,0.03200265461432661,3,,
257.0438470686786,all,R,R,302812006006.6547,312453339093.8711,0.03183933561407226,3,,
257.24006544146687,all,R,R,302812006042.72144,312453339022.3826,0.03183933525509208,3,,
257.4614099781029,all,R,R,302812006433.96234,312436938670.2262,0.03178517374397072,3,,
257.7658345387317,all,R,R,302812006433.96234,312418853899.27026,0.03172545097680257,3,,
257.82557144155726,all,R,R,302812006433.96234,312418853914.90045,0.031725451028419505,3,,
257.9007596655283,all,R,R,302812006433.96234,312416476045.0169,0.031717598400937685,3,,
258.2296658686828,all,R,R,302812006433.96234,312432647864.0479,0.03177100387591025,3,,
258.45112767792307,all,R,R,302812006433.96234,312432648072.7381,0.031771004565084304,3,,
258.5318972414825,all,R,R,302817513522.13354,312429650273.52045,0.03174234092204942,3,,
258.8806176655926,all,R,R,302828882206.817,312426733017.9234,0.03169397430378362,3,,
259.14633953874,all,R,R,302832419272.77563,312428722092.2687,0.03168849240955662,3,,
259.1482772415038,all,R,R,302832419272.77563,312429335530.5549,0.031690518078696384,3,,
259.51414686860517,all,R,R,302833663898.98413,312390482256.43054,0.03155797884027267,3,,
259.5689437780529,all,R,R,302833814095.3791,312383307610.22375,0.03153377552427816,3,,
259.71366316545755,all,R,R,302833814095.3791,312377165400.8614,0.031513493081973154,3,,
259.8322516414337,all,R,R,302833814372.93304,312377165564.9039,0.031513492678259425,3,,
260.2459953385405,all,R,R,302833814372.93304,312379172589.6361,0.03152012015721661,3,,
260.43876524153166,all,R,R,302833814372.93304,312379172752.5728,0.03152012069525667,3,,
260.46761087793857,all,R,R,302833814372.93304,312379191176.176,0.03152018153259495,3,,
260.59144836850464,all,R,R,302833814372.93304,312379839200.6525,0.031522321400884845,3,,
260.7640091655776,all,R,R,302843726351.3001,312370677117.55347,0.031458306503605815,3,,
261.26978174154647,all,R,R,302843782277.2245,312370591287.24713,0.03145783261054946,3,,
261.4989350386895,all,R,R,302854497606.00586,312364960425.715,0.031402745856136116,3,,
261.7065803655423,all,R,R,302854497606.00586,312360367069.0316,0.031387578979897635,3,,
261.7494162779767,all,R,R,302854499732.2589,312360368590.2026,0.03138757676160475,3,,
261.8957306414377,all,R,R,302854499732.2589,312351854024.67566,0.031359462384785264,3,,
262.0192045685835,all,R,R,302863605630.8806,312351646441.8032,0.03132776812571625,3,,
262.6731667413842,all,R,R,302865252992.1723,312352359041.2138,0.031324511330742544,3,,
262.79833303857595,all,R,R,302865252992.1723,312345108167.4394,0.031300570407500894,3,,
262.88815347803757,all,R,R,302865252992.1723,312345109364.7248,0.031300574360696,3,,
263.04492466547526,all,R,R,302877833955.0088,312344282637.5617,0.03125500654484714,3,,
263.3321341413539,all,R,R,302877833955.0088,312345280018.11566,0.031258299557547664,3,,
263.5705878685694,all,R,R,302877833955.0088,312345267997.3047,0.03125825986890218,3,,
264.0742504654918,all,R,R,302877833955.0088,312345326936.7652,0.03125845446703357,3,,
264.13549914141186,all,R,R,302883052804.2431,312341741260.30383,0.031228846805681165,3,,
264.2606460780371,all,R,R,302883052804.24585,312326423931.51385,0.031178275046545023,3,,
264.4588444386609,all,R,R,302887071863.15405,312334748245.0986,0.031192075395720442,3,,
264.8958384413272,all,R,R,302887071863.15405,312332103069.27313,0.031183342187633523,3,,
265.01760916551575,all,R,R,302897221085.27,312327987955.7409,0.031135204333274435,3,,
265.2705051684752,all,R,R,302901396989.0292,312323064756.89636,0.03110473527531621,3,,
265.4319685779046,all,R,R,302901396989.0292,312323064756.8979,0.031104735275321094,3,,
265.69232524139807,all,R,R,302902744526.9962,312322038959.3354,0.031096761592728672,3,,
265.8567868655082,all,R,R,302902744526.9962,312322763883.7315,0.03109915485066117,3,,
266.394256741507,all,R,R,302902744526.9962,312323517935.43475,0.031101644269185158,3,,
266.4907319685444,all,R,R,302902744526.9962,312326837273.6166,0.031112602698059932,3,,
266.5744347779546,all,R,R,302902744904.8859,312326837481.9733,0.03111260209955069,3,,
266.7989337386098,all,R,R,302902744904.8859,312326841419.1163,0.031112615097593777,3,,
266.89433176559396,all,R,R,302905853357.4556,312326703763.1824,0.031101579257398315,3,,
267.2482483414933,all,R,R,302905911687.0979,312318631388.2223,0.03107473092452473,3,,
267.50785857788287,all,R,R,302905911687.0979,312303773735.72406,0.03102568053651633,3,,
267.73740486544557,all,R,R,302905911687.0979,312303764604.3661,0.03102565039066052,3,,
267.7578557685483,all,R,R,302930309608.8052,312303604739.86426,0.030942084148540605,3,,
267.877007341478,all,R,R,302930309608.8052,312303637178.0278,0.030942191229814675,3,,
268.24882193864323,all,R,R,302942842040.64484,312284383227.11017,0.030835985836602076,3,,
268.6669710779097,all,R,R,302942842223.69635,312270437358.69763,0.030789950561412205,3,,
268.79462406854145,all,R,R,302942842223.69635,312269744878.9746,0.03078766471858474,3,,
268.82165484153666,all,R,R,302942984719.6186,312269831995.7357,0.030787467433019966,3,,
268.8620480655227,all,R,R,302946016774.2986,312270806830.0485,0.03078036857866029,3,,
269.3748618387617,all,R,R,302946016774.2986,312271532793.7634,0.030782764925450623,3,,
269.39439314138144,all,R,R,302946016774.2986,312265431888.86566,0.030762626337847765,3,,
269.6047836779617,all,R,R,302946016774.2986,312265431992.52435,0.030762626680016503,3,,
269.6724686655216,all,R,R,302946016774.2986,312265176243.4176,0.030761782473152532,3,,
269.9798490686808,all,R,R,302946044439.5683,312228373657.24664,0.030640206030252415,3,,
270.0124832415022,all,R,R,302950897826.14355,312227587031.8832,0.03062109824498127,3,,
270.5394753385335,all,R,R,302950901768.40063,312211017736.0835,0.030566391826626793,3,,
270.56356696551666,all,R,R,302954046055.02856,312212778442.9459,0.03056150762296017,3,,
270.71030374150723,all,R,R,302954046055.02856,312212895292.26514,0.030561893322774036,3,,
271.1085624685511,all,R,R,302954046055.02856,312212969646.255,0.03056213875270264,3,,
271.2945846654475,all,R,R,302954046055.02856,312214432945.7984,0.030566968856681864,3,,
271.4169647414237,all,R,R,302954046055.02856,312211645447.5658,0.030557767797085855,3,,
271.44403107790276,all,R,R,302956327433.16583,312203996062.2038,0.030524758163626986,3,,
272.1285819413606,all,R,R,302956385333.20605,312195983409.1639,0.03049811300658245,3,,
272.26418973854743,all,R,R,302956385333.20605,312195985548.58734,0.030498120068402246,3,,
272.36389836552553,all,R,R,302966538015.8424,312177232222.3811,0.030401688143055106,3,,
272.4097530685831,all,R,R,302970670807.95447,312177222476.33954,0.0303876003701391,3,,
272.63608934148215,all,R,R,302970670807.95447,312177254619.49023,0.030387706463414155,3,,
272.7568761780858,all,R,R,302970670807.95447,312162112588.81177,0.030337727927082225,3,,
273.1899789655581,all,R,R,302970670807.95447,312162350323.32074,0.030338512605375678,3,,
273.34386826865375,all,R,R,302970670807.95447,312162349794.22906,0.0303385108590295,3,,
273.34596224152483,all,R,R,302970671048.4933,312162349933.25195,0.03033851049987435,3,,
273.5853211386129,all,R,R,302973863855.4754,312164167122.19434,0.03033365040062619,3,,
273.74146467796527,all,R,R,302978859458.0845,312164167216.80304,0.03031666227520846,3,,
273.8399355413858,all,R,R,302978859458.0845,312164167355.822,0.030316662734048982,3,,
274.4298754686024,all,R,R,302980795199.581,312163707007.6132,0.030308560653104166,3,,
274.4698142413981,all,R,R,302985774137.4192,312160926054.206,0.03028245119068007,3,,
274.5085308656562,all,R,R,302996167807.93463,312154971724.6897,0.03022745793458581,3,,
274.6614793385379,all,R,R,302996167807.93463,312156761251.18884,0.030233364037333343,3,,
274.7328849779442,all,R,R,302996167807.93463,312159425040.1144,0.03024215553111631,3,,
275.09657794144005,all,R,R,302996167807.93463,312161883326.44006,0.0302502687899191,3,,
275.26397586544044,all,R,R,302996167807.93463,312156745145.4276,0.03023331088233361,3,,
275.454051368637,all,R,R,302996167807.93463,312161294640.9279,0.03024832590887061,3,,
275.791069441475,all,R,R,302996222551.2271,312161325091.4726,0.030248240268724746,3,,
275.88151767803356,all,R,R,302996698066.18396,312161591779.05255,0.030247503591166902,3,,
276.16437216545455,all,R,R,302997508851.175,312162034084.64966,0.03024620653886645,3,,
276.3228266413789,all,R,R,302997508851.175,312154170266.8134,0.030220253131308494,3,,
276.5007119686343,all,R,R,303025335029.2204,312138443303.41394,0.030073750346038874,3,,
276.8734729778953,all,R,R,303025335029.2204,312138720514.0832,0.03007466515624513,3,,
276.88412853865884,all,R,R,303025342917.2527,312138724762.61536,0.03007465236282658,3,,
276.9903767656069,all,R,R,303025342917.2527,312138964234.8813,0.030075442634239558,3,,
277.2225524415262,all,R,R,303028741783.96515,312138913461.3415,0.0300637214270294,3,,
277.4832095685415,all,R,R,303028741783.96515,312139625679.2763,0.03006607175832343,3,,
277.8149960413575,all,R,R,303028741783.96515,312139369435.0401,0.030065226147987234,3,,
277.85938866552897,all,R,R,303036537790.94025,312138915361.0724,0.030037227974178293,3,,
278.0512179778889,all,R,R,303036538030.0404,312125927327.7917,0.029994367533495936,3,,
278.39354624133557,all,R,R,303036598120.7828,312125960562.1385,0.0299942729614886,3,,
278.47266523865983,all,R,R,303036598120.7828,312114347552.3949,0.029955950825431232,3,,
278.7383053654339,all,R,R,303036598120.7828,312120323214.2762,0.029975670099995133,3,,
278.92952614137903,all,R,R,303036598120.7828,312112496293.2287,0.029949841797090482,3,,
279.0131206684746,all,R,R,303050299598.55566,312112142395.1931,0.029902108028408092,3,,
279.02197637804784,all,R,R,303050299598.55566,312112142526.4786,0.029902108461621557,3,,
279.54883153853007,all,R,R,303054026691.95795,312106280044.3254,0.029870097590119382,3,,
279.58878766559064,all,R,R,303063448810.45874,312104112631.89026,0.02983092767180162,3,,
279.74709814134985,all,R,R,303065008018.00684,312104563338.02856,0.029827116562016975,3,,
279.90199637808837,all,R,R,303069986315.783,312104275015.1234,0.029809249042322294,3,,
280.04809946846217,all,R,R,303069986315.783,312104235627.726,0.02980911908092998,3,,
280.35414644144475,all,R,R,303069986315.783,312106185535.65265,0.029815552934543632,3,,
280.45407136552967,all,R,R,303069986315.783,312104489660.0108,0.029809957277703747,3,,
280.54992163856514,all,R,R,303069986315.783,312105831435.3226,0.029814384556459128,3,,
281.034455277957,all,R,R,303069986315.783,312107437003.79675,0.02981968223866671,3,,
281.23857466853224,all,R,R,303070001023.49915,312107403163.2475,0.029819520603253657,3,,
281.3259397414513,all,R,R,303070053511.37854,312099623143.6482,0.029793671554324774,3,,
281.3766554654576,all,R,R,303070675927.31573,312092534591.8058,0.02976816756317824,3,,
281.79548804135993,all,R,R,303070675927.31573,312092563792.1412,0.02976826391144849,3,,
281.9180453387089,all,R,R,303081126435.08704,312087134833.0414,0.029714844021748066,3,,
282.0435352779459,all,R,R,303090537561.39874,312087549799.70886,0.029684239932721512,3,,
282.1939697654452,all,R,R,303090537561.39874,312089872151.0073,0.029691902168953455,3,,
282.49467554152943,all,R,R,303090537575.15424,312089872121.5776,0.02969190202512295,3,,
282.6880773685407,all,R,R,303090537575.15424,312089837743.53876,0.029691788600140878,3,,
282.8938217780087,all,R,R,303090537575.15424,312089095938.6893,0.02968934113063093,3,,
282.99674364132807,all,R,R,303090537575.15424,312089095939.3848,0.02968934113292576,3,,
283.0264537385665,all,R,R,303090537575.15424,312088700530.174,0.029688036541848817,3,,
283.0628662656527,all,R,R,303099136628.0802,312079619825.73505,0.02962886432987233,3,,
283.6246884413995,all,R,R,303099188862.8366,312071877646.12146,0.029603143502127116,3,,
283.88739556865767,all,R,R,303104426085.7268,312071876587.3811,0.029585349898909152,3,,
283.96125986543484,all,R,R,303104426085.7268,312066973945.5267,0.02956917513723467,3,,
283.9831565779168,all,R,R,303104426190.11847,312054689244.7138,0.029528645183760416,3,,
284.2076472414192,all,R,R,303104426190.11847,312054718304.16437,0.029528741056496388,3,,
284.68619433860295,all,R,R,303105195398.1009,312053883643.91724,0.02952337466226229,3,,
284.74990406865254,all,R,R,303105195398.1009,312053866374.9184,0.02952331768864691,3,,
284.95589447789825,all,R,R,303105195398.1009,312053866433.955,0.029523317883419553,3,,
284.9615717655979,all,R,R,303107805450.9802,312054501121.3475,0.02951654661962877,3,,
285.0730903414078,all,R,R,303109670770.75995,312054359593.06976,0.029509744111974046,3,,
285.67490303865634,all,R,R,303109670770.75995,312053635859.3891,0.029507356416197617,3,,
285.6762985654641,all,R,R,303109670770.75995,312041575669.0521,0.02946756820915586,3,,
285.73489824146964,all,R,R,303109670770.75995,312038185161.59814,0.02945638246425597,3,,
285.89588846848346,all,R,R,303120753395.5834,312019682226.47455,0.029357702272789554,3,,
286.02708337805234,all,R,R,303126161743.93304,312014728946.7632,0.029322995915934236,3,,
286.45168264140375,all,R,R,303126211142.21497,312007075232.8647,0.029297578910070454,3,,
286.57098286552355,all,R,R,303130947747.3534,311995939008.603,0.029244758171766083,3,,
286.7265513385646,all,R,R,303134131446.48395,311992231312.36646,0.02922171721017941,3,,
286.88619816862047,all,R,R,303134131446.48395,311988322749.8768,0.029208823371827952,3,,
286.9531914414838,all,R,R,303134131446.48395,311988350178.94806,0.029208913856759944,3,,
287.0037687779404,all,R,R,303134131446.48395,311988582802.9161,0.029209681252918562,3,,
287.3686825656332,all,R,R,303134131446.48395,311991417699.2068,0.02921903320638286,3,,
287.6396158414427,all,R,R,303134180730.4089,311983774646.7182,0.02919365244455774,3,,
287.83443213859573,all,R,R,303134180730.4089,311985525918.4342,0.02919942966081157,3,,
288.04179554153234,all,R,R,303134180730.4089,311985657452.99786,0.029199863576127028,3,,
288.0707733684685,all,R,R,303134204899.7446,311953501534.98376,0.029093703358734846,3,,
288.1197503779549,all,R,R,303134205076.35156,311941265120.5259,0.029053336432145693,3,,
288.31965226563625,all,R,R,303134205147.3835,311941265108.81775,0.029053336152389253,3,,
288.76287254155613,all,R,R,303134392195.0421,311942527800.5913,0.029056866631886002,3,,
289.0242301779799,all,R,R,303134392195.0421,311942527899.94037,0.029056866959625394,3,,
289.0986141655594,all,R,R,303134392195.0421,311942527788.18585,0.02905686659096207,3,,
289.1941801686771,all,R,R,303134392195.0421,311942559167.32263,0.029056970106556612,3,,
289.3161564413458,all,R,R,303134392195.0421,311936436149.1662,0.029036771084888002,3,,
289.3847167387139,all,R,R,303134459736.041,311936470107.35126,0.029036653830035508,3,,
289.92194724152796,all,R,R,303135462115.5741,311936717272.62366,0.029034066471886444,3,,
289.9702248654794,all,R,R,303135462746.07996,311936718993.191,0.02903407000745184,3,,
290.00078797806054,all,R,R,303137057285.19324,311931688398.98175,0.0290120620439831,3,,
290.15098936855793,all,R,R,303137467748.07404,311914197411.4502,0.028952968857911543,3,,
290.5954663413577,all,R,R,303137467748.07404,311907430666.5124,0.0289306464937773,3,,
290.8450755656231,all,R,R,303137467748.07404,311895699862.15216,0.02889194852467636,3,,
290.8525632387027,all,R,R,303137467748.07404,311894291728.50354,0.028887303326380565,3,,
290.8763106779661,all,R,R,303137467748.07404,311881723701.92847,0.028845843500683532,3,,
291.1139201684855,all,R,R,303137467748.07404,311881966456.2763,0.02884664430683137,3,,
291.34972644154914,all,R,R,303138533409.51953,311882218422.0574,0.02884385866156358,3,,
291.8312094779685,all,R,R,303143520970.3952,311882218478.7115,0.028826931482298424,3,,
291.8588083386421,all,R,R,303146634894.87335,311883931369.1703,0.02882201373380533,3,,
291.9980315414723,all,R,R,303146634894.87335,311877123374.1988,0.028799555971825486,3,,
292.2099924655631,all,R,R,303153857383.9316,311867619754.43854,0.028743696173627598,3,,
292.2977374684997,all,R,R,303166119610.0084,311867425962.459,0.028701447126228574,3,,
292.79778014146723,all,R,R,303166293260.9256,311861346301.43274,0.028680804013471173,3,,
292.8648713387083,all,R,R,303166293260.9256,311856773786.95605,0.02866572148425095,3,,
292.9476141780615,all,R,R,303166293260.9256,311858099399.97723,0.028670094044956684,3,,
293.3637208654545,all,R,R,303166293260.9256,311854852946.3669,0.028659385553668093,3,,
293.3663347414695,all,R,R,303166293260.9256,311856064523.2805,0.02866338196402296,3,,
293.4079080685042,all,R,R,303166293260.9256,311856095941.2459,0.028663485596801763,3,,
293.86150827794336,all,R,R,303171407019.7959,311855862480.6191,0.028645364502517534,3,,
294.0981651414186,all,R,R,303176121008.2281,311856703840.6706,0.028632145577873302,3,,
294.32753386558034,all,R,R,303177693738.54565,311852861351.76324,0.028614135513211236,3,,
294.5365637685172,all,R,R,303177693738.54565,311852799457.10754,0.02861393136014523,3,,
294.70171114150435,all,R,R,303177693738.54565,311853668136.7357,0.028616796609291617,3,,
294.831556977937,all,R,R,303177693738.54565,311854598019.36487,0.028619863730152906,3,,
294.87359133875,all,R,R,303177759014.99744,311854630897.03925,0.028619750704116154,3,,
295.1168820655439,all,R,R,303177759014.99744,311834250748.62256,0.02855252892477811,3,,
295.2820454414468,all,R,R,303177759014.99744,311832507151.7642,0.028546777853644123,3,,
295.72242216859013,all,R,R,303205818399.98535,311845409557.38043,0.02849414698895325,3,,
295.8730781779159,all,R,R,303207786578.9952,311837482349.97076,0.028461326367445583,3,,
295.95754146552645,all,R,R,303220541134.6292,311837199817.78186,0.028417133782921544,3,,
296.06030164146796,all,R,R,303221391724.7475,311838572431.997,0.028418775661684936,3,,
296.20054253865965,all,R,R,303221391724.7475,311826233526.20917,0.028378082933122384,3,,
296.68202894134447,all,R,R,303221391724.7475,311825854879.90533,0.028376834187769484,3,,
296.70243886555545,all,R,R,303221391724.7475,311825088991.9545,0.0283743083503063,3,,
296.8095427779481,all,R,R,303221391724.7475,311826211714.62366,0.028378011000250503,3,,
296.9065926684998,all,R,R,303221391724.7475,311826332592.98254,0.028378409647450864,3,,
297.35498574143276,all,R,R,303221911540.7383,311825506853.0353,0.028373923469383167,3,,
297.57994113862514,all,R,R,303230508529.57684,311823147558.134,0.028336987166049044,3,,
297.8478853655979,all,R,R,303241990260.61,311823297594.77185,0.028298545748189463,3,,
297.90759467799217,all,R,R,303242949564.5283,311817686897.9378,0.028276790427356202,3,,
297.99147634138353,all,R,R,303242949564.5283,311806624464.69147,0.02824030999718552,3,,
298.27535236859694,all,R,R,303293421791.51483,311791968880.76086,0.02802087509529949,3,,
298.4875412413385,all,R,R,303295293962.9634,311791999502.3972,0.028014630324173062,3,,
298.6396965654567,all,R,R,303295293962.9634,311792740449.099,0.028017073311969343,3,,
298.73358653858304,all,R,R,303295293962.9634,311794193963.2023,0.028021865717694716,3,,
299.0432902413886,all,R,R,303295293962.9634,311797595242.4771,0.028033080132631394,3,,
299.19780717790127,all,R,R,303295293962.9634,311797596997.2315,0.02803308591826159,3,,
299.4154450686183,all,R,R,303295293962.9634,311787690086.6367,0.02800042167720007,3,,
299.5405231656041,all,R,R,303297192905.483,311788139730.1148,0.027995467888414893,3,,
299.6006740415469,all,R,R,303298617944.05707,311784040778.2035,0.02797712331057034,3,,
299.8178367386572,all,R,R,303301415471.2574,311785613076.4252,0.027972825619640984,3,,
300.05425854143687,all,R,R,303301415471.2574,311795071534.3727,0.028004010630541254,3,,
300.0883860778995,all,R,R,303301415724.28687,311861296579.44214,0.02822235707246601,3,,
300.0884951655753,all,R,R,303301415724.28687,314255883932.6205,0.03611743183649252,3,,
300.0933417684864,all,R,R,303301419658.11444,314434684430.1622,0.03670693261046165,3,,
300.11523733870126,all,R,R,303301419658.11444,314491294994.3718,0.03689358048132707,3,,
