iteration,phase,status,cost_cny,p1,p2,p3,total_kw,eta,cut_id,cuts,design
1,MP1 固定节点功率,cut,0.0,40.0,35.0,25.0,100.0,0.09639304158389612,1.0,1,01:L; 12:L; 13:L
2,MP1 固定节点功率,cut,9460.0,40.0,35.0,25.0,100.0,0.06459063700065086,2.0,2,01:M; 12:L; 13:L
3,MP1 固定节点功率,cut,14300.0,40.0,35.0,25.0,100.0,0.03190261182806448,3.0,3,01:H; 12:L; 13:L
4,MP1 固定节点功率,cut,17200.0,40.0,35.0,25.0,100.0,0.05618148657535344,4.0,4,01:M; 12:M; 13:L
5,MP1 固定节点功率,cut,18060.0,40.0,35.0,25.0,100.0,0.0914761624837651,5.0,5,01:L; 12:M; 13:M
6,MP1 固定节点功率,cut,19780.0,40.0,35.0,25.0,100.0,0.05787495347545762,6.0,6,01:M; 12:L; 13:M
7,MP1 固定节点功率,cut,21140.0,40.0,35.0,25.0,100.0,0.07416228481141751,7.0,7,01:M; 13:L; 23:L
8,MP1 固定节点功率,cut,21140.0,40.0,35.0,25.0,100.0,0.06972321011388687,8.0,8,01:M; 12:L; 23:L
9,MP1 固定节点功率,cut,21160.0,40.0,35.0,25.0,100.0,0.05398012046829959,9.0,9,01:M; 12:H; 13:L
10,MP1 固定节点功率,cut,21900.0,40.0,35.0,25.0,100.0,0.10989665226630341,10.0,10,12:L; 13:L; 02:L
11,MP1 固定节点功率,cut,22040.0,40.0,35.0,25.0,100.0,0.024747641936641182,11.0,11,01:H; 12:M; 13:L
12,MP1 固定节点功率,cut,23380.0,40.0,35.0,25.0,100.0,0.0912280701754386,12.0,12,01:L; 12:H; 23:L
13,MP1 固定节点功率,cut,24620.0,40.0,35.0,25.0,100.0,0.02537273325482362,13.0,13,01:H; 12:L; 13:M
14,MP1 固定节点功率,cut,25980.0,40.0,35.0,25.0,100.0,0.06199490992167443,14.0,14,01:H; 13:L; 23:L
15,MP1 固定节点功率,cut,25980.0,40.0,35.0,25.0,100.0,0.05448469275876519,15.0,15,01:H; 12:L; 23:L
16,MP1 固定节点功率,cut,26400.0,40.0,35.0,25.0,100.0,0.05019696257365694,16.0,16,01:L; 13:L; 02:M
17,MP1 固定节点功率,cut,28380.0,40.0,35.0,25.0,100.0,0.05952538506015459,17.0,17,01:H; 13:L; 23:M
18,MP1 固定节点功率,cut,28380.0,40.0,35.0,25.0,100.0,0.051092974550474506,18.0,18,01:H; 12:L; 23:M
19,MP1 固定节点功率,cut,31900.0,40.0,35.0,25.0,100.0,0.058070417073409306,19.0,19,01:H; 13:L; 23:H
20,MP1 固定节点功率,cut,31900.0,40.0,35.0,25.0,100.0,0.048847493882129285,20.0,20,01:H; 12:L; 23:H
21,MP1 固定节点功率,cut,32360.0,40.0,35.0,25.0,100.0,0.007663394709146898,21.0,21,01:H; 12:M; 13:M
22,MP1 固定节点功率,cut,33000.0,40.0,35.0,25.0,100.0,0.06719897290418209,22.0,22,12:L; 13:L; 02:H
23,MP1 固定节点功率,cut,33720.0,40.0,35.0,25.0,100.0,0.041119987956137735,23.0,23,01:H; 12:M; 23:L
24,MP1 固定节点功率,cut,36120.0,40.0,35.0,25.0,100.0,0.03494687345278411,24.0,24,01:H; 12:M; 23:M
25,MP1 固定节点功率,cut,36300.0,40.0,35.0,25.0,100.0,0.049717944903352615,25.0,25,01:H; 13:M; 23:L
26,MP1 固定节点功率,cut,36320.0,40.0,35.0,25.0,100.0,0.005732765239431972,26.0,26,01:H; 12:H; 13:M
27,MP1 固定节点功率,cut,36720.0,40.0,35.0,25.0,100.0,0.04412811120441034,27.0,27,01:L; 13:M; 02:M
28,MP1 固定节点功率,cut,37640.0,40.0,35.0,25.0,100.0,0.00702443544821227,28.0,28,01:H; 12:M; 13:H
29,MP1 固定节点功率,cut,37680.0,40.0,35.0,25.0,100.0,0.029891136127183915,29.0,29,01:H; 12:H; 23:L
30,MP1 固定节点功率,cut,38080.0,40.0,35.0,25.0,100.0,0.03306513732105137,30.0,30,01:L; 02:M; 23:L
31,MP1 固定节点功率,cut,38700.0,40.0,35.0,25.0,100.0,0.0444021805343398,31.0,31,01:H; 13:M; 23:M
32,MP1 固定节点功率,cut,39640.0,40.0,35.0,25.0,100.0,0.030668997711546044,32.0,32,01:H; 12:M; 23:H
33,MP1 固定节点功率,cut,40080.0,40.0,35.0,25.0,100.0,0.020675738115658135,33.0,33,01:H; 12:H; 23:M
34,MP1 固定节点功率,cut,40480.0,40.0,35.0,25.0,100.0,0.025403918464517925,34.0,34,01:L; 02:M; 23:M
35,MP1 固定节点功率,cut,40700.0,40.0,35.0,25.0,100.0,0.007688561138605513,35.0,35,01:H; 13:L; 02:M
36,MP1 固定节点功率,cut,40740.0,40.0,35.0,25.0,100.0,0.056979540342364715,36.0,36,12:M; 13:L; 02:H
37,MP1 固定节点功率,cut,41580.0,40.0,35.0,25.0,100.0,0.03909000992458508,37.0,37,01:H; 13:H; 23:L
38,MP1 固定节点功率,optimal,41600.0,40.0,35.0,25.0,100.0,0.0,,37,01:H; 12:H; 13:H
39,二维前沿 MP2,cut,58060.0,140.0,0.0,0.0,140.0,0.10526315789473684,38.0,38,01:M; 13:H; 02:H
40,二维前沿 MP2,cut,58060.0,0.0,140.0,0.0,140.0,0.07017543859649122,39.0,39,01:M; 13:H; 02:H
41,二维前沿 MP2,optimal,58060.0,40.0,100.0,0.0,140.0,0.0,,39,01:M; 13:H; 02:H
42,二维前沿 MP1 总量,cut,40700.0,75.0,65.0,0.0,140.0,0.017174072231612634,40.0,40,01:H; 13:L; 02:M
43,二维前沿 MP1 总量,optimal,40700.0,84.2565982936941,55.7434017063059,0.0,140.0,0.0,,40,01:H; 13:L; 02:M
44,二维前沿 MP2,optimal,33000.0,35.0,100.0,0.0,135.0,0.0,,40,01:L; 13:L; 02:H
45,二维前沿 MP1 总量,optimal,33000.0,35.0,100.0,0.0,135.0,0.0,,40,01:L; 13:L; 02:H
46,二维前沿 MP2,optimal,14300.0,100.0,0.0,0.0,100.0,0.0,,40,01:H; 12:L; 13:L
47,二维前沿 MP1 总量,optimal,14300.0,84.93614502745143,15.063854972548569,0.0,100.0,0.0,,40,01:H; 12:L; 13:L
48,二维前沿 MP2,optimal,9460.0,65.0,0.0,0.0,65.0,0.0,,40,01:M; 12:L; 13:L
49,二维前沿 MP1 总量,cut,9460.0,52.05693604750941,12.94306395249059,0.0,65.0,0.005757715840496808,41.0,41,01:M; 12:L; 13:L
50,二维前沿 MP1 总量,optimal,9460.0,65.0,0.0,0.0,65.0,0.0,,41,01:M; 12:L; 13:L
51,二维前沿 MP2,optimal,7740.0,35.0,0.0,0.0,35.0,0.0,,41,01:L; 12:M; 13:L
52,二维前沿 MP1 总量,cut,0.0,20.531646955961236,14.468353044038764,0.0,35.0,0.0048545437242625954,42.0,42,01:L; 12:L; 13:L
53,二维前沿 MP1 总量,optimal,0.0,35.0,0.0,0.0,35.0,0.0,,42,01:L; 12:L; 13:L
54,三维域：固定设计顶点 MP1,cut,0.0,20.531646956,0.0,14.468353044,35.0,0.008963637313261568,43.0,43,01:L; 12:L; 13:L
55,三维域：固定设计顶点 MP1,optimal,0.0,20.531646956,8.2676303108,6.2007227332,35.0,4.3969348019548413e-14,,43,01:L; 12:L; 13:L
56,三维域：固定设计顶点 MP1,optimal,0.0,26.7323696891,8.2676303109,0.0,35.0,0.0,,43,01:L; 12:L; 13:L
57,三维域：固定设计顶点 MP1,optimal,0.0,28.7992772668,0.0,6.2007227332,35.0,0.0,,43,01:L; 12:L; 13:L
58,三维域：固定设计顶点 MP1,optimal,0.0,35.0,0.0,0.0,35.0,0.0,,43,01:L; 12:L; 13:L
59,三维域：固定设计顶点 MP1,optimal,0.0,14.8640521362,10.4744813912,7.8558610434,33.1943945708,0.0,,43,01:L; 12:L; 13:L
60,三维域：固定设计顶点 MP1,optimal,0.0,16.88520404667402,0.0,11.8987577515,28.78396179817402,0.0,,43,01:L; 12:L; 13:L
61,三维域：固定设计顶点 MP1,optimal,0.0,0.0,16.2622539044,12.1966904282,28.4589443326,0.0,,43,01:L; 12:L; 13:L
62,三维域：固定设计顶点 MP1,optimal,0.0,0.0,22.970433639895678,0.0,22.970433639895678,0.0,,43,01:L; 12:L; 13:L
63,三维域：固定设计顶点 MP1,optimal,0.0,0.0,0.0,19.9742901216,19.9742901216,0.0,,43,01:L; 12:L; 13:L
64,三维域：固定设计顶点 MP1,cut,7740.0,0.0,28.7992772668,6.2007227332,35.0,0.006965737016260331,44.0,44,01:L; 12:M; 13:L
65,三维域：固定设计顶点 MP1,optimal,7740.0,13.7516998635,15.0475774033,6.2007227332,35.0,0.0,,44,01:L; 12:M; 13:L
66,三维域：固定设计顶点 MP1,optimal,7740.0,19.9524225967,15.0475774033,0.0,35.0,0.0,,44,01:L; 12:M; 13:L
67,三维域：固定设计顶点 MP1,optimal,7740.0,28.7992772668,0.0,6.2007227332,35.0,0.0,,44,01:L; 12:M; 13:L
68,三维域：固定设计顶点 MP1,optimal,7740.0,35.0,0.0,0.0,35.0,0.0,,44,01:L; 12:M; 13:L
69,三维域：固定设计顶点 MP1,optimal,7740.0,0.0,22.4345691577,9.244713568,31.6792827257,0.0,,44,01:L; 12:M; 13:L
70,三维域：固定设计顶点 MP1,optimal,7740.0,0.0,28.8122754173,0.0,28.8122754173,0.0,,44,01:L; 12:M; 13:L
71,三维域：固定设计顶点 MP1,optimal,7740.0,0.0,0.0,19.9742901216,19.9742901216,0.0,,44,01:L; 12:M; 13:L
72,三维域：固定设计顶点 MP1,optimal,9460.0,55.2266659951,7.3960365443,2.3772974607,65.0000000001,0.0,,44,01:M; 12:L; 13:L
73,三维域：固定设计顶点 MP1,optimal,9460.0,52.0569360475,7.3960365443,5.5470274082,65.0,0.0,,44,01:M; 12:L; 13:L
74,三维域：固定设计顶点 MP1,optimal,9460.0,57.6039634557,7.3960365443,0.0,65.0,0.0,,44,01:M; 12:L; 13:L
75,三维域：固定设计顶点 MP1,optimal,9460.0,59.4529725918,0.0,5.5470274082,65.0,0.0,,44,01:M; 12:L; 13:L
76,三维域：固定设计顶点 MP1,optimal,9460.0,65.0,0.0,0.0,65.0,0.0,,44,01:M; 12:L; 13:L
77,三维域：固定设计顶点 MP1,optimal,9460.0,19.160977724,17.551807574,13.1638556805,49.8766409785,0.0,,44,01:M; 12:L; 13:L
78,三维域：固定设计顶点 MP1,optimal,9460.0,0.0,23.4672607904,17.6004455927,41.0677063831,0.0,,44,01:M; 12:L; 13:L
79,三维域：固定设计顶点 MP1,optimal,9460.0,13.137791692276974,0.0,21.0603024201,34.19809411237698,0.0,,44,01:M; 12:L; 13:L
80,三维域：固定设计顶点 MP1,optimal,9460.0,0.0,30.538156628062254,0.0,30.538156628062254,0.0,,44,01:M; 12:L; 13:L
81,三维域：固定设计顶点 MP1,optimal,9460.0,0.0,0.0,25.4608072138,25.4608072138,0.0,,44,01:M; 12:L; 13:L
82,三维域：固定设计顶点 MP1,cut,10320.0,0.0,0.0,35.0,35.0,0.016411079188540303,45.0,45,01:L; 12:L; 13:M
83,三维域：固定设计顶点 MP1,optimal,10320.0,18.1125682162,5.6017487314,11.2856830525,35.0000000001,1.274905893993567e-13,,45,01:L; 12:L; 13:M
84,三维域：固定设计顶点 MP1,optimal,10320.0,15.4466866366,8.2676303109,11.2856830525,35.0,0.0,,45,01:L; 12:L; 13:M
85,三维域：固定设计顶点 MP1,optimal,10320.0,23.7143169475,0.0,11.2856830525,35.0,0.0,,45,01:L; 12:L; 13:M
86,三维域：固定设计顶点 MP1,optimal,10320.0,26.7323696891,8.2676303109,0.0,35.0,0.0,,45,01:L; 12:L; 13:M
87,三维域：固定设计顶点 MP1,optimal,10320.0,35.0,0.0,0.0,35.0,0.0,,45,01:L; 12:L; 13:M
88,三维域：固定设计顶点 MP1,optimal,10320.0,0.0,13.1201557767,17.9095961149,31.0297518916,0.0,,45,01:L; 12:L; 13:M
89,三维域：固定设计顶点 MP1,optimal,10320.0,0.0,6.7674119698228505,21.8815974849,28.64900945472285,0.0,,45,01:L; 12:L; 13:M
90,三维域：固定设计顶点 MP1,optimal,10320.0,0.0,0.0,26.1128667494,26.1128667494,0.0,,45,01:L; 12:L; 13:M
91,三维域：固定设计顶点 MP1,optimal,10320.0,0.0,22.970433639895678,0.0,22.970433639895678,0.0,,45,01:L; 12:L; 13:M
92,三维域：固定设计顶点 MP1,cut,11680.0,0.0,0.0,35.0,35.0,0.03354836852149847,46.0,46,01:L; 12:L; 23:L
93,三维域：固定设计顶点 MP1,optimal,11680.0,26.7323696891,8.2676303109,0.0,35.0,0.0,,46,01:L; 12:L; 23:L
94,三维域：固定设计顶点 MP1,optimal,11680.0,30.6230192472,0.0,4.3769807528,35.0,0.0,,46,01:L; 12:L; 23:L
95,三维域：固定设计顶点 MP1,optimal,11680.0,35.0,0.0,0.0,35.0,0.0,,46,01:L; 12:L; 23:L
96,三维域：固定设计顶点 MP1,optimal,11680.0,0.0,22.97043363989582,0.0,22.97043363989582,0.0,,46,01:L; 12:L; 23:L
97,三维域：固定设计顶点 MP1,optimal,11680.0,0.0,0.0,16.4074525999,16.4074525999,0.0,,46,01:L; 12:L; 23:L
98,三维域：固定设计顶点 MP1,cut,11680.0,0.0,0.0,35.0,35.0,0.02385325344616629,47.0,47,01:L; 13:L; 23:L
99,三维域：固定设计顶点 MP1,optimal,11680.0,28.7992772668,0.0,6.2007227332,35.0,3.359651738097263e-14,,47,01:L; 13:L; 23:L
100,三维域：固定设计顶点 MP1,cut,11680.0,28.7992772668,6.2007227332,0.0,35.0,0.0027007169240945055,48.0,48,01:L; 13:L; 23:L
101,三维域：固定设计顶点 MP1,optimal,11680.0,31.2795663601,3.7204336399,0.0,35.0,0.0,,48,01:L; 13:L; 23:L
102,三维域：固定设计顶点 MP1,optimal,11680.0,35.0,0.0,0.0,35.0,0.0,,48,01:L; 13:L; 23:L
103,三维域：固定设计顶点 MP1,optimal,11680.0,0.0,0.0,19.9742901216,19.9742901216,0.0,,48,01:L; 13:L; 23:L
104,三维域：固定设计顶点 MP1,optimal,11680.0,0.0,14.819634606384337,0.0,14.819634606384337,0.0,,48,01:L; 13:L; 23:L
105,三维域：固定设计顶点 MP1,cut,11700.0,0.0,28.7992772668,6.2007227332,35.0,0.00021597687686926735,49.0,49,01:L; 12:H; 13:L
106,三维域：固定设计顶点 MP1,optimal,11700.0,0.7157716481,28.0835056187,6.2007227332,35.0,0.0,,49,01:L; 12:H; 13:L
107,三维域：固定设计顶点 MP1,optimal,11700.0,6.9164943813,28.0835056187,0.0,35.0,0.0,,49,01:L; 12:H; 13:L
108,三维域：固定设计顶点 MP1,optimal,11700.0,28.7992772668,0.0,6.2007227332,35.0,0.0,,49,01:L; 12:H; 13:L
109,三维域：固定设计顶点 MP1,optimal,11700.0,35.0,0.0,0.0,35.0,0.0,,49,01:L; 12:H; 13:L
110,三维域：固定设计顶点 MP1,optimal,11700.0,0.0,28.5732020048,6.3088456846,34.8820476894,0.0,,49,01:L; 12:H; 13:L
111,三维域：固定设计顶点 MP1,optimal,11700.0,0.0,33.6574208121,0.0,33.6574208121,0.0,,49,01:L; 12:H; 13:L
112,三维域：固定设计顶点 MP1,optimal,11700.0,0.0,0.0,19.9742901216,19.9742901216,0.0,,49,01:L; 12:H; 13:L
113,三维域：固定设计顶点 MP1,cut,14080.0,0.0,0.0,35.0,35.0,0.0272203715093584,50.0,50,01:L; 12:L; 23:M
114,三维域：固定设计顶点 MP1,optimal,14080.0,26.7323696891,8.2676303109,0.0,35.0,0.0,,50,01:L; 12:L; 23:M
115,三维域：固定设计顶点 MP1,optimal,14080.0,29.4452324754,0.0,5.5547675246,35.0,0.0,,50,01:L; 12:L; 23:M
116,三维域：固定设计顶点 MP1,optimal,14080.0,35.0,0.0,0.0,35.0,0.0,,50,01:L; 12:L; 23:M
117,三维域：固定设计顶点 MP1,optimal,14080.0,0.0,22.97043363989574,0.0,22.97043363989574,0.0,,50,01:L; 12:L; 23:M
118,三维域：固定设计顶点 MP1,optimal,14080.0,0.0,0.0,18.8317273123,18.8317273123,0.0,,50,01:L; 12:L; 23:M
119,三维域：固定设计顶点 MP1,optimal,14080.0,28.7992772668,0.0,6.2007227332,35.0,0.0,,50,01:L; 13:L; 23:M
120,三维域：固定设计顶点 MP1,cut,14080.0,28.7992772668,6.2007227332,0.0,35.0,0.0016197498783836765,51.0,51,01:L; 13:L; 23:M
121,三维域：固定设计顶点 MP1,optimal,14080.0,30.4616297807,4.5383702193,0.0,35.0,3.935643957622539e-14,,51,01:L; 13:L; 23:M
122,三维域：固定设计顶点 MP1,optimal,14080.0,35.0,0.0,0.0,35.0,0.0,,51,01:L; 13:L; 23:M
123,三维域：固定设计顶点 MP1,optimal,14080.0,27.186407172,5.853458454,0.0,33.039865626,0.0,,51,01:L; 13:L; 23:M
124,三维域：固定设计顶点 MP1,optimal,14080.0,20.0569397427,0.0,10.3818406795,30.438780422199997,0.0,,51,01:L; 13:L; 23:M
125,三维域：固定设计顶点 MP1,optimal,14080.0,1.2e-09,3e-10,19.9742901208,19.974290122299998,0.0,,51,01:L; 13:L; 23:M
126,三维域：固定设计顶点 MP1,optimal,14080.0,0.0,16.769517753456064,0.0,16.769517753456064,0.0,,51,01:L; 13:L; 23:M
127,三维域：固定设计顶点 MP1,optimal,14300.0,84.9361450275,15.063854972499998,0.0,100.0,0.0,,51,01:H; 12:L; 13:L
128,三维域：固定设计顶点 MP1,optimal,14300.0,88.7021087706,0.0,11.2978912294,100.0,0.0,,51,01:H; 12:L; 13:L
129,三维域：固定设计顶点 MP1,optimal,14300.0,100.0,0.0,0.0,100.0,0.0,,51,01:H; 12:L; 13:L
130,三维域：固定设计顶点 MP1,optimal,14300.0,73.638253798,15.0638549725,11.2978912294,99.99999999989998,0.0,,51,01:H; 12:L; 13:L
131,三维域：固定设计顶点 MP1,optimal,14300.0,67.8954953303,19.5729154161,0.0,87.4684107464,0.0,,51,01:H; 12:L; 13:L
132,三维域：固定设计顶点 MP1,optimal,14300.0,27.5529461302,25.2390047908,18.9292535932,71.7212045142,0.0,,51,01:H; 12:L; 13:L
133,三维域：固定设计顶点 MP1,optimal,14300.0,17.174050734,27.5305554162,20.6479165622,65.3525227124,0.0,,51,01:H; 12:L; 13:L
134,三维域：固定设计顶点 MP1,optimal,14300.0,0.0,31.3224046637,23.4918034979,54.8142081616,0.0,,51,01:H; 12:L; 13:L
135,三维域：固定设计顶点 MP1,optimal,14300.0,4.3561463363,35.0,5.2372819598,44.5934282961,0.0,,51,01:H; 12:L; 13:L
136,三维域：固定设计顶点 MP1,optimal,14300.0,8.3173460184,35.0,1.2760822777,44.5934282961,0.0,,51,01:H; 12:L; 13:L
137,三维域：固定设计顶点 MP1,optimal,14300.0,0.0,35.0,9.593428296,44.593428296,0.0,,51,01:H; 12:L; 13:L
138,三维域：固定设计顶点 MP1,optimal,14300.0,9.593428296,35.0,0.0,44.593428296,0.0,,51,01:H; 12:L; 13:L
139,三维域：固定设计顶点 MP1,optimal,14300.0,0.0,35.0,0.0,35.0,0.0,,51,01:H; 12:L; 13:L
140,三维域：固定设计顶点 MP1,optimal,14300.0,0.0,0.0,30.1482103311,30.1482103311,0.0,,51,01:H; 12:L; 13:L
141,三维域：固定设计顶点 MP1,cut,15600.0,0.0,0.0,35.0,35.0,0.005688817255190341,52.0,52,01:L; 12:L; 13:H
142,三维域：固定设计顶点 MP1,optimal,15600.0,5.669740475,8.2676303109,21.0626292141,35.0,0.0,,52,01:L; 12:L; 13:H
143,三维域：固定设计顶点 MP1,optimal,15600.0,13.9373707859,0.0,21.0626292141,35.0,0.0,,52,01:L; 12:L; 13:H
144,三维域：固定设计顶点 MP1,optimal,15600.0,26.7323696891,8.2676303109,0.0,35.0,0.0,,52,01:L; 12:L; 13:H
145,三维域：固定设计顶点 MP1,optimal,15600.0,35.0,0.0,0.0,35.0,0.0,,52,01:L; 12:L; 13:H
146,三维域：固定设计顶点 MP1,optimal,15600.0,0.0,9.5663068081,24.3711396942,33.9374465023,0.0,,52,01:L; 12:L; 13:H
147,三维域：固定设计顶点 MP1,optimal,15600.0,0.0,0.0,31.6119914619,31.6119914619,0.0,,52,01:L; 12:L; 13:H
148,三维域：固定设计顶点 MP1,optimal,15600.0,0.0,22.970433639895678,0.0,22.970433639895678,0.0,,52,01:L; 12:L; 13:H
149,三维域：固定设计顶点 MP1,optimal,17200.0,45.9917475257,13.4612250661,5.5470274082,65.0,0.0,,52,01:M; 12:M; 13:L
150,三维域：固定设计顶点 MP1,cut,17200.0,45.9917475257,19.0082524743,0.0,65.0,0.003954018074557105,53.0,53,01:M; 12:M; 13:L
151,三维域：固定设计顶点 MP1,optimal,17200.0,49.9200299647,13.4612250661,1.6187449693,65.0000000001,1.1190888073522735e-13,,53,01:M; 12:M; 13:L
152,三维域：固定设计顶点 MP1,optimal,17200.0,51.5387749339,13.461225066099997,0.0,65.0,0.0,,53,01:M; 12:M; 13:L
153,三维域：固定设计顶点 MP1,optimal,17200.0,59.4529725918,0.0,5.5470274082,65.0,0.0,,53,01:M; 12:M; 13:L
154,三维域：固定设计顶点 MP1,optimal,17200.0,65.0,0.0,0.0,65.0,0.0,,53,01:M; 12:M; 13:L
155,三维域：固定设计顶点 MP1,optimal,17200.0,33.9218128951,18.8731297896,7.7771352688,60.5720779535,0.0,,53,01:M; 12:M; 13:L
156,三维域：固定设计顶点 MP1,optimal,17200.0,0.0,34.0829569392,14.04471698278605,48.12767392198605,0.0,,53,01:M; 12:M; 13:L
157,三维域：固定设计顶点 MP1,optimal,17200.0,0.0,41.8075512797,0.0,41.8075512797,0.0,,53,01:M; 12:M; 13:L
158,三维域：固定设计顶点 MP1,optimal,17200.0,18.4134585556,0.0,19.2932172154,37.70667577099999,0.0,,53,01:M; 12:M; 13:L
159,三维域：固定设计顶点 MP1,optimal,17200.0,0.0,0.0,25.4608072138,25.4608072138,0.0,,53,01:M; 12:M; 13:L
160,三维域：固定设计顶点 MP1,cut,17600.0,0.0,0.0,35.0,35.0,0.02322418435620165,54.0,54,01:L; 12:L; 23:H
161,三维域：固定设计顶点 MP1,optimal,17600.0,26.7323696891,8.2676303109,0.0,35.0,0.0,,54,01:L; 12:L; 23:H
162,三维域：固定设计顶点 MP1,optimal,17600.0,28.4471467005,0.0,6.5528532995,35.0,-3.116729915812044e-14,,54,01:L; 12:L; 23:H
163,三维域：固定设计顶点 MP1,optimal,17600.0,35.0,0.0,0.0,35.0,0.0,,54,01:L; 12:L; 23:H
164,三维域：固定设计顶点 MP1,optimal,17600.0,0.0,22.9704336398958,0.0,22.9704336398958,0.0,,54,01:L; 12:L; 23:H
165,三维域：固定设计顶点 MP1,optimal,17600.0,0.0,0.0,20.5504568434,20.5504568434,0.0,,54,01:L; 12:L; 23:H
166,三维域：固定设计顶点 MP1,optimal,17600.0,28.7992772668,0.0,6.2007227332,35.0,0.0,,54,01:L; 13:L; 23:H
167,三维域：固定设计顶点 MP1,cut,17600.0,28.7992772668,6.2007227332,0.0,35.0,0.0009153344570884528,55.0,55,01:L; 13:L; 23:H
168,三维域：固定设计顶点 MP1,optimal,17600.0,29.8165891237,5.1834108763,0.0,35.0,4.364217260676789e-14,,55,01:L; 13:L; 23:H
169,三维域：固定设计顶点 MP1,optimal,17600.0,35.0,0.0,0.0,35.0,0.0,,55,01:L; 13:L; 23:H
170,三维域：固定设计顶点 MP1,optimal,17600.0,27.9120110068,6.009686964551065,0.0,33.921697971351065,0.0,,55,01:L; 13:L; 23:H
171,三维域：固定设计顶点 MP1,optimal,17600.0,20.0589700934,0.0,10.3808696422,30.4398397356,0.0,,55,01:L; 13:L; 23:H
172,三维域：固定设计顶点 MP1,optimal,17600.0,2.2e-09,5e-10,19.9742901201,19.9742901228,0.0,,55,01:L; 13:L; 23:H
173,三维域：固定设计顶点 MP1,optimal,17600.0,0.0,18.1189446873,0.0,18.1189446873,0.0,,55,01:L; 13:L; 23:H
174,三维域：固定设计顶点 MP1,optimal,18060.0,8.6667395442,15.0475774033,11.2856830525,35.0,0.0,,55,01:L; 12:M; 13:M
175,三维域：固定设计顶点 MP1,optimal,18060.0,19.9524225967,15.0475774033,0.0,35.0,0.0,,55,01:L; 12:M; 13:M
176,三维域：固定设计顶点 MP1,optimal,18060.0,23.7143169475,0.0,11.2856830525,35.0,0.0,,55,01:L; 12:M; 13:M
177,三维域：固定设计顶点 MP1,optimal,18060.0,35.0,0.0,0.0,35.0,0.0,,55,01:L; 12:M; 13:M
178,三维域：固定设计顶点 MP1,optimal,18060.0,8.0161070304,15.3433818693,11.507536402,34.8670253017,0.0,,55,01:L; 12:M; 13:M
179,三维域：固定设计顶点 MP1,optimal,18060.0,0.0,18.9878358569,14.2408768928,33.228712749699994,0.0,,55,01:L; 12:M; 13:M
180,三维域：固定设计顶点 MP1,optimal,18060.0,7.7279852888,23.4809236358,0.0,31.2089089246,0.0,,55,01:L; 12:M; 13:M
181,三维域：固定设计顶点 MP1,optimal,18060.0,0.0,28.8122754173,0.0,28.8122754173,0.0,,55,01:L; 12:M; 13:M
182,三维域：固定设计顶点 MP1,optimal,18060.0,7.127517141584668,0.0,21.6564446566,28.78396179818467,0.0,,55,01:L; 12:M; 13:M
183,三维域：固定设计顶点 MP1,optimal,18060.0,0.0,0.0,26.1128667494,26.1128667494,0.0,,55,01:L; 12:M; 13:M
184,三维域：固定设计顶点 MP1,cut,19420.0,0.0,0.0,35.0,35.0,0.028673041319607243,56.0,56,01:L; 12:M; 23:L
185,三维域：固定设计顶点 MP1,optimal,19420.0,19.9524225967,15.0475774033,0.0,35.0,0.0,,56,01:L; 12:M; 23:L
186,三维域：固定设计顶点 MP1,optimal,19420.0,29.2518900717,0.0,5.7481099283,35.0,3.910405700788993e-14,,56,01:L; 12:M; 23:L
187,三维域：固定设计顶点 MP1,optimal,19420.0,35.0,0.0,0.0,35.0,0.0,,56,01:L; 12:M; 23:L
188,三维域：固定设计顶点 MP1,optimal,19420.0,0.0,28.8122754173,0.0,28.8122754173,0.0,,56,01:L; 12:M; 23:L
189,三维域：固定设计顶点 MP1,optimal,19420.0,0.0,0.0,19.1860810025,19.1860810025,0.0,,56,01:L; 12:M; 23:L
190,三维域：固定设计顶点 MP1,cut,19780.0,47.5080446562,0.0,17.4919553438,65.0,0.00727571258194431,57.0,57,01:M; 12:L; 13:M
191,三维域：固定设计顶点 MP1,optimal,19780.0,47.5080446562,7.3960365443,10.0959187995,65.0,0.0,,57,01:M; 12:L; 13:M
192,三维域：固定设计顶点 MP1,optimal,19780.0,54.9040812005,0.0,10.0959187995,65.0,0.0,,57,01:M; 12:L; 13:M
193,三维域：固定设计顶点 MP1,optimal,19780.0,57.6039634557,7.3960365443,0.0,65.0,0.0,,57,01:M; 12:L; 13:M
194,三维域：固定设计顶点 MP1,optimal,19780.0,65.0,0.0,0.0,65.0,0.0,,57,01:M; 12:L; 13:M
195,三维域：固定设计顶点 MP1,optimal,19780.0,38.0643470809,9.8462822591,13.4406131676,61.3512425076,0.0,,57,01:M; 12:L; 13:M
196,三维域：固定设计顶点 MP1,optimal,19780.0,31.4227154817,11.5695087004,15.7928938953,58.7851180774,0.0,,57,01:M; 12:L; 13:M
197,三维域：固定设计顶点 MP1,optimal,19780.0,42.9492393575,0.0,15.8134518549,58.7626912124,0.0,,57,01:M; 12:L; 13:M
198,三维域：固定设计顶点 MP1,optimal,19780.0,39.6633120411,14.60360846313889,0.0,54.26692050423889,0.0,,57,01:M; 12:L; 13:M
199,三维域：固定设计顶点 MP1,optimal,19780.0,0.0,19.722393028,26.92194357768083,46.64433660568083,0.0,,57,01:M; 12:L; 13:M
200,三维域：固定设计顶点 MP1,optimal,19780.0,0.0,0.0,36.3543924172,36.3543924172,0.0,,57,01:M; 12:L; 13:M
201,三维域：固定设计顶点 MP1,optimal,19780.0,0.0,30.538156628062254,0.0,30.538156628062254,0.0,,57,01:M; 12:L; 13:M
202,三维域：固定设计顶点 MP1,optimal,21140.0,57.6039634557,7.396036544288347,0.0,64.99999999998835,0.0,,57,01:M; 12:L; 23:L
203,三维域：固定设计顶点 MP1,optimal,21140.0,61.0844512413,0.0,3.9155487587,65.0,0.0,,57,01:M; 12:L; 23:L
204,三维域：固定设计顶点 MP1,optimal,21140.0,65.0,0.0,0.0,65.0,0.0,,57,01:M; 12:L; 23:L
205,三维域：固定设计顶点 MP1,optimal,21140.0,20.0826887337,0.0,14.6692098829,34.7518986166,0.0,,57,01:M; 12:L; 23:L
206,三维域：固定设计顶点 MP1,optimal,21140.0,0.0,30.53815662806239,0.0,30.53815662806239,0.0,,57,01:M; 12:L; 23:L
207,三维域：固定设计顶点 MP1,optimal,21140.0,0.0,0.0,19.9363597783,19.9363597783,0.0,,57,01:M; 12:L; 23:L
208,三维域：固定设计顶点 MP1,optimal,21140.0,59.4529725918,0.0,5.5470274082,65.0,0.0,,57,01:M; 13:L; 23:L
209,三维域：固定设计顶点 MP1,cut,21140.0,59.4529725918,5.5470274082,0.0,65.0,0.0028551390239606326,58.0,58,01:M; 13:L; 23:L
210,三维域：固定设计顶点 MP1,optimal,21140.0,61.6717835551,3.3282164449,0.0,65.0,-3.363964522025043e-14,,58,01:M; 13:L; 23:L
211,三维域：固定设计顶点 MP1,optimal,21140.0,65.0,0.0,0.0,65.0,0.0,,58,01:M; 13:L; 23:L
212,三维域：固定设计顶点 MP1,optimal,21140.0,18.413458556,0.0,19.2932172153,37.7066757713,0.0,,58,01:M; 13:L; 23:L
213,三维域：固定设计顶点 MP1,optimal,21140.0,10.7094872611,0.0,21.8736632604,32.5831505215,0.0,,58,01:M; 13:L; 23:L
214,三维域：固定设计顶点 MP1,optimal,21140.0,13.7828786427,14.4413973456,0.0,28.2242759883,0.0,,58,01:M; 13:L; 23:L
215,三维域：固定设计顶点 MP1,optimal,21140.0,0.0,0.0,25.4608072138,25.4608072138,0.0,,58,01:M; 13:L; 23:L
216,三维域：固定设计顶点 MP1,optimal,21140.0,0.0,17.6398756563,0.0,17.6398756563,0.0,,58,01:M; 13:L; 23:L
217,三维域：固定设计顶点 MP1,cut,21160.0,0.0,59.4529725918,5.5470274082,65.0,0.015272263841190837,59.0,59,01:M; 12:H; 13:L
218,三维域：固定设计顶点 MP1,optimal,21160.0,34.3300986802,25.1228739116,5.5470274082,65.0,0.0,,59,01:M; 12:H; 13:L
219,三维域：固定设计顶点 MP1,optimal,21160.0,39.8771260884,25.1228739116,0.0,65.0,0.0,,59,01:M; 12:H; 13:L
220,三维域：固定设计顶点 MP1,optimal,21160.0,59.4529725918,0.0,5.5470274082,65.0,0.0,,59,01:M; 12:H; 13:L
221,三维域：固定设计顶点 MP1,optimal,21160.0,65.0,0.0,0.0,65.0,0.0,,59,01:M; 12:H; 13:L
222,三维域：固定设计顶点 MP1,optimal,21160.0,6.1342481546,42.1166141872,9.2991754868,57.5500378286,0.0,,59,01:M; 12:H; 13:L
223,三维域：固定设计顶点 MP1,optimal,21160.0,0.0,45.813747559,10.1154873553,55.9292349143,0.0,,59,01:M; 12:H; 13:L
224,三维域：固定设计顶点 MP1,optimal,21160.0,0.0,49.6271779907,4.6302700186,54.2574480093,0.0,,59,01:M; 12:H; 13:L
225,三维域：固定设计顶点 MP1,optimal,21160.0,0.0,52.8462323165,0.0,52.8462323165,0.0,,59,01:M; 12:H; 13:L
226,三维域：固定设计顶点 MP1,optimal,21160.0,21.0366721137,0.0,18.4145715413,39.451243655,0.0,,59,01:M; 12:H; 13:L
227,三维域：固定设计顶点 MP1,optimal,21160.0,0.0,0.0,25.4608072138,25.4608072138,0.0,,59,01:M; 12:H; 13:L
228,三维域：固定设计顶点 MP1,cut,21820.0,0.0,0.0,35.0,35.0,0.020732834527596264,60.0,60,01:L; 12:M; 23:M
229,三维域：固定设计顶点 MP1,optimal,21820.0,19.9524225967,15.0475774033,0.0,35.0,0.0,,60,01:L; 12:M; 23:M
230,三维域：固定设计顶点 MP1,optimal,21820.0,27.0336354924,0.0,7.9663645076,35.0,0.0,,60,01:L; 12:M; 23:M
231,三维域：固定设计顶点 MP1,optimal,21820.0,35.0,0.0,0.0,35.0,0.0,,60,01:L; 12:M; 23:M
232,三维域：固定设计顶点 MP1,optimal,21820.0,0.0,28.8122754173,0.0,28.8122754173,0.0,,60,01:L; 12:M; 23:M
233,三维域：固定设计顶点 MP1,optimal,21820.0,0.0,0.0,22.586069521667564,22.586069521667564,0.0,,60,01:L; 12:M; 23:M
234,三维域：固定设计顶点 MP1,cut,21900.0,20.4181632355,35.0,10.2090816177,65.62724485320001,0.008946731414032912,61.0,61,01:L; 13:L; 02:L
235,三维域：固定设计顶点 MP1,optimal,21900.0,28.7992772669,30.627244853194274,6.2007227331,65.62724485319427,0.0,,61,01:L; 13:L; 02:L
236,三维域：固定设计顶点 MP1,optimal,21900.0,35.0,30.627244853194252,0.0,65.62724485319426,0.0,,61,01:L; 13:L; 02:L
237,三维域：固定设计顶点 MP1,optimal,21900.0,21.465264936,30.627244853194274,9.7082938479,61.800803637094276,0.0,,61,01:L; 13:L; 02:L
238,三维域：固定设计顶点 MP1,optimal,21900.0,17.8672024247,30.627244853194274,11.4291063533,59.923553631194274,0.0,,61,01:L; 13:L; 02:L
239,三维域：固定设计顶点 MP1,optimal,21900.0,0.0,30.627244853194274,19.9742901216,50.601534974794276,0.0,,61,01:L; 13:L; 02:L
240,三维域：固定设计顶点 MP1,optimal,21900.0,28.7992772669,0.0,6.2007227331,35.0,0.0,,61,01:L; 13:L; 02:L
241,三维域：固定设计顶点 MP1,optimal,21900.0,35.0,0.0,0.0,35.0,0.0,,61,01:L; 13:L; 02:L
242,三维域：固定设计顶点 MP1,optimal,21900.0,0.0,30.627244853194274,0.0,30.627244853194274,0.0,,61,01:L; 13:L; 02:L
243,三维域：固定设计顶点 MP1,optimal,21900.0,0.0,0.0,19.9742901216,19.9742901216,0.0,,61,01:L; 13:L; 02:L
244,三维域：固定设计顶点 MP1,cut,21900.0,0.0,0.0,30.627244853194252,30.627244853194252,0.03396264382564283,62.0,62,12:L; 13:L; 02:L
245,三维域：固定设计顶点 MP1,optimal,21900.0,0.0,30.627244853194252,0.0,30.627244853194252,0.0,,62,12:L; 13:L; 02:L
246,三维域：固定设计顶点 MP1,optimal,21900.0,19.1420280332,0.0,0.0,19.1420280332,-5.878995235822416e-14,,62,12:L; 13:L; 02:L
247,三维域：固定设计顶点 MP1,optimal,21900.0,0.0,0.0,12.761352022164294,12.761352022164294,0.0,,62,12:L; 13:L; 02:L
248,三维域：固定设计顶点 MP1,cut,22000.0,0.0,0.0,35.0,35.0,0.013707549183649647,63.0,63,01:L; 13:M; 23:L
249,三维域：固定设计顶点 MP1,optimal,22000.0,23.7143169475,0.0,11.2856830525,35.0,1.0056672843411593e-14,,63,01:L; 13:M; 23:L
250,三维域：固定设计顶点 MP1,cut,22000.0,23.7143169475,11.2856830525,0.0,35.0,0.005906510360341725,64.0,64,01:L; 13:M; 23:L
251,三维域：固定设计顶点 MP1,optimal,22000.0,29.9011378806,5.0988621194,0.0,35.0,-3.570757895059082e-14,,64,01:L; 13:M; 23:L
252,三维域：固定设计顶点 MP1,optimal,22000.0,35.0,0.0,0.0,35.0,0.0,,64,01:L; 13:M; 23:L
253,三维域：固定设计顶点 MP1,optimal,22000.0,2e-10,0.0,26.1128667492,26.1128667494,0.0,,64,01:L; 13:M; 23:L
254,三维域：固定设计顶点 MP1,optimal,22000.0,0.0,17.95042512259746,0.0,17.95042512259746,0.0,,64,01:L; 13:M; 23:L
255,三维域：固定设计顶点 MP1,optimal,22020.0,0.0,23.7143169475,11.2856830525,35.0,0.0,,64,01:L; 12:H; 13:M
256,三维域：固定设计顶点 MP1,optimal,22020.0,0.0,28.0835056187,6.9164943813,35.0,0.0,,64,01:L; 12:H; 13:M
257,三维域：固定设计顶点 MP1,optimal,22020.0,6.9164943813,28.0835056187,0.0,35.0,0.0,,64,01:L; 12:H; 13:M
258,三维域：固定设计顶点 MP1,optimal,22020.0,23.7143169475,0.0,11.2856830525,35.0,0.0,,64,01:L; 12:H; 13:M
259,三维域：固定设计顶点 MP1,optimal,22020.0,35.0,0.0,0.0,35.0,0.0,,64,01:L; 12:H; 13:M
260,三维域：固定设计顶点 MP1,optimal,22020.0,0.0,33.6574208121,0.0,33.6574208121,0.0,,64,01:L; 12:H; 13:M
261,三维域：固定设计顶点 MP1,optimal,22020.0,0.0,0.0,26.1128667494,26.1128667494,0.0,,64,01:L; 12:H; 13:M
262,三维域：固定设计顶点 MP1,optimal,22040.0,65.3448170518,27.4171092766,7.238073671599996,100.0,0.0,,64,01:H; 12:M; 13:L
263,三维域：固定设计顶点 MP1,optimal,22040.0,61.284999494,27.4171092766,11.2978912294,100.0,0.0,,64,01:H; 12:M; 13:L
264,三维域：固定设计顶点 MP1,optimal,22040.0,72.5828907234,27.4171092766,0.0,100.0,0.0,,64,01:H; 12:M; 13:L
265,三维域：固定设计顶点 MP1,optimal,22040.0,88.7021087706,0.0,11.2978912294,100.0,0.0,,64,01:H; 12:M; 13:L
266,三维域：固定设计顶点 MP1,optimal,22040.0,100.0,0.0,0.0,100.0,0.0,,64,01:H; 12:M; 13:L
267,三维域：固定设计顶点 MP1,optimal,22040.0,51.0874100871,30.8867879467,12.7276572861,94.70185531989999,0.0,,64,01:H; 12:M; 13:L
268,三维域：固定设计顶点 MP1,optimal,22040.0,6.7498085477,45.972434584,18.9440673794,71.6663105111,0.0,,64,01:H; 12:M; 13:L
269,三维域：固定设计顶点 MP1,optimal,22040.0,0.0,48.2690231022,19.8904329139,68.1594560161,0.0,,64,01:H; 12:M; 13:L
270,三维域：固定设计顶点 MP1,optimal,22040.0,35.7152969766,0.0,22.558258365457434,58.273555342057435,0.0,,64,01:H; 12:M; 13:L
271,三维域：固定设计顶点 MP1,optimal,22040.0,0.0,56.1402367506,0.0,56.1402367506,0.0,,64,01:H; 12:M; 13:L
272,三维域：固定设计顶点 MP1,optimal,22040.0,0.0,0.0,30.1482103311,30.1482103311,0.0,,64,01:H; 12:M; 13:L
273,三维域：固定设计顶点 MP1,optimal,23340.0,7.945266051600013,5.9921047343,21.0626292141,35.000000000000014,0.0,,64,01:L; 12:M; 13:H
274,三维域：固定设计顶点 MP1,optimal,23340.0,0.0,13.9373707859,21.0626292141,35.0,0.0,,64,01:L; 12:M; 13:H
275,三维域：固定设计顶点 MP1,optimal,23340.0,0.0,15.0475774033,19.9524225967,35.0,0.0,,64,01:L; 12:M; 13:H
276,三维域：固定设计顶点 MP1,optimal,23340.0,13.9373707859,0.0,21.0626292141,35.0,0.0,,64,01:L; 12:M; 13:H
277,三维域：固定设计顶点 MP1,optimal,23340.0,19.9524225967,15.0475774033,0.0,35.0,0.0,,64,01:L; 12:M; 13:H
278,三维域：固定设计顶点 MP1,optimal,23340.0,35.0,0.0,0.0,35.0,0.0,,64,01:L; 12:M; 13:H
279,三维域：固定设计顶点 MP1,optimal,23340.0,0.0,0.0,31.6119914619,31.6119914619,0.0,,64,01:L; 12:M; 13:H
280,三维域：固定设计顶点 MP1,optimal,23340.0,0.0,28.8122754173,0.0,28.8122754173,0.0,,64,01:L; 12:M; 13:H
281,三维域：固定设计顶点 MP1,cut,23380.0,0.0,0.0,35.0,35.0,0.02507384825375943,65.0,65,01:L; 12:H; 23:L
282,三维域：固定设计顶点 MP1,optimal,23380.0,6.9164943813,28.0835056187,0.0,35.0,0.0,,65,01:L; 12:H; 23:L
283,三维域：固定设计顶点 MP1,optimal,23380.0,28.012975412,0.0,6.987024588,35.0,0.0,,65,01:L; 12:H; 23:L
284,三维域：固定设计顶点 MP1,optimal,23380.0,35.0,0.0,0.0,35.0,0.0,,65,01:L; 12:H; 23:L
285,三维域：固定设计顶点 MP1,optimal,23380.0,0.0,33.6574208121,0.0,33.6574208121,0.0,,65,01:L; 12:H; 23:L
286,三维域：固定设计顶点 MP1,optimal,23380.0,0.0,0.0,21.2202404816,21.2202404816,0.0,,65,01:L; 12:H; 23:L
287,三维域：固定设计顶点 MP1,cut,23540.0,0.0,0.0,65.0,65.0,0.06893451197711047,66.0,66,01:M; 12:L; 23:M
288,三维域：固定设计顶点 MP1,optimal,23540.0,57.6039634557,7.3960365443,0.0,65.0,0.0,,66,01:M; 12:L; 23:M
289,三维域：固定设计顶点 MP1,optimal,23540.0,60.0308296256,0.0,4.9691703744,65.0,5.561203757928842e-14,,66,01:M; 12:L; 23:M
290,三维域：固定设计顶点 MP1,optimal,23540.0,65.0,0.0,0.0,65.0,0.0,,66,01:M; 12:L; 23:M
291,三维域：固定设计顶点 MP1,optimal,23540.0,0.0,30.538156628062342,0.0,30.538156628062342,0.0,,66,01:M; 12:L; 23:M
292,三维域：固定设计顶点 MP1,optimal,23540.0,0.0,0.0,23.633081217277702,23.633081217277702,0.0,,66,01:M; 12:L; 23:M
293,三维域：固定设计顶点 MP1,optimal,23540.0,59.4529725918,0.0,5.5470274082,65.0,0.0,,66,01:M; 13:L; 23:M
294,三维域：固定设计顶点 MP1,cut,23540.0,59.4529725918,5.5470274082,0.0,65.0,0.0017413495003391754,67.0,67,01:M; 13:L; 23:M
295,三维域：固定设计顶点 MP1,optimal,23540.0,60.9400758463,4.0599241537,0.0,65.0,0.0,,67,01:M; 13:L; 23:M
296,三维域：固定设计顶点 MP1,optimal,23540.0,65.0,0.0,0.0,65.0,0.0,,67,01:M; 13:L; 23:M
297,三维域：固定设计顶点 MP1,optimal,23540.0,51.5246699723,0.0,8.2026132556,59.7272832279,0.0,,67,01:M; 13:L; 23:M
298,三维域：固定设计顶点 MP1,optimal,23540.0,44.5133445239,8.4842849858,0.0,52.997629509700005,0.0,,67,01:M; 13:L; 23:M
299,三维域：固定设计顶点 MP1,optimal,23540.0,18.413458556,0.0,19.2932172153,37.7066757713,0.0,,67,01:M; 13:L; 23:M
300,三维域：固定设计顶点 MP1,optimal,23540.0,0.0,0.0,25.4608072138,25.4608072138,0.0,,67,01:M; 13:L; 23:M
301,三维域：固定设计顶点 MP1,optimal,23540.0,0.0,20.4734686007,0.0,20.4734686007,0.0,,67,01:M; 13:L; 23:M
302,三维域：固定设计顶点 MP1,optimal,24400.0,23.7143169475,0.0,11.2856830525,35.0,0.0,,67,01:L; 13:M; 23:M
303,三维域：固定设计顶点 MP1,cut,24400.0,23.7143169475,11.2856830525,0.0,35.0,0.0036090545178511886,68.0,68,01:L; 13:M; 23:M
304,三维域：固定设计顶点 MP1,optimal,24400.0,28.2285901685,6.7714098315,0.0,35.0,0.0,,68,01:L; 13:M; 23:M
305,三维域：固定设计顶点 MP1,optimal,24400.0,35.0,0.0,0.0,35.0,0.0,,68,01:L; 13:M; 23:M
306,三维域：固定设计顶点 MP1,optimal,24400.0,20.2442838163,0.0,13.4552930305,33.6995768468,0.0,,68,01:L; 13:M; 23:M
307,三维域：固定设计顶点 MP1,optimal,24400.0,21.4032485234,10.1858417286,0.0,31.589090252,0.0,,68,01:L; 13:M; 23:M
308,三维域：固定设计顶点 MP1,optimal,24400.0,3e-10,2e-10,26.1128667491,26.1128667496,0.0,,68,01:L; 13:M; 23:M
309,三维域：固定设计顶点 MP1,optimal,24400.0,0.0,20.8929884561,0.0,20.8929884561,0.0,,68,01:L; 13:M; 23:M
310,三维域：固定设计顶点 MP1,optimal,24620.0,64.3733130701,15.0638549725,20.5628319574,100.0,0.0,,68,01:H; 12:L; 13:M
311,三维域：固定设计顶点 MP1,optimal,24620.0,79.4371680426,0.0,20.5628319574,100.0,0.0,,68,01:H; 12:L; 13:M
312,三维域：固定设计顶点 MP1,optimal,24620.0,84.9361450275,15.063854972499998,0.0,100.0,0.0,,68,01:H; 12:L; 13:M
313,三维域：固定设计顶点 MP1,optimal,24620.0,100.0,0.0,0.0,100.0,0.0,,68,01:H; 12:L; 13:M
314,三维域：固定设计顶点 MP1,optimal,24620.0,0.0,27.5775078359,37.6445246233,65.2220324592,0.0,,68,01:H; 12:L; 13:M
315,三维域：固定设计顶点 MP1,optimal,24620.0,0.0,0.0,46.7280880609,46.7280880609,0.0,,68,01:H; 12:L; 13:M
316,三维域：固定设计顶点 MP1,optimal,24620.0,0.0,35.0,9.593428296,44.593428296,0.0,,68,01:H; 12:L; 13:M
317,三维域：固定设计顶点 MP1,optimal,24620.0,9.593428296,35.0,0.0,44.593428296,0.0,,68,01:H; 12:L; 13:M
318,三维域：固定设计顶点 MP1,optimal,24620.0,0.0,35.0,0.0,35.0,0.0,,68,01:H; 12:L; 13:M
319,三维域：固定设计顶点 MP1,cut,25060.0,0.0,0.0,65.0,65.0,0.027969718151946953,69.0,69,01:M; 12:L; 13:H
320,三维域：固定设计顶点 MP1,optimal,25060.0,38.761808022,7.3960365443,18.8421554337,65.0,0.0,,69,01:M; 12:L; 13:H
321,三维域：固定设计顶点 MP1,optimal,25060.0,46.1578445663,0.0,18.8421554337,65.0,0.0,,69,01:M; 12:L; 13:H
322,三维域：固定设计顶点 MP1,optimal,25060.0,57.6039634557,7.3960365443,0.0,65.0,0.0,,69,01:M; 12:L; 13:H
323,三维域：固定设计顶点 MP1,optimal,25060.0,65.0,0.0,0.0,65.0,0.0,,69,01:M; 12:L; 13:H
324,三维域：固定设计顶点 MP1,optimal,25060.0,0.0,15.09184756592971,38.448016842,53.53986440792971,0.0,,69,01:M; 12:L; 13:H
325,三维域：固定设计顶点 MP1,optimal,25060.0,0.0,5.6977251962,44.3766809448,50.074406141,0.0,,69,01:M; 12:L; 13:H
326,三维域：固定设计顶点 MP1,optimal,25060.0,0.0,0.0,47.9725356195,47.9725356195,0.0,,69,01:M; 12:L; 13:H
327,三维域：固定设计顶点 MP1,optimal,25060.0,0.0,30.538156628062254,0.0,30.538156628062254,0.0,,69,01:M; 12:L; 13:H
328,三维域：固定设计顶点 MP1,cut,25340.0,0.0,0.0,35.0,35.0,0.015614913375409855,70.0,70,01:L; 12:M; 23:H
329,三维域：固定设计顶点 MP1,optimal,25340.0,19.9524225967,15.0475774033,0.0,35.0,0.0,,70,01:L; 12:M; 23:H
330,三维域：固定设计顶点 MP1,optimal,25340.0,24.8071009983,0.0,10.1928990017,35.0,3.067515386245408e-14,,70,01:L; 12:M; 23:H
331,三维域：固定设计顶点 MP1,optimal,25340.0,35.0,0.0,0.0,35.0,0.0,,70,01:L; 12:M; 23:H
332,三维域：固定设计顶点 MP1,optimal,25340.0,0.0,28.8122754173,0.0,28.8122754173,0.0,,70,01:L; 12:M; 23:H
333,三维域：固定设计顶点 MP1,optimal,25340.0,0.0,0.0,25.10423040986198,25.10423040986198,0.0,,70,01:L; 12:M; 23:H
334,三维域：固定设计顶点 MP1,cut,25780.0,0.0,0.0,35.0,35.0,0.015837854509873392,71.0,71,01:L; 12:H; 23:M
335,三维域：固定设计顶点 MP1,optimal,25780.0,6.9164943813,28.0835056187,0.0,35.0,0.0,,71,01:L; 12:H; 23:M
336,三维域：固定设计顶点 MP1,optimal,25780.0,24.438105479,0.0,10.561894521,35.0,0.0,,71,01:L; 12:H; 23:M
337,三维域：固定设计顶点 MP1,optimal,25780.0,35.0,0.0,0.0,35.0,0.0,,71,01:L; 12:H; 23:M
338,三维域：固定设计顶点 MP1,optimal,25780.0,0.0,33.6574208121,0.0,33.6574208121,0.0,,71,01:L; 12:H; 23:M
339,三维域：固定设计顶点 MP1,optimal,25780.0,0.0,0.0,25.4590395859,25.4590395859,0.0,,71,01:L; 12:H; 23:M
340,三维域：固定设计顶点 MP1,optimal,25980.0,84.9361450275,15.063854972499998,0.0,100.0,0.0,,71,01:H; 12:L; 23:L
341,三维域：固定设计顶点 MP1,optimal,25980.0,89.8203632086,4.6848913376,5.4947454538,100.0,0.0,,71,01:H; 12:L; 23:L
342,三维域：固定设计顶点 MP1,optimal,25980.0,92.0250179557,0.0,7.9749820443,100.0,0.0,,71,01:H; 12:L; 23:L
343,三维域：固定设计顶点 MP1,optimal,25980.0,100.0,0.0,0.0,100.0,0.0,,71,01:H; 12:L; 23:L
344,三维域：固定设计顶点 MP1,optimal,25980.0,29.624020129725203,29.6997825257,0.0,59.323802655425204,0.0,,71,01:H; 12:L; 23:L
345,三维域：固定设计顶点 MP1,cut,25980.0,0.0,37.5384799768,0.0,37.5384799768,0.0035627789148070144,72.0,72,01:H; 12:L; 23:L
346,三维域：固定设计顶点 MP1,optimal,25980.0,9.5934282961,35.0,0.0,44.5934282961,0.0,,72,01:H; 12:L; 23:L
347,三维域：固定设计顶点 MP1,optimal,25980.0,0.0,31.1166524397,3.8833475603,35.0,0.0,,72,01:H; 12:L; 23:L
348,三维域：固定设计顶点 MP1,optimal,25980.0,0.0,35.0,0.0,35.0,0.0,,72,01:H; 12:L; 23:L
349,三维域：固定设计顶点 MP1,optimal,25980.0,0.0,0.0,22.6999189549,22.6999189549,0.0,,72,01:H; 12:L; 23:L
350,三维域：固定设计顶点 MP1,optimal,25980.0,88.7021087706,0.0,11.2978912294,100.0,0.0,,72,01:H; 13:L; 23:L
351,三维域：固定设计顶点 MP1,optimal,25980.0,93.2212652624,6.7787347376,0.0,100.0,0.0,,72,01:H; 13:L; 23:L
352,三维域：固定设计顶点 MP1,optimal,25980.0,100.0,0.0,0.0,100.0,0.0,,72,01:H; 13:L; 23:L
353,三维域：固定设计顶点 MP1,optimal,25980.0,0.0,0.0,30.1482103311,30.1482103311,0.0,,72,01:H; 13:L; 23:L
354,三维域：固定设计顶点 MP1,optimal,25980.0,0.0,10.0021429193,14.8950266484,24.8971695677,0.0,,72,01:H; 13:L; 23:L
355,三维域：固定设计顶点 MP1,optimal,25980.0,0.0,19.7694274694,0.0,19.7694274694,0.0,,72,01:H; 13:L; 23:L
356,三维域：固定设计顶点 MP1,cut,26000.0,0.0,88.7021087706,11.2978912294,100.0,0.022825673714201647,73.0,73,01:H; 12:H; 13:L
357,三维域：固定设计顶点 MP1,optimal,26000.0,37.53317162,51.1689371506,11.2978912294,100.0,0.0,,73,01:H; 12:H; 13:L
358,三维域：固定设计顶点 MP1,optimal,26000.0,48.8310628494,51.1689371506,0.0,100.0,0.0,,73,01:H; 12:H; 13:L
359,三维域：固定设计顶点 MP1,optimal,26000.0,88.7021087706,0.0,11.2978912294,100.0,0.0,,73,01:H; 12:H; 13:L
360,三维域：固定设计顶点 MP1,optimal,26000.0,100.0,0.0,0.0,100.0,0.0,,73,01:H; 12:H; 13:L
361,三维域：固定设计顶点 MP1,optimal,26000.0,9.595546511,64.8707176754,14.3231881115,88.7894522979,0.0,,73,01:H; 12:H; 13:L
362,三维域：固定设计顶点 MP1,optimal,26000.0,0.0,69.5767752518,15.3622663018,84.9390415536,0.0,,73,01:H; 12:H; 13:L
363,三维域：固定设计顶点 MP1,optimal,26000.0,0.0,78.0260217178,0.0,78.0260217178,0.0,,73,01:H; 12:H; 13:L
364,三维域：固定设计顶点 MP1,optimal,26000.0,0.0,35.7152969766,22.558258365457434,58.273555342057435,0.0,,73,01:H; 12:H; 13:L
365,三维域：固定设计顶点 MP1,optimal,26000.0,35.7152969766,0.0,22.558258365457434,58.273555342057435,0.0,,73,01:H; 12:H; 13:L
366,三维域：固定设计顶点 MP1,optimal,26000.0,0.0,0.0,30.1482103311,30.1482103311,0.0,,73,01:H; 12:H; 13:L
367,三维域：固定设计顶点 MP1,optimal,26400.0,35.0,55.7434017063,0.0,90.7434017063,0.0,,73,01:L; 13:L; 02:M
368,三维域：固定设计顶点 MP1,optimal,26400.0,28.7992772668,55.7434017063,6.2007227332,90.74340170629999,0.0,,73,01:L; 13:L; 02:M
369,三维域：固定设计顶点 MP1,optimal,26400.0,5.0172733123,55.7434017063,17.5747246246,78.33539964319999,0.0,,73,01:L; 13:L; 02:M
370,三维域：固定设计顶点 MP1,optimal,26400.0,0.915991146,55.7434017063,19.5362073997,76.195600252,0.0,,73,01:L; 13:L; 02:M
371,三维域：固定设计顶点 MP1,optimal,26400.0,0.0,55.7434017063,19.9742901216,75.7176918279,0.0,,73,01:L; 13:L; 02:M
372,三维域：固定设计顶点 MP1,optimal,26400.0,28.7992772668,25.3840157686,6.2007227332,60.3840157686,0.0,,73,01:L; 13:L; 02:M
373,三维域：固定设计顶点 MP1,optimal,26400.0,0.0,55.7434017063,0.0,55.7434017063,0.0,,73,01:L; 13:L; 02:M
374,三维域：固定设计顶点 MP1,optimal,26400.0,28.7992772669,0.0,6.2007227331,35.0,0.0,,73,01:L; 13:L; 02:M
375,三维域：固定设计顶点 MP1,optimal,26400.0,35.0,0.0,0.0,35.0,0.0,,73,01:L; 13:L; 02:M
376,三维域：固定设计顶点 MP1,optimal,26400.0,0.4092840407,0.0,19.7785455804,20.1878296211,0.0,,73,01:L; 13:L; 02:M
377,三维域：固定设计顶点 MP1,optimal,26400.0,0.0,0.0,19.9742901216,19.9742901216,0.0,,73,01:L; 13:L; 02:M
378,三维域：固定设计顶点 MP1,cut,26400.0,0.0,30.0,35.0,65.0,0.053780105729303765,74.0,74,12:L; 13:L; 02:M
379,三维域：固定设计顶点 MP1,optimal,26400.0,0.0,55.7434017063,0.0,55.7434017063,0.0,,74,12:L; 13:L; 02:M
380,三维域：固定设计顶点 MP1,optimal,26400.0,26.64553237189976,0.0,0.0,26.64553237189976,0.0,,74,12:L; 13:L; 02:M
381,三维域：固定设计顶点 MP1,optimal,26400.0,0.0,0.0,15.71085047328254,15.71085047328254,0.0,,74,12:L; 13:L; 02:M
382,三维域：固定设计顶点 MP1,cut,27060.0,30.0,0.0,35.0,65.0,0.02985133530567652,75.0,75,01:M; 12:L; 23:H
383,三维域：固定设计顶点 MP1,optimal,27060.0,57.6039634557,7.3960365443,0.0,65.0,0.0,,75,01:M; 12:L; 23:H
384,三维域：固定设计顶点 MP1,optimal,27060.0,59.1379644892,0.0,5.8620355108,65.0,0.0,,75,01:M; 12:L; 23:H
385,三维域：固定设计顶点 MP1,optimal,27060.0,65.0,0.0,0.0,65.0,0.0,,75,01:M; 12:L; 23:H
386,三维域：固定设计顶点 MP1,optimal,27060.0,0.0,30.538156628062275,0.0,30.538156628062275,0.0,,75,01:M; 12:L; 23:H
387,三维域：固定设计顶点 MP1,optimal,27060.0,0.0,0.0,26.4044432539,26.4044432539,0.0,,75,01:M; 12:L; 23:H
388,三维域：固定设计顶点 MP1,optimal,27060.0,59.4529725918,0.0,5.5470274082,65.0,0.0,,75,01:M; 13:L; 23:H
389,三维域：固定设计顶点 MP1,cut,27060.0,59.4529725918,5.5470274082,0.0,65.0,0.0009950271429485596,76.0,76,01:M; 13:L; 23:H
390,三维域：固定设计顶点 MP1,optimal,27060.0,60.3630369497,4.636963050299995,0.0,65.0,4.1164162436815185e-14,,76,01:M; 13:L; 23:H
391,三维域：固定设计顶点 MP1,optimal,27060.0,65.0,0.0,0.0,65.0,0.0,,76,01:M; 13:L; 23:H
392,三维域：固定设计顶点 MP1,optimal,27060.0,51.4930783586,0.0,8.213194870082944,59.706273228682946,0.0,,76,01:M; 13:L; 23:H
393,三维域：固定设计顶点 MP1,optimal,27060.0,37.3131925873,11.4661353441,0.0,48.779327931400005,0.0,,76,01:M; 13:L; 23:H
394,三维域：固定设计顶点 MP1,optimal,27060.0,18.413458556,0.0,19.2932172153,37.7066757713,0.0,,76,01:M; 13:L; 23:H
395,三维域：固定设计顶点 MP1,optimal,27060.0,0.0,0.0,25.4608072138,25.4608072138,0.0,,76,01:M; 13:L; 23:H
396,三维域：固定设计顶点 MP1,optimal,27060.0,0.0,22.5212304243,0.0,22.5212304243,0.0,,76,01:M; 13:L; 23:H
397,三维域：固定设计顶点 MP1,cut,27280.0,0.0,0.0,35.0,35.0,0.0050960066371387655,77.0,77,01:L; 13:H; 23:L
398,三维域：固定设计顶点 MP1,optimal,27280.0,13.9373707859,0.0,21.0626292141,35.0,1.460975590019013e-14,,77,01:L; 13:H; 23:L
399,三维域：固定设计顶点 MP1,cut,27280.0,13.9373707859,21.0626292141,0.0,35.0,0.012443496397062085,78.0,78,01:L; 13:H; 23:L
400,三维域：固定设计顶点 MP1,optimal,27280.0,28.5480458646,6.4519541354,0.0,35.0,0.0,,78,01:L; 13:H; 23:L
401,三维域：固定设计顶点 MP1,optimal,27280.0,35.0,0.0,0.0,35.0,0.0,,78,01:L; 13:H; 23:L
402,三维域：固定设计顶点 MP1,optimal,27280.0,0.0,0.0,31.6119914619,31.6119914619,0.0,,78,01:L; 13:H; 23:L
403,三维域：固定设计顶点 MP1,optimal,27280.0,0.0,20.388500861,0.0,20.388500861,0.0,,78,01:L; 13:H; 23:L
404,三维域：固定设计顶点 MP1,optimal,27300.0,2.7542213352,11.1831494508,21.0626292141,35.0000000001,0.0,,78,01:L; 12:H; 13:H
405,三维域：固定设计顶点 MP1,optimal,27300.0,0.0,13.9373707859,21.0626292141,35.0,0.0,,78,01:L; 12:H; 13:H
406,三维域：固定设计顶点 MP1,optimal,27300.0,0.0,28.0835056187,6.9164943813,35.0,0.0,,78,01:L; 12:H; 13:H
407,三维域：固定设计顶点 MP1,optimal,27300.0,6.9164943813,28.0835056187,0.0,35.0,0.0,,78,01:L; 12:H; 13:H
408,三维域：固定设计顶点 MP1,optimal,27300.0,13.9373707859,0.0,21.0626292141,35.0,0.0,,78,01:L; 12:H; 13:H
409,三维域：固定设计顶点 MP1,optimal,27300.0,35.0,0.0,0.0,35.0,0.0,,78,01:L; 12:H; 13:H
410,三维域：固定设计顶点 MP1,optimal,27300.0,0.0,33.6574208121,0.0,33.6574208121,0.0,,78,01:L; 12:H; 13:H
411,三维域：固定设计顶点 MP1,optimal,27300.0,0.0,0.0,31.6119914619,31.6119914619,0.0,,78,01:L; 12:H; 13:H
412,三维域：固定设计顶点 MP1,optimal,27520.0,41.4428561344,13.4612250661,10.0959187995,65.0,0.0,,78,01:M; 12:M; 13:M
413,三维域：固定设计顶点 MP1,optimal,27520.0,51.5387749339,13.461225066099997,0.0,65.0,0.0,,78,01:M; 12:M; 13:M
414,三维域：固定设计顶点 MP1,optimal,27520.0,54.9040812005,0.0,10.0959187995,65.0,0.0,,78,01:M; 12:M; 13:M
415,三维域：固定设计顶点 MP1,optimal,27520.0,65.0,0.0,0.0,65.0,0.0,,78,01:M; 12:M; 13:M
416,三维域：固定设计顶点 MP1,optimal,27520.0,0.0,29.5982663927,22.1986997946,51.7969661873,0.0,,78,01:M; 12:M; 13:M
417,三维域：固定设计顶点 MP1,optimal,27520.0,0.0,41.8075512797,0.0,41.8075512797,0.0,,78,01:M; 12:M; 13:M
418,三维域：固定设计顶点 MP1,optimal,27520.0,0.0,8.440877427680725,32.3174510387,40.758328466380725,0.0,,78,01:M; 12:M; 13:M
419,三维域：固定设计顶点 MP1,optimal,27520.0,0.0,0.0,36.3543924172,36.3543924172,0.0,,78,01:M; 12:M; 13:M
420,三维域：固定设计顶点 MP1,optimal,27920.0,23.7143169475,0.0,11.2856830525,35.0,0.0,,78,01:L; 13:M; 23:H
421,三维域：固定设计顶点 MP1,cut,27920.0,23.7143169475,11.2856830525,0.0,35.0,0.0020648183714273662,79.0,79,01:L; 13:M; 23:H
422,三维域：固定设计顶点 MP1,optimal,27920.0,26.6846469445,8.3153530555,0.0,35.0,0.0,,79,01:L; 13:M; 23:H
423,三维域：固定设计顶点 MP1,optimal,27920.0,35.0,0.0,0.0,35.0,0.0,,79,01:L; 13:M; 23:H
424,三维域：固定设计顶点 MP1,optimal,27920.0,22.4173394406,10.6684492902,0.0,33.0857887308,0.0,,79,01:L; 13:M; 23:H
425,三维域：固定设计顶点 MP1,optimal,27920.0,0.0,0.0,26.1128667494,26.1128667494,0.0,,79,01:L; 13:M; 23:H
426,三维域：固定设计顶点 MP1,optimal,27920.0,0.0,23.0299106991,0.0,23.0299106991,0.0,,79,01:L; 13:M; 23:H
427,三维域：固定设计顶点 MP1,optimal,28380.0,84.9361450275,15.063854972499998,0.0,100.0,0.0,,79,01:H; 12:L; 23:M
428,三维域：固定设计顶点 MP1,optimal,28380.0,86.2727039926,10.990602367,2.7366936404,100.0,0.0,,79,01:H; 12:L; 23:M
429,三维域：固定设计顶点 MP1,optimal,28380.0,89.8790573296,0.0,10.1209426704,100.0,0.0,,79,01:H; 12:L; 23:M
430,三维域：固定设计顶点 MP1,optimal,28380.0,100.0,0.0,0.0,100.0,0.0,,79,01:H; 12:L; 23:M
431,三维域：固定设计顶点 MP1,optimal,28380.0,9.593428296105845,35.0,0.0,44.59342829610584,0.0,,79,01:H; 12:L; 23:M
432,三维域：固定设计顶点 MP1,optimal,28380.0,9.5557406959,34.9722337998,0.0277662002,44.5557406959,0.0,,79,01:H; 12:L; 23:M
433,三维域：固定设计顶点 MP1,optimal,28380.0,0.0,27.9320771733,7.0679228267,35.0,0.0,,79,01:H; 12:L; 23:M
434,三维域：固定设计顶点 MP1,optimal,28380.0,0.0,35.0,0.0,35.0,0.0,,79,01:H; 12:L; 23:M
435,三维域：固定设计顶点 MP1,optimal,28380.0,0.0,0.0,27.6189833942,27.6189833942,0.0,,79,01:H; 12:L; 23:M
436,三维域：固定设计顶点 MP1,optimal,28380.0,88.7021087706,0.0,11.2978912294,100.0,0.0,,79,01:H; 13:L; 23:M
437,三维域：固定设计顶点 MP1,optimal,28380.0,88.7166945805,0.0398205585,11.243484861,100.0,0.0,,79,01:H; 13:L; 23:M
438,三维域：固定设计顶点 MP1,optimal,28380.0,91.7309618084,8.2690381916,0.0,100.0,0.0,,79,01:H; 13:L; 23:M
439,三维域：固定设计顶点 MP1,optimal,28380.0,100.0,0.0,0.0,100.0,0.0,,79,01:H; 13:L; 23:M
440,三维域：固定设计顶点 MP1,optimal,28380.0,8.7856044352,0.0,28.2811583591,37.066762794300004,0.0,,79,01:H; 13:L; 23:M
441,三维域：固定设计顶点 MP1,optimal,28380.0,0.0,0.0,30.1482103311,30.1482103311,0.0,,79,01:H; 13:L; 23:M
442,三维域：固定设计顶点 MP1,optimal,28380.0,0.0,1.3791663767,28.371226845,29.750393221699998,0.0,,79,01:H; 13:L; 23:M
443,三维域：固定设计顶点 MP1,optimal,28380.0,6.8166088673,22.2745548752,0.0,29.0911637425,0.0,,79,01:H; 13:L; 23:M
444,三维域：固定设计顶点 MP1,optimal,28380.0,0.0,23.39886573557826,0.0,23.39886573557826,0.0,,79,01:H; 13:L; 23:M
445,三维域：固定设计顶点 MP1,cut,28880.0,0.0,0.0,65.0,65.0,0.07464033466014915,80.0,80,01:M; 12:M; 23:L
446,三维域：固定设计顶点 MP1,optimal,28880.0,51.5387749339,13.461225066099997,0.0,65.0,0.0,,80,01:M; 12:M; 23:L
447,三维域：固定设计顶点 MP1,optimal,28880.0,55.4641579824,7.1095167109,2.4263253067,65.0,3.651250339841221e-14,,80,01:M; 12:M; 23:L
448,三维域：固定设计顶点 MP1,optimal,28880.0,59.8578698501,0.0,5.142130149899995,65.0,0.0,,80,01:M; 12:M; 23:L
449,三维域：固定设计顶点 MP1,optimal,28880.0,65.0,0.0,0.0,65.0,0.0,,80,01:M; 12:M; 23:L
450,三维域：固定设计顶点 MP1,optimal,28880.0,0.0,41.8075512797,0.0,41.8075512797,0.0,,80,01:M; 12:M; 23:L
451,三维域：固定设计顶点 MP1,optimal,28880.0,0.0,0.0,24.1938526853,24.1938526853,0.0,,80,01:M; 12:M; 23:L
452,三维域：固定设计顶点 MP1,cut,29300.0,0.0,0.0,35.0,35.0,0.009792507433275578,81.0,81,01:L; 12:H; 23:H
453,三维域：固定设计顶点 MP1,optimal,29300.0,6.9164943813,28.0835056187,0.0,35.0,0.0,,81,01:L; 12:H; 23:H
454,三维域：固定设计顶点 MP1,optimal,29300.0,20.1322617313,0.0,14.8677382687,35.0,0.0,,81,01:L; 12:H; 23:H
455,三维域：固定设计顶点 MP1,optimal,29300.0,35.0,0.0,0.0,35.0,0.0,,81,01:L; 12:H; 23:H
456,三维域：固定设计顶点 MP1,optimal,29300.0,0.0,33.6574208121,0.0,33.6574208121,0.0,,81,01:L; 12:H; 23:H
457,三维域：固定设计顶点 MP1,optimal,29300.0,0.0,0.0,28.704597635495574,28.704597635495574,0.0,,81,01:L; 12:H; 23:H
458,三维域：固定设计顶点 MP1,cut,29640.0,0.0,0.0,30.627244853194252,30.627244853194252,0.031214267714766843,82.0,82,12:M; 13:L; 02:L
459,三维域：固定设计顶点 MP1,optimal,29640.0,0.0,30.627244853194252,0.0,30.627244853194252,0.0,,82,12:M; 13:L; 02:L
460,三维域：固定设计顶点 MP1,optimal,29640.0,23.0338991272,0.0,0.0,23.0338991272,-5.563791366583553e-14,,82,12:M; 13:L; 02:L
461,三维域：固定设计顶点 MP1,optimal,29640.0,0.0,0.0,14.381286571465418,14.381286571465418,0.0,,82,12:M; 13:L; 02:L
462,三维域：固定设计顶点 MP1,optimal,29680.0,13.9373707859,0.0,21.0626292141,35.0,0.0,,82,01:L; 13:H; 23:M
463,三维域：固定设计顶点 MP1,cut,29680.0,13.9373707859,21.0626292141,0.0,35.0,0.0077147705585756,83.0,83,01:L; 13:H; 23:M
464,三维域：固定设计顶点 MP1,optimal,29680.0,25.614677346,9.385322654,0.0,35.0,0.0,,83,01:L; 13:H; 23:M
465,三维域：固定设计顶点 MP1,optimal,29680.0,35.0,0.0,0.0,35.0,0.0,,83,01:L; 13:H; 23:M
466,三维域：固定设计顶点 MP1,optimal,29680.0,0.0,0.0,31.6119914619,31.6119914619,0.0,,83,01:L; 13:H; 23:M
467,三维域：固定设计顶点 MP1,optimal,29680.0,0.0,24.271128903154725,0.0,24.271128903154725,0.0,,83,01:L; 13:H; 23:M
468,三维域：固定设计顶点 MP1,cut,29900.0,0.0,0.0,100.0,100.0,0.05145436532961164,84.0,84,01:H; 12:L; 13:H
469,三维域：固定设计顶点 MP1,optimal,29900.0,46.5594421646,15.0638549725,38.3767028629,100.0,0.0,,84,01:H; 12:L; 13:H
470,三维域：固定设计顶点 MP1,optimal,29900.0,61.6232971371,0.0,38.3767028629,100.0,0.0,,84,01:H; 12:L; 13:H
471,三维域：固定设计顶点 MP1,optimal,29900.0,84.9361450275,15.063854972499998,0.0,100.0,0.0,,84,01:H; 12:L; 13:H
472,三维域：固定设计顶点 MP1,optimal,29900.0,100.0,0.0,0.0,100.0,0.0,,84,01:H; 12:L; 13:H
473,三维域：固定设计顶点 MP1,optimal,29900.0,0.0,22.4229331278,57.1247030413,79.5476361691,0.0,,84,01:H; 12:L; 13:H
474,三维域：固定设计顶点 MP1,optimal,29900.0,0.0,0.0,67.8487145372,67.8487145372,0.0,,84,01:H; 12:L; 13:H
475,三维域：固定设计顶点 MP1,optimal,29900.0,0.0,35.0,9.593428296,44.593428296,0.0,,84,01:H; 12:L; 13:H
476,三维域：固定设计顶点 MP1,optimal,29900.0,9.593428296,35.0,0.0,44.593428296,0.0,,84,01:H; 12:L; 13:H
477,三维域：固定设计顶点 MP1,optimal,29900.0,0.0,35.0,0.0,35.0,0.0,,84,01:H; 12:L; 13:H
478,三维域：固定设计顶点 MP1,cut,31280.0,0.0,0.0,65.0,65.0,0.05778982985383893,85.0,85,01:M; 12:M; 23:M
479,三维域：固定设计顶点 MP1,optimal,31280.0,51.5387749339,13.461225066099997,0.0,65.0,0.0,,85,01:M; 12:M; 23:M
480,三维域：固定设计顶点 MP1,optimal,31280.0,57.8734690827,0.0,7.126530917299998,65.0,0.0,,85,01:M; 12:M; 23:M
481,三维域：固定设计顶点 MP1,optimal,31280.0,65.0,0.0,0.0,65.0,0.0,,85,01:M; 12:M; 23:M
482,三维域：固定设计顶点 MP1,optimal,31280.0,0.0,41.8075512797,0.0,41.8075512797,0.0,,85,01:M; 12:M; 23:M
483,三维域：固定设计顶点 MP1,optimal,31280.0,0.0,0.0,29.862536628378102,29.862536628378102,0.0,,85,01:M; 12:M; 23:M
484,三维域：固定设计顶点 MP1,cut,31360.0,57.2506493524,30.627244853194274,7.749350647599993,95.62724485319427,0.003409107343578767,86.0,86,01:M; 13:L; 02:L
485,三维域：固定设计顶点 MP1,optimal,31360.0,59.4529725918,30.627244853194274,5.5470274082,95.62724485319427,0.0,,86,01:M; 13:L; 02:L
486,三维域：固定设计顶点 MP1,optimal,31360.0,65.0,30.62724485319426,0.0,95.62724485319426,0.0,,86,01:M; 13:L; 02:L
487,三维域：固定设计顶点 MP1,optimal,31360.0,48.6957681211,30.627244853194274,9.1501542464,88.47316722069428,0.0,,86,01:M; 13:L; 02:L
488,三维域：固定设计顶点 MP1,cut,31360.0,44.0276650151,0.0,20.9723349849,65.0,0.022455404840456383,87.0,87,01:M; 13:L; 02:L
489,三维域：固定设计顶点 MP1,optimal,31360.0,57.7817459194,30.627244853194274,6.1068049687,94.51579574129428,7.485054786188358e-14,,87,01:M; 13:L; 02:L
490,三维域：固定设计顶点 MP1,optimal,31360.0,59.4529725918,0.0,5.5470274082,65.0,0.0,,87,01:M; 13:L; 02:L
491,三维域：固定设计顶点 MP1,optimal,31360.0,65.0,0.0,0.0,65.0,0.0,,87,01:M; 13:L; 02:L
492,三维域：固定设计顶点 MP1,optimal,31360.0,0.0,30.627244853194274,25.4608072138,56.08805206699427,0.0,,87,01:M; 13:L; 02:L
493,三维域：固定设计顶点 MP1,optimal,31360.0,31.3829373797,0.0,14.9490888356,46.3320262153,0.0,,87,01:M; 13:L; 02:L
494,三维域：固定设计顶点 MP1,optimal,31360.0,0.0,30.627244853194274,0.0,30.627244853194274,0.0,,87,01:M; 13:L; 02:L
495,三维域：固定设计顶点 MP1,optimal,31360.0,0.0,0.0,25.4608072138,25.4608072138,0.0,,87,01:M; 13:L; 02:L
496,三维域：固定设计顶点 MP1,cut,31460.0,0.0,19.9040812005,45.0959187995,65.0,0.0421840095921386,88.0,88,01:M; 13:M; 23:L
497,三维域：固定设计顶点 MP1,cut,31460.0,54.9040812005,3.0915382705,7.0043805291,65.0000000001,0.001984825305234357,89.0,89,01:M; 13:M; 23:L
498,三维域：固定设计顶点 MP1,optimal,31460.0,57.639070881,2.2540389369,5.1068901822,65.0000000001,5.044307210176978e-14,,89,01:M; 13:M; 23:L
499,三维域：固定设计顶点 MP1,optimal,31460.0,54.9040812005,0.0,10.0959187995,65.0,0.0,,89,01:M; 13:M; 23:L
500,三维域：固定设计顶点 MP1,optimal,31460.0,60.4386723702,4.5613276298,0.0,65.0,5.3821281859434706e-14,,89,01:M; 13:M; 23:L
501,三维域：固定设计顶点 MP1,optimal,31460.0,65.0,0.0,0.0,65.0,0.0,,89,01:M; 13:M; 23:L
502,三维域：固定设计顶点 MP1,optimal,31460.0,34.7288429429,0.0,19.7449457923,54.4737887352,0.0,,89,01:M; 13:M; 23:L
503,三维域：固定设计顶点 MP1,optimal,31460.0,0.0,0.0,36.3543924172,36.3543924172,0.0,,89,01:M; 13:M; 23:L
504,三维域：固定设计顶点 MP1,optimal,31460.0,1.75952043,21.7461657396,0.0,23.505686169599997,0.0,,89,01:M; 13:M; 23:L
505,三维域：固定设计顶点 MP1,optimal,31460.0,0.0,22.261460741953183,0.0,22.261460741953183,0.0,,89,01:M; 13:M; 23:L
506,三维域：固定设计顶点 MP1,optimal,31480.0,33.6833379816,25.1228739116,6.1937881069,65.0000000001,0.0,,89,01:M; 12:H; 13:M
507,三维域：固定设计顶点 MP1,optimal,31480.0,29.7812072889,25.1228739116,10.0959187995,65.0,0.0,,89,01:M; 12:H; 13:M
508,三维域：固定设计顶点 MP1,optimal,31480.0,39.8771260884,25.1228739116,0.0,65.0,0.0,,89,01:M; 12:H; 13:M
509,三维域：固定设计顶点 MP1,optimal,31480.0,54.9040812005,0.0,10.0959187995,65.0,0.0,,89,01:M; 12:H; 13:M
510,三维域：固定设计顶点 MP1,optimal,31480.0,65.0,0.0,0.0,65.0,0.0,,89,01:M; 12:H; 13:M
511,三维域：固定设计顶点 MP1,optimal,31480.0,0.0,41.3060600814,16.5993202043,57.9053802857,0.0,,89,01:M; 12:H; 13:M
512,三维域：固定设计顶点 MP1,optimal,31480.0,0.0,46.8561864493,8.616048995,55.4722354443,0.0,,89,01:M; 12:H; 13:M
513,三维域：固定设计顶点 MP1,optimal,31480.0,0.0,52.8462323165,0.0,52.8462323165,0.0,,89,01:M; 12:H; 13:M
514,三维域：固定设计顶点 MP1,optimal,31480.0,0.0,0.0,36.3543924172,36.3543924172,0.0,,89,01:M; 12:H; 13:M
515,三维域：固定设计顶点 MP1,optimal,31900.0,84.9361450275,15.063854972499998,0.0,100.0,0.0,,89,01:H; 12:L; 23:H
516,三维域：固定设计顶点 MP1,optimal,31900.0,87.0352825114,4.9430680863,8.0216494023,100.0,0.0,,89,01:H; 12:L; 23:H
517,三维域：固定设计顶点 MP1,optimal,31900.0,88.0605169742,0.0,11.9394830258,100.0,0.0,,89,01:H; 12:L; 23:H
518,三维域：固定设计顶点 MP1,optimal,31900.0,100.0,0.0,0.0,100.0,0.0,,89,01:H; 12:L; 23:H
519,三维域：固定设计顶点 MP1,optimal,31900.0,87.1552298995,0.0,12.140368896482958,99.29559879598295,0.0,,89,01:H; 12:L; 23:H
520,三维域：固定设计顶点 MP1,optimal,31900.0,9.593428296,35.0,0.0,44.593428296,0.0,,89,01:H; 12:L; 23:H
521,三维域：固定设计顶点 MP1,optimal,31900.0,1.7436334553,24.2065320938,10.7934679062,36.7436334553,0.0,,89,01:H; 12:L; 23:H
522,三维域：固定设计顶点 MP1,optimal,31900.0,0.0,21.8090360929,13.1909639071,35.0,0.0,,89,01:H; 12:L; 23:H
523,三维域：固定设计顶点 MP1,optimal,31900.0,0.0,35.0,0.0,35.0,0.0,,89,01:H; 12:L; 23:H
524,三维域：固定设计顶点 MP1,optimal,31900.0,0.0,0.0,31.480371344096838,31.480371344096838,0.0,,89,01:H; 12:L; 23:H
525,三维域：固定设计顶点 MP1,optimal,31900.0,88.7021087706,0.0,11.2978912294,100.0,0.0,,89,01:H; 13:L; 23:H
526,三维域：固定设计顶点 MP1,cut,31900.0,88.7021087706,11.2978912294,0.0,100.0,0.0023076813183965025,90.0,90,01:H; 13:L; 23:H
527,三维域：固定设计顶点 MP1,optimal,31900.0,90.5556795881,9.4443204119,0.0,100.0,0.0,,90,01:H; 13:L; 23:H
528,三维域：固定设计顶点 MP1,optimal,31900.0,100.0,0.0,0.0,100.0,0.0,,90,01:H; 13:L; 23:H
529,三维域：固定设计顶点 MP1,optimal,31900.0,8.662777966039474,0.0,28.307260536,36.97003850203947,0.0,,90,01:H; 13:L; 23:H
530,三维域：固定设计顶点 MP1,optimal,31900.0,1.9015854072,0.0,29.7440994005,31.6456848077,0.0,,90,01:H; 13:L; 23:H
531,三维域：固定设计顶点 MP1,optimal,31900.0,0.0,0.0,30.1482103311,30.1482103311,0.0,,90,01:H; 13:L; 23:H
532,三维域：固定设计顶点 MP1,optimal,31900.0,0.0,26.112415247368883,0.0,26.112415247368883,0.0,,90,01:H; 13:L; 23:H
533,三维域：固定设计顶点 MP1,optimal,32220.0,23.7143169476,30.627244853194274,11.2856830524,65.62724485319427,0.0,,90,01:L; 13:M; 02:L
534,三维域：固定设计顶点 MP1,optimal,32220.0,35.0,30.627244853194252,0.0,65.62724485319426,0.0,,90,01:L; 13:M; 02:L
535,三维域：固定设计顶点 MP1,optimal,32220.0,0.0,30.627244853194274,26.1128667494,56.74011160259427,0.0,,90,01:L; 13:M; 02:L
536,三维域：固定设计顶点 MP1,optimal,32220.0,23.7143169476,0.0,11.2856830524,35.0,0.0,,90,01:L; 13:M; 02:L
537,三维域：固定设计顶点 MP1,optimal,32220.0,35.0,0.0,0.0,35.0,0.0,,90,01:L; 13:M; 02:L
538,三维域：固定设计顶点 MP1,optimal,32220.0,0.0,30.627244853194274,0.0,30.627244853194274,0.0,,90,01:L; 13:M; 02:L
539,三维域：固定设计顶点 MP1,optimal,32220.0,0.0,0.0,26.1128667494,26.1128667494,0.0,,90,01:L; 13:M; 02:L
540,三维域：固定设计顶点 MP1,cut,32220.0,0.0,0.0,30.627244853194252,30.627244853194252,0.02745214080632572,91.0,91,12:L; 13:M; 02:L
541,三维域：固定设计顶点 MP1,optimal,32220.0,0.0,30.627244853194252,0.0,30.627244853194252,0.0,,91,12:L; 13:M; 02:L
542,三维域：固定设计顶点 MP1,optimal,32220.0,19.1420280332,0.0,0.0,19.1420280332,-6.399736748060637e-14,,91,12:L; 13:M; 02:L
543,三维域：固定设计顶点 MP1,optimal,32220.0,0.0,0.0,15.0166963949,15.0166963949,-4.293617889466928e-14,,91,12:L; 13:M; 02:L
544,三维域：固定设计顶点 MP1,optimal,32360.0,63.770248456,27.4171092766,8.8126422675,100.00000000009999,1.4034839567325994e-13,,91,01:H; 12:M; 13:M
545,三维域：固定设计顶点 MP1,optimal,32360.0,52.020058766,27.4171092766,20.5628319574,100.0,0.0,,91,01:H; 12:M; 13:M
546,三维域：固定设计顶点 MP1,optimal,32360.0,72.5828907234,27.4171092766,0.0,100.0,0.0,,91,01:H; 12:M; 13:M
547,三维域：固定设计顶点 MP1,optimal,32360.0,79.4371680426,0.0,20.5628319574,100.0,0.0,,91,01:H; 12:M; 13:M
548,三维域：固定设计顶点 MP1,optimal,32360.0,100.0,0.0,0.0,100.0,0.0,,91,01:H; 12:M; 13:M
549,三维域：固定设计顶点 MP1,optimal,32360.0,35.2681791386,32.5290897904,24.3968173428,92.19408627179999,0.0,,91,01:H; 12:M; 13:M
550,三维域：固定设计顶点 MP1,optimal,32360.0,42.592951568925116,39.2849866329,0.0,81.87793820182512,0.0,,91,01:H; 12:M; 13:M
551,三维域：固定设计顶点 MP1,optimal,32360.0,0.0,43.2914787594,32.4686090695,75.7600878289,0.0,,91,01:H; 12:M; 13:M
552,三维域：固定设计顶点 MP1,optimal,32360.0,37.33114957240207,0.0,34.4318404319,71.76299000430207,0.0,,91,01:H; 12:M; 13:M
553,三维域：固定设计顶点 MP1,optimal,32360.0,0.0,56.1402367506,0.0,56.1402367506,0.0,,91,01:H; 12:M; 13:M
554,三维域：固定设计顶点 MP1,optimal,32360.0,0.0,0.0,46.7280880609,46.7280880609,0.0,,91,01:H; 12:M; 13:M
555,三维域：固定设计顶点 MP1,optimal,32800.0,32.6966195002,13.461225066099994,18.8421554337,65.0,0.0,,91,01:M; 12:M; 13:H
556,三维域：固定设计顶点 MP1,optimal,32800.0,46.1578445663,0.0,18.8421554337,65.0,0.0,,91,01:M; 12:M; 13:H
557,三维域：固定设计顶点 MP1,optimal,32800.0,51.5387749339,13.461225066099997,0.0,65.0,0.0,,91,01:M; 12:M; 13:H
558,三维域：固定设计顶点 MP1,optimal,32800.0,65.0,0.0,0.0,65.0,0.0,,91,01:M; 12:M; 13:H
559,三维域：固定设计顶点 MP1,optimal,32800.0,0.0,23.6220264903,33.0645905261,56.6866170164,0.0,,91,01:M; 12:M; 13:H
560,三维域：固定设计顶点 MP1,optimal,32800.0,0.0,10.7566866388,41.1839523512,51.94063899,0.0,,91,01:M; 12:M; 13:H
561,三维域：固定设计顶点 MP1,optimal,32800.0,0.0,0.0,47.9725356195,47.9725356195,0.0,,91,01:M; 12:M; 13:H
562,三维域：固定设计顶点 MP1,optimal,32800.0,0.0,41.8075512797,0.0,41.8075512797,0.0,,91,01:M; 12:M; 13:H
563,三维域：固定设计顶点 MP1,cut,32840.0,0.0,0.0,65.0,65.0,0.07017543859649122,92.0,92,01:M; 12:H; 23:L
564,三维域：固定设计顶点 MP1,cut,32840.0,0.0,30.0,35.0,65.0,0.04250678538964301,93.0,93,01:M; 12:H; 23:L
565,三维域：固定设计顶点 MP1,optimal,32840.0,39.8771260884,25.1228739116,0.0,65.0,0.0,,93,01:M; 12:H; 23:L
566,三维域：固定设计顶点 MP1,optimal,32840.0,58.7495645977,0.0,6.2504354023,65.0,-5.766421624346905e-14,,93,01:M; 12:H; 23:L
567,三维域：固定设计顶点 MP1,optimal,32840.0,65.0,0.0,0.0,65.0,0.0,,93,01:M; 12:H; 23:L
568,三维域：固定设计顶点 MP1,optimal,32840.0,4.0579962673,50.0250339013,0.0,54.0830301686,0.0,,93,01:M; 12:H; 23:L
569,三维域：固定设计顶点 MP1,optimal,32840.0,0.0,52.8462323165,0.0,52.8462323165,0.0,,93,01:M; 12:H; 23:L
570,三维域：固定设计顶点 MP1,optimal,32840.0,0.0,45.7238633976,3.7090882809,49.4329516785,0.0,,93,01:M; 12:H; 23:L
571,三维域：固定设计顶点 MP1,optimal,32840.0,18.0024099866,0.0,21.002811650983872,39.00522163758387,0.0,,93,01:M; 12:H; 23:L
572,三维域：固定设计顶点 MP1,optimal,32840.0,0.0,0.0,27.5205262752,27.5205262752,0.0,,93,01:M; 12:H; 23:L
573,三维域：固定设计顶点 MP1,optimal,33000.0,28.7992772669,100.0,6.2007227331,135.0,0.0,,93,01:L; 13:L; 02:H
574,三维域：固定设计顶点 MP1,optimal,33000.0,35.0,100.0,0.0,135.0,0.0,,93,01:L; 13:L; 02:H
575,三维域：固定设计顶点 MP1,optimal,33000.0,0.7829613654,100.0,19.5998303382,120.38279170359999,0.0,,93,01:L; 13:L; 02:H
576,三维域：固定设计顶点 MP1,optimal,33000.0,0.0,100.0,19.9742901216,119.9742901216,0.0,,93,01:L; 13:L; 02:H
577,三维域：固定设计顶点 MP1,optimal,33000.0,0.0,100.0,0.0,100.0,0.0,,93,01:L; 13:L; 02:H
578,三维域：固定设计顶点 MP1,optimal,33000.0,28.7992772669,0.0,6.2007227331,35.0,0.0,,93,01:L; 13:L; 02:H
579,三维域：固定设计顶点 MP1,optimal,33000.0,35.0,0.0,0.0,35.0,0.0,,93,01:L; 13:L; 02:H
580,三维域：固定设计顶点 MP1,optimal,33000.0,5.9937725132,0.0,17.1077032675,23.1014757807,0.0,,93,01:L; 13:L; 02:H
581,三维域：固定设计顶点 MP1,optimal,33000.0,0.0,0.0,19.9742901216,19.9742901216,0.0,,93,01:L; 13:L; 02:H
582,三维域：固定设计顶点 MP1,optimal,33000.0,0.0,99.151576926,0.8484230739999994,100.0,0.0,,93,12:L; 13:L; 02:H
583,三维域：固定设计顶点 MP1,optimal,33000.0,0.0,100.0,0.0,100.0,0.0,,93,12:L; 13:L; 02:H
584,三维域：固定设计顶点 MP1,optimal,33000.0,1.9796538394,98.0203461606,0.0,100.0,0.0,,93,12:L; 13:L; 02:H
585,三维域：固定设计顶点 MP1,optimal,33000.0,34.2435513413,0.0,0.0,34.2435513413,0.0,,93,12:L; 13:L; 02:H
586,三维域：固定设计顶点 MP1,optimal,33000.0,0.0,0.0,18.0756278378,18.0756278378,0.0,,93,12:L; 13:L; 02:H
587,三维域：固定设计顶点 MP1,optimal,33200.0,13.9373707859,0.0,21.0626292141,35.0,0.0,,93,01:L; 13:H; 23:H
588,三维域：固定设计顶点 MP1,cut,33200.0,13.9373707859,21.0626292141,0.0,35.0,0.004457695515482291,94.0,94,01:L; 13:H; 23:H
589,三维域：固定设计顶点 MP1,optimal,33200.0,22.3624224716,12.6375775284,0.0,35.0,0.0,,94,01:L; 13:H; 23:H
590,三维域：固定设计顶点 MP1,optimal,33200.0,35.0,0.0,0.0,35.0,0.0,,94,01:L; 13:H; 23:H
591,三维域：固定设计顶点 MP1,optimal,33200.0,9.6266970723,0.0,24.3254295827,33.952126655,0.0,,94,01:L; 13:H; 23:H
592,三维域：固定设计顶点 MP1,optimal,33200.0,0.0,0.0,31.6119914619,31.6119914619,0.0,,94,01:L; 13:H; 23:H
593,三维域：固定设计顶点 MP1,optimal,33200.0,12.5791103895,19.0099798625,0.0,31.589090252,0.0,,94,01:L; 13:H; 23:H
594,三维域：固定设计顶点 MP1,optimal,33200.0,0.0,27.2034374292,0.0,27.2034374292,0.0,,94,01:L; 13:H; 23:H
595,三维域：固定设计顶点 MP1,cut,33580.0,30.627244853194252,0.0,35.0,65.62724485319426,0.02830807085987721,95.0,95,01:L; 02:L; 23:L
596,三维域：固定设计顶点 MP1,optimal,33580.0,35.0,30.627244853194252,0.0,65.62724485319426,0.0,,95,01:L; 02:L; 23:L
597,三维域：固定设计顶点 MP1,cut,33580.0,45.6529547316,0.0,19.9742901216,65.6272448532,0.018689394265964904,96.0,96,01:L; 02:L; 23:L
598,三维域：固定设计顶点 MP1,optimal,33580.0,35.0,0.0,19.9742901216,54.9742901216,0.0,,96,01:L; 02:L; 23:L
599,三维域：固定设计顶点 MP1,optimal,33580.0,35.0,0.0,0.0,35.0,0.0,,96,01:L; 02:L; 23:L
600,三维域：固定设计顶点 MP1,optimal,33580.0,0.0,30.627244853194252,0.0,30.627244853194252,0.0,,96,01:L; 02:L; 23:L
601,三维域：固定设计顶点 MP1,optimal,33580.0,0.0,0.0,19.9742901216,19.9742901216,0.0,,96,01:L; 02:L; 23:L
602,三维域：固定设计顶点 MP1,cut,33580.0,0.0,0.0,30.627244853194252,30.627244853194252,0.02006990683629168,97.0,97,12:L; 02:L; 23:L
603,三维域：固定设计顶点 MP1,optimal,33580.0,0.0,30.627244853194252,0.0,30.627244853194252,0.0,,97,12:L; 02:L; 23:L
604,三维域：固定设计顶点 MP1,cut,33580.0,30.627244853194252,0.0,0.0,30.627244853194252,0.020009486491724602,98.0,98,12:L; 02:L; 23:L
605,三维域：固定设计顶点 MP1,optimal,33580.0,11.2393559095,0.0,12.6442753981,23.883631307599998,1.151721027146527e-13,,98,12:L; 02:L; 23:L
606,三维域：固定设计顶点 MP1,optimal,33580.0,0.0,0.0,19.9742901216,19.9742901216,0.0,,98,12:L; 02:L; 23:L
607,三维域：固定设计顶点 MP1,optimal,33580.0,19.1420280332,0.0,0.0,19.1420280332,0.0,,98,12:L; 02:L; 23:L
608,三维域：固定设计顶点 MP1,cut,33580.0,0.0,0.0,30.627244853194252,30.627244853194252,0.016911522398566144,99.0,99,13:L; 02:L; 23:L
609,三维域：固定设计顶点 MP1,optimal,33580.0,0.0,30.627244853194252,0.0,30.627244853194252,0.0,,99,13:L; 02:L; 23:L
610,三维域：固定设计顶点 MP1,optimal,33580.0,0.0,0.0,19.9742901216,19.9742901216,-7.68445735893533e-14,,99,13:L; 02:L; 23:L
611,三维域：固定设计顶点 MP1,cut,33580.0,19.9742901216,0.0,0.0,19.9742901216,0.011938233021205563,100.0,100,13:L; 02:L; 23:L
612,三维域：固定设计顶点 MP1,optimal,33580.0,0.0,28.4281560511,1.4341883492,29.8623444003,0.0,,100,13:L; 02:L; 23:L
613,三维域：固定设计顶点 MP1,optimal,33580.0,13.1259620799,0.0,0.0,13.1259620799,-7.039136060298052e-14,,100,13:L; 02:L; 23:L
614,三维域：固定设计顶点 MP1,cut,33600.0,0.0,0.0,30.627244853194252,30.627244853194252,0.02929096049735523,101.0,101,12:H; 13:L; 02:L
615,三维域：固定设计顶点 MP1,optimal,33600.0,0.0,30.627244853194252,0.0,30.627244853194252,0.0,,101,12:H; 13:L; 02:L
616,三维域：固定设计顶点 MP1,optimal,33600.0,26.0294825539732,0.0,0.0,26.0294825539732,0.0,,101,12:H; 13:L; 02:L
617,三维域：固定设计顶点 MP1,optimal,33600.0,0.0,0.0,15.4946250953,15.4946250953,-5.674859137179734e-14,,101,12:H; 13:L; 02:L
618,三维域：固定设计顶点 MP1,optimal,33720.0,72.5828907234,27.4171092766,0.0,100.0,0.0,,101,01:H; 12:M; 23:L
619,三维域：固定设计顶点 MP1,optimal,33720.0,87.5559352385,3.1890503142,9.2550144473,100.0,0.0,,101,01:H; 12:M; 23:L
620,三维域：固定设计顶点 MP1,optimal,33720.0,89.5267820319,0.0,10.4732179681,100.0,0.0,,101,01:H; 12:M; 23:L
621,三维域：固定设计顶点 MP1,optimal,33720.0,100.0,0.0,0.0,100.0,0.0,,101,01:H; 12:M; 23:L
622,三维域：固定设计顶点 MP1,optimal,33720.0,0.0,56.1402367506,0.0,56.1402367506,0.0,,101,01:H; 12:M; 23:L
623,三维域：固定设计顶点 MP1,optimal,33720.0,0.0,0.0,28.3879404817,28.3879404817,0.0,,101,01:H; 12:M; 23:L
624,三维域：固定设计顶点 MP1,optimal,33860.0,54.9040812005,0.0,10.0959187995,65.0,0.0,,101,01:M; 13:M; 23:M
625,三维域：固定设计顶点 MP1,cut,33860.0,54.9040812005,10.0959187995,0.0,65.0,0.0040638470069322115,102.0,102,01:M; 13:M; 23:M
626,三维域：固定设计顶点 MP1,optimal,33860.0,58.9424487203,6.0575512797,0.0,65.0,0.0,,102,01:M; 13:M; 23:M
627,三维域：固定设计顶点 MP1,optimal,33860.0,65.0,0.0,0.0,65.0,0.0,,102,01:M; 13:M; 23:M
628,三维域：固定设计顶点 MP1,optimal,33860.0,50.0678195652,9.206613237980234,0.0,59.27443280318023,0.0,,102,01:M; 13:M; 23:M
629,三维域：固定设计顶点 MP1,optimal,33860.0,0.0,0.0,36.3543924172,36.3543924172,0.0,,102,01:M; 13:M; 23:M
630,三维域：固定设计顶点 MP1,optimal,33860.0,0.0,26.9726137289,0.0,26.9726137289,0.0,,102,01:M; 13:M; 23:M
631,三维域：固定设计顶点 MP1,cut,34140.0,0.0,30.0,35.0,65.0,0.052400663998831816,103.0,103,12:M; 13:L; 02:M
632,三维域：固定设计顶点 MP1,optimal,34140.0,0.0,55.7434017063,0.0,55.7434017063,0.0,,103,12:M; 13:L; 02:M
633,三维域：固定设计顶点 MP1,optimal,34140.0,34.8396260664,0.0,0.0,34.8396260664,-4.2463195293685716e-14,,103,12:M; 13:L; 02:M
634,三维域：固定设计顶点 MP1,optimal,34140.0,10.7917148544,0.0,12.5903339967,23.382048851100002,-4.478695985256238e-14,,103,12:M; 13:L; 02:M
635,三维域：固定设计顶点 MP1,optimal,34140.0,0.0,0.0,18.2403587833,18.2403587833,-6.949866276881988e-14,,103,12:M; 13:L; 02:M
636,三维域：固定设计顶点 MP1,cut,34800.0,0.0,0.0,65.0,65.0,0.04650261685296223,104.0,104,01:M; 12:M; 23:H
637,三维域：固定设计顶点 MP1,optimal,34800.0,51.5387749339,13.461225066099997,0.0,65.0,0.0,,104,01:M; 12:M; 23:H
638,三维域：固定设计顶点 MP1,optimal,34800.0,55.8816612894,0.0,9.1183387106,65.0,0.0,,104,01:M; 12:M; 23:H
639,三维域：固定设计顶点 MP1,optimal,34800.0,65.0,0.0,0.0,65.0,0.0,,104,01:M; 12:M; 23:H
640,三维域：固定设计顶点 MP1,optimal,34800.0,0.0,41.8075512797,0.0,41.8075512797,0.0,,104,01:M; 12:M; 23:H
641,三维域：固定设计顶点 MP1,optimal,34800.0,0.0,0.0,34.4286003041,34.4286003041,0.0,,104,01:M; 12:M; 23:H
642,三维域：固定设计顶点 MP1,cut,35240.0,0.0,0.0,65.0,65.0,0.04864335290968942,105.0,105,01:M; 12:H; 23:M
643,三维域：固定设计顶点 MP1,optimal,35240.0,39.8771260884,25.1228739116,0.0,65.0,0.0,,105,01:M; 12:H; 23:M
644,三维域：固定设计顶点 MP1,optimal,35240.0,55.5515661783,0.0,9.4484338217,65.0,0.0,,105,01:M; 12:H; 23:M
645,三维域：固定设计顶点 MP1,optimal,35240.0,65.0,0.0,0.0,65.0,0.0,,105,01:M; 12:H; 23:M
646,三维域：固定设计顶点 MP1,optimal,35240.0,0.0,52.8462323165,0.0,52.8462323165,0.0,,105,01:M; 12:H; 23:M
647,三维域：固定设计顶点 MP1,optimal,35240.0,0.0,0.0,35.099450575,35.099450575,0.0,,105,01:M; 12:H; 23:M
648,三维域：固定设计顶点 MP1,optimal,35860.0,65.0,55.7434017063,0.0,120.7434017063,0.0,,105,01:M; 13:L; 02:M
649,三维域：固定设计顶点 MP1,optimal,35860.0,59.4529725918,55.7434017063,5.5470274082,120.74340170629999,0.0,,105,01:M; 13:L; 02:M
650,三维域：固定设计顶点 MP1,optimal,35860.0,3.3915848961,55.7434017063,24.3247954743,83.4597820767,0.0,,105,01:M; 13:L; 02:M
651,三维域：固定设计顶点 MP1,optimal,35860.0,0.0,55.7434017063,25.4608072138,81.2042089201,0.0,,105,01:M; 13:L; 02:M
652,三维域：固定设计顶点 MP1,optimal,35860.0,59.4529725918,0.0,5.5470274082,65.0,0.0,,105,01:M; 13:L; 02:M
653,三维域：固定设计顶点 MP1,optimal,35860.0,65.0,0.0,0.0,65.0,0.0,,105,01:M; 13:L; 02:M
654,三维域：固定设计顶点 MP1,optimal,35860.0,0.0,55.7434017063,0.0,55.7434017063,0.0,,105,01:M; 13:L; 02:M
655,三维域：固定设计顶点 MP1,optimal,35860.0,0.0,0.0,25.4608072138,25.4608072138,0.0,,105,01:M; 13:L; 02:M
656,三维域：固定设计顶点 MP1,cut,35980.0,30.627244853194252,0.0,35.0,65.62724485319426,0.019625596496491718,106.0,106,01:L; 02:L; 23:M
657,三维域：固定设计顶点 MP1,optimal,35980.0,35.0,30.627244853194252,0.0,65.62724485319426,0.0,,106,01:L; 02:L; 23:M
658,三维域：固定设计顶点 MP1,optimal,35980.0,35.0,0.0,23.686401075285836,58.686401075285836,0.0,,106,01:L; 02:L; 23:M
659,三维域：固定设计顶点 MP1,optimal,35980.0,35.0,0.0,0.0,35.0,0.0,,106,01:L; 02:L; 23:M
660,三维域：固定设计顶点 MP1,optimal,35980.0,0.0,30.627244853194256,0.0,30.627244853194256,0.0,,106,01:L; 02:L; 23:M
661,三维域：固定设计顶点 MP1,optimal,35980.0,0.0,0.0,23.686401075285836,23.686401075285836,0.0,,106,01:L; 02:L; 23:M
662,三维域：固定设计顶点 MP1,cut,35980.0,0.0,0.0,30.627244853194252,30.627244853194252,0.012040218169025962,107.0,107,12:L; 02:L; 23:M
663,三维域：固定设计顶点 MP1,optimal,35980.0,0.0,30.627244853194252,0.0,30.627244853194252,0.0,,107,12:L; 02:L; 23:M
664,三维域：固定设计顶点 MP1,optimal,35980.0,8.3966236411,0.0,17.1926470274,25.5892706685,0.0,,107,12:L; 02:L; 23:M
665,三维域：固定设计顶点 MP1,optimal,35980.0,0.0,0.0,23.686401075285836,23.686401075285836,0.0,,107,12:L; 02:L; 23:M
666,三维域：固定设计顶点 MP1,optimal,35980.0,19.1420280332,0.0,0.0,19.1420280332,0.0,,107,12:L; 02:L; 23:M
667,三维域：固定设计顶点 MP1,cut,35980.0,0.0,0.0,30.627244853194252,30.627244853194252,0.010827149416125075,108.0,108,13:L; 02:L; 23:M
668,三维域：固定设计顶点 MP1,optimal,35980.0,0.0,30.627244853194252,0.0,30.627244853194252,0.0,,108,13:L; 02:L; 23:M
669,三维域：固定设计顶点 MP1,optimal,35980.0,0.0,0.0,23.68640107528583,23.68640107528583,0.0,,108,13:L; 02:L; 23:M
670,三维域：固定设计顶点 MP1,cut,35980.0,23.68640107528583,0.0,0.0,23.68640107528583,0.015770740869609116,109.0,109,13:L; 02:L; 23:M
671,三维域：固定设计顶点 MP1,optimal,35980.0,14.632964619,0.0,0.0,14.632964619,-2.1779844286530313e-14,,109,13:L; 02:L; 23:M
672,三维域：固定设计顶点 MP1,optimal,36120.0,72.5828907234,27.4171092766,0.0,100.0,0.0,,109,01:H; 12:M; 23:M
673,三维域：固定设计顶点 MP1,optimal,36120.0,85.4850597948,0.0,14.5149402052,100.0,0.0,,109,01:H; 12:M; 23:M
674,三维域：固定设计顶点 MP1,optimal,36120.0,100.0,0.0,0.0,100.0,0.0,,109,01:H; 12:M; 23:M
675,三维域：固定设计顶点 MP1,optimal,36120.0,0.0,56.1402367506,0.0,56.1402367506,0.0,,109,01:H; 12:M; 23:M
676,三维域：固定设计顶点 MP1,optimal,36120.0,0.0,0.0,36.5227616799,36.5227616799,0.0,,109,01:H; 12:M; 23:M
677,三维域：固定设计顶点 MP1,optimal,36200.0,88.7021087706,30.627244853194274,11.2978912294,130.62724485319427,0.0,,109,01:H; 13:L; 02:L
678,三维域：固定设计顶点 MP1,optimal,36200.0,100.0,30.627244853194252,0.0,130.62724485319424,0.0,,109,01:H; 13:L; 02:L
679,三维域：固定设计顶点 MP1,optimal,36200.0,82.1248412967,30.627244853194274,12.695643688946383,125.44772983884064,0.0,,109,01:H; 13:L; 02:L
680,三维域：固定设计顶点 MP1,optimal,36200.0,88.7021087706,0.0,11.2978912294,100.0,0.0,,109,01:H; 13:L; 02:L
681,三维域：固定设计顶点 MP1,optimal,36200.0,100.0,0.0,0.0,100.0,0.0,,109,01:H; 13:L; 02:L
682,三维域：固定设计顶点 MP1,optimal,36200.0,0.0,30.627244853194274,30.1482103311,60.77545518429427,0.0,,109,01:H; 13:L; 02:L
683,三维域：固定设计顶点 MP1,optimal,36200.0,0.0,30.627244853194274,0.0,30.627244853194274,0.0,,109,01:H; 13:L; 02:L
684,三维域：固定设计顶点 MP1,optimal,36200.0,0.0,0.0,30.1482103311,30.1482103311,0.0,,109,01:H; 13:L; 02:L
685,三维域：固定设计顶点 MP1,optimal,36300.0,89.1912286097,8.0387990011,2.7699723892,100.00000000000001,0.0,,109,01:H; 13:M; 23:L
686,三维域：固定设计顶点 MP1,optimal,36300.0,79.4371680426,0.0,20.5628319574,100.0,0.0,,109,01:H; 13:M; 23:L
687,三维域：固定设计顶点 MP1,optimal,36300.0,90.7097298012,9.2902701988,0.0,100.0,0.0,,109,01:H; 13:M; 23:L
688,三维域：固定设计顶点 MP1,optimal,36300.0,100.0,0.0,0.0,100.0,0.0,,109,01:H; 13:M; 23:L
689,三维域：固定设计顶点 MP1,optimal,36300.0,0.0,0.0,46.7280880609,46.7280880609,0.0,,109,01:H; 13:M; 23:L
690,三维域：固定设计顶点 MP1,optimal,36300.0,0.0,21.6505760938,7.4602559389,29.110832032700003,0.0,,109,01:H; 13:M; 23:L
691,三维域：固定设计顶点 MP1,optimal,36300.0,2.8828562347,25.2402887044,0.0,28.1231449391,0.0,,109,01:H; 13:M; 23:L
692,三维域：固定设计顶点 MP1,optimal,36300.0,0.0,25.7638370037,0.0,25.7638370037,0.0,,109,01:H; 13:M; 23:L
693,三维域：固定设计顶点 MP1,optimal,36320.0,28.268230892,51.1689371506,20.5628319574,100.0,0.0,,109,01:H; 12:H; 13:M
694,三维域：固定设计顶点 MP1,optimal,36320.0,48.8310628494,51.1689371506,0.0,100.0,0.0,,109,01:H; 12:H; 13:M
695,三维域：固定设计顶点 MP1,optimal,36320.0,79.4371680426,0.0,20.5628319574,100.0,0.0,,109,01:H; 12:H; 13:M
696,三维域：固定设计顶点 MP1,optimal,36320.0,100.0,0.0,0.0,100.0,0.0,,109,01:H; 12:H; 13:M
697,三维域：固定设计顶点 MP1,optimal,36320.0,0.0,63.9021253444,25.6798115879,89.5819369323,0.0,,109,01:H; 12:H; 13:M
698,三维域：固定设计顶点 MP1,optimal,36320.0,0.0,68.3018164744,17.68037316974192,85.98218964414193,0.0,,109,01:H; 12:H; 13:M
699,三维域：固定设计顶点 MP1,optimal,36320.0,0.0,78.0260217178,0.0,78.0260217178,0.0,,109,01:H; 12:H; 13:M
700,三维域：固定设计顶点 MP1,optimal,36320.0,0.0,0.0,46.7280880609,46.7280880609,0.0,,109,01:H; 12:H; 13:M
701,三维域：固定设计顶点 MP1,optimal,36720.0,23.7143169475,55.7434017063,11.2856830525,90.7434017063,0.0,,109,01:L; 13:M; 02:M
702,三维域：固定设计顶点 MP1,optimal,36720.0,35.0,55.7434017063,0.0,90.7434017063,0.0,,109,01:L; 13:M; 02:M
703,三维域：固定设计顶点 MP1,optimal,36720.0,6.9611235216,55.7434017063,21.7604809135,84.4650061414,0.0,,109,01:L; 13:M; 02:M
704,三维域：固定设计顶点 MP1,optimal,36720.0,0.0,55.7434017063,26.1128667494,81.85626845569999,0.0,,109,01:L; 13:M; 02:M
705,三维域：固定设计顶点 MP1,optimal,36720.0,0.0,55.7434017063,0.0,55.7434017063,0.0,,109,01:L; 13:M; 02:M
706,三维域：固定设计顶点 MP1,optimal,36720.0,23.7143169475,0.0,11.2856830525,35.0,0.0,,109,01:L; 13:M; 02:M
707,三维域：固定设计顶点 MP1,optimal,36720.0,35.0,0.0,0.0,35.0,0.0,,109,01:L; 13:M; 02:M
708,三维域：固定设计顶点 MP1,optimal,36720.0,4.1791336011,0.0,23.4998974729,27.679031074,0.0,,109,01:L; 13:M; 02:M
709,三维域：固定设计顶点 MP1,optimal,36720.0,0.0,0.0,26.1128667494,26.1128667494,0.0,,109,01:L; 13:M; 02:M
710,三维域：固定设计顶点 MP1,cut,36720.0,0.0,30.0,35.0,65.0,0.045926912028593794,110.0,110,12:L; 13:M; 02:M
711,三维域：固定设计顶点 MP1,optimal,36720.0,0.0,55.7434017063,0.0,55.7434017063,0.0,,110,12:L; 13:M; 02:M
712,三维域：固定设计顶点 MP1,optimal,36720.0,26.645532371899765,0.0,0.0,26.645532371899765,0.0,,110,12:L; 13:M; 02:M
713,三维域：固定设计顶点 MP1,optimal,36720.0,0.0,0.0,19.2747980481,19.2747980481,0.0,,110,12:L; 13:M; 02:M
714,三维域：固定设计顶点 MP1,cut,36740.0,0.0,11.1578445663,53.8421554337,65.0,0.02385074162181817,111.0,111,01:M; 13:H; 23:L
715,三维域：固定设计顶点 MP1,optimal,36740.0,46.1578445663,0.0,18.8421554337,65.0,8.875551365985814e-15,,111,01:M; 13:H; 23:L
716,三维域：固定设计顶点 MP1,cut,36740.0,46.1578445663,18.8421554337,0.0,65.0,0.014066249018968621,112.0,112,01:M; 13:H; 23:L
717,三维域：固定设计顶点 MP1,optimal,36740.0,59.2282266172,5.7717733828,0.0,65.0,-5.262471068429415e-14,,112,01:M; 13:H; 23:L
718,三维域：固定设计顶点 MP1,optimal,36740.0,65.0,0.0,0.0,65.0,0.0,,112,01:M; 13:H; 23:L
719,三维域：固定设计顶点 MP1,optimal,36740.0,40.7360874073,0.0,22.2638456968,62.999933104099995,0.0,,112,01:M; 13:H; 23:L
720,三维域：固定设计顶点 MP1,optimal,36740.0,34.7544965,14.187179475694327,0.0,48.94167597569433,0.0,,112,01:M; 13:H; 23:L
721,三维域：固定设计顶点 MP1,optimal,36740.0,0.0,0.0,47.9725356195,47.9725356195,0.0,,112,01:M; 13:H; 23:L
722,三维域：固定设计顶点 MP1,optimal,36740.0,0.0,17.2665211767,16.2819279819,33.5484491586,0.0,,112,01:M; 13:H; 23:L
723,三维域：固定设计顶点 MP1,optimal,36740.0,0.0,26.1376749743,0.0,26.1376749743,0.0,,112,01:M; 13:H; 23:L
724,三维域：固定设计顶点 MP1,optimal,36760.0,21.0349706547,25.1228739116,18.8421554337,65.0,0.0,,112,01:M; 12:H; 13:H
725,三维域：固定设计顶点 MP1,optimal,36760.0,39.8771260884,25.1228739116,0.0,65.0,0.0,,112,01:M; 12:H; 13:H
726,三维域：固定设计顶点 MP1,optimal,36760.0,46.1578445663,0.0,18.8421554337,65.0,0.0,,112,01:M; 12:H; 13:H
727,三维域：固定设计顶点 MP1,optimal,36760.0,65.0,0.0,0.0,65.0,0.0,,112,01:M; 12:H; 13:H
728,三维域：固定设计顶点 MP1,optimal,36760.0,0.0,34.7349300153,26.0511975115,60.7861275268,0.0,,112,01:M; 12:H; 13:H
729,三维域：固定设计顶点 MP1,optimal,36760.0,0.0,21.624960743782253,34.3249458352,55.94990657898225,0.0,,112,01:M; 12:H; 13:H
730,三维域：固定设计顶点 MP1,optimal,36760.0,0.0,52.8462323165,0.0,52.8462323165,0.0,,112,01:M; 12:H; 13:H
731,三维域：固定设计顶点 MP1,optimal,36760.0,0.0,0.0,47.9725356195,47.9725356195,0.0,,112,01:M; 12:H; 13:H
732,三维域：固定设计顶点 MP1,optimal,37380.0,54.9040812005,0.0,10.0959187995,65.0,0.0,,112,01:M; 13:M; 23:H
733,三维域：固定设计顶点 MP1,cut,37380.0,54.9040812005,10.0959187995,0.0,65.0,0.0023664995550690773,113.0,113,01:M; 13:M; 23:H
734,三维域：固定设计顶点 MP1,optimal,37380.0,57.5612717593,7.4387282407,0.0,65.0,0.0,,113,01:M; 13:M; 23:H
735,三维域：固定设计顶点 MP1,optimal,37380.0,65.0,0.0,0.0,65.0,0.0,,113,01:M; 13:M; 23:H
736,三维域：固定设计顶点 MP1,optimal,37380.0,52.2022654643,9.5991012280795,0.0,61.801366692379496,0.0,,113,01:M; 13:M; 23:H
737,三维域：固定设计顶点 MP1,optimal,37380.0,34.7188852889,0.0,19.74970814855166,54.46859343745166,0.0,,113,01:M; 13:M; 23:H
738,三维域：固定设计顶点 MP1,optimal,37380.0,0.0,0.0,36.3543924172,36.3543924172,0.0,,113,01:M; 13:M; 23:H
739,三维域：固定设计顶点 MP1,optimal,37380.0,0.0,30.6433691354,0.0,30.6433691354,0.0,,113,01:M; 13:M; 23:H
740,三维域：固定设计顶点 MP1,cut,37500.0,0.3217681255,30.627244853194274,34.6782318745,65.62724485319427,0.006197411223067412,114.0,114,01:L; 13:H; 02:L
741,三维域：固定设计顶点 MP1,optimal,37500.0,13.937370786,30.627244853194274,21.062629214,65.62724485319427,0.0,,114,01:L; 13:H; 02:L
742,三维域：固定设计顶点 MP1,optimal,37500.0,35.0,30.627244853194252,0.0,65.62724485319426,0.0,,114,01:L; 13:H; 02:L
743,三维域：固定设计顶点 MP1,optimal,37500.0,13.7419374448,30.627244853194274,21.2105550419,65.57973733989428,0.0,,114,01:L; 13:H; 02:L
744,三维域：固定设计顶点 MP1,cut,37500.0,13.7419374448,30.5644799379,21.2580625552,65.56447993789999,7.97700355678367e-05,115.0,115,01:L; 13:H; 02:L
745,三维域：固定设计顶点 MP1,optimal,37500.0,0.0,30.627244853194274,31.6119914619,62.239236315094274,0.0,,115,01:L; 13:H; 02:L
746,三维域：固定设计顶点 MP1,optimal,37500.0,13.9373707859,0.0,21.0626292141,35.0,0.0,,115,01:L; 13:H; 02:L
747,三维域：固定设计顶点 MP1,optimal,37500.0,35.0,0.0,0.0,35.0,0.0,,115,01:L; 13:H; 02:L
748,三维域：固定设计顶点 MP1,optimal,37500.0,0.0,0.0,31.6119914619,31.6119914619,0.0,,115,01:L; 13:H; 02:L
749,三维域：固定设计顶点 MP1,optimal,37500.0,0.0,30.627244853194274,0.0,30.627244853194274,0.0,,115,01:L; 13:H; 02:L
750,三维域：固定设计顶点 MP1,cut,37500.0,0.0,0.0,30.627244853194252,30.627244853194252,0.023228779039523775,116.0,116,12:L; 13:H; 02:L
751,三维域：固定设计顶点 MP1,optimal,37500.0,0.0,30.627244853194252,0.0,30.627244853194252,0.0,,116,12:L; 13:H; 02:L
752,三维域：固定设计顶点 MP1,optimal,37500.0,19.1420280332,0.0,0.0,19.1420280332,-6.737541643726627e-14,,116,12:L; 13:H; 02:L
753,三维域：固定设计顶点 MP1,optimal,37500.0,0.0,0.0,16.68590804287511,16.68590804287511,0.0,,116,12:L; 13:H; 02:L
754,三维域：固定设计顶点 MP1,optimal,37640.0,34.2061878605,27.4171092766,38.3767028629,100.0,0.0,,116,01:H; 12:M; 13:H
755,三维域：固定设计顶点 MP1,optimal,37640.0,61.6232971371,0.0,38.3767028629,100.0,0.0,,116,01:H; 12:M; 13:H
756,三维域：固定设计顶点 MP1,optimal,37640.0,72.5828907234,27.4171092766,0.0,100.0,0.0,,116,01:H; 12:M; 13:H
757,三维域：固定设计顶点 MP1,optimal,37640.0,100.0,0.0,0.0,100.0,0.0,,116,01:H; 12:M; 13:H
758,三维域：固定设计顶点 MP1,optimal,37640.0,0.0,36.128244652162785,50.569988834,86.69823348616279,0.0,,116,01:H; 12:M; 13:H
759,三维域：固定设计顶点 MP1,optimal,37640.0,0.0,0.0,67.8487145372,67.8487145372,0.0,,116,01:H; 12:M; 13:H
760,三维域：固定设计顶点 MP1,optimal,37640.0,0.0,56.1402367506,0.0,56.1402367506,0.0,,116,01:H; 12:M; 13:H
761,三维域：固定设计顶点 MP1,optimal,37680.0,48.8310628494,51.1689371506,0.0,100.0,0.0,,116,01:H; 12:H; 23:L
762,三维域：固定设计顶点 MP1,optimal,37680.0,87.2694446745,0.0,12.7305553255,100.0,0.0,,116,01:H; 12:H; 23:L
763,三维域：固定设计顶点 MP1,optimal,37680.0,100.0,0.0,0.0,100.0,0.0,,116,01:H; 12:H; 23:L
764,三维域：固定设计顶点 MP1,optimal,37680.0,0.0,78.0260217178,0.0,78.0260217178,0.0,,116,01:H; 12:H; 23:L
765,三维域：固定设计顶点 MP1,optimal,37680.0,0.0,0.0,33.0798023264,33.0798023264,0.0,,116,01:H; 12:H; 23:L
766,三维域：固定设计顶点 MP1,cut,38080.0,25.7434017063,65.0,0.0,90.7434017063,0.01358294576995603,117.0,117,01:L; 02:M; 23:L
767,三维域：固定设计顶点 MP1,optimal,38080.0,35.0,55.7434017063,0.0,90.7434017063,-8.528763212159448e-15,,117,01:L; 02:M; 23:L
768,三维域：固定设计顶点 MP1,cut,38080.0,31.6763390772,52.3194120352,3.4239896711,87.4197407835,0.0032781625892546115,118.0,118,01:L; 02:M; 23:L
769,三维域：固定设计顶点 MP1,optimal,38080.0,35.0,0.0,28.2861166293,63.2861166293,-7.148867234643153e-14,,118,01:L; 02:M; 23:L
770,三维域：固定设计顶点 MP1,optimal,38080.0,0.0,55.7434017063,0.0,55.7434017063,0.0,,118,01:L; 02:M; 23:L
771,三维域：固定设计顶点 MP1,optimal,38080.0,35.0,0.0,0.0,35.0,0.0,,118,01:L; 02:M; 23:L
772,三维域：固定设计顶点 MP1,optimal,38080.0,0.0,13.3726082954,21.500395874886827,34.873004170286826,0.0,,118,01:L; 02:M; 23:L
773,三维域：固定设计顶点 MP1,optimal,38080.0,0.0,0.0,28.2861166293,28.2861166293,0.0,,118,01:L; 02:M; 23:L
774,三维域：固定设计顶点 MP1,optimal,38080.0,0.0,55.7434017063,0.0,55.7434017063,0.0,,118,12:L; 02:M; 23:L
775,三维域：固定设计顶点 MP1,cut,38080.0,35.0,20.7434017063,0.0,55.7434017063,0.031743231989055785,119.0,119,12:L; 02:M; 23:L
776,三维域：固定设计顶点 MP1,optimal,38080.0,17.327567682,0.0,19.4935136422,36.8210813242,0.0,,119,12:L; 02:M; 23:L
777,三维域：固定设计顶点 MP1,optimal,38080.0,23.2965400436,0.0,7.0062111,30.3027511436,5.195960834993604e-14,,119,12:L; 02:M; 23:L
778,三维域：固定设计顶点 MP1,optimal,38080.0,0.0,0.0,28.2861166293,28.2861166293,0.0,,119,12:L; 02:M; 23:L
779,三维域：固定设计顶点 MP1,optimal,38080.0,26.645532371899794,0.0,0.0,26.645532371899794,0.0,,119,12:L; 02:M; 23:L
780,三维域：固定设计顶点 MP1,cut,38080.0,0.0,39.536019974,25.463980026,65.0,0.02632599533534993,120.0,120,13:L; 02:M; 23:L
781,三维域：固定设计顶点 MP1,optimal,38080.0,0.0,55.7434017063,0.0,55.7434017063,0.0,,120,13:L; 02:M; 23:L
782,三维域：固定设计顶点 MP1,cut,38080.0,19.7123525623,16.8963021962,0.0,36.6086547585,0.014578988762383947,121.0,121,13:L; 02:M; 23:L
783,三维域：固定设计顶点 MP1,optimal,38080.0,0.0,53.7737174933,0.9994854218906761,54.77320291519067,0.0,,121,13:L; 02:M; 23:L
784,三维域：固定设计顶点 MP1,optimal,38080.0,0.0,12.8882700431,21.7461657396,34.634435782699995,6.113414331050156e-14,,121,13:L; 02:M; 23:L
785,三维域：固定设计顶点 MP1,optimal,38080.0,0.0,4.843429503,25.8283941436,30.6718236466,4.997706762949467e-14,,121,13:L; 02:M; 23:L
786,三维域：固定设计顶点 MP1,optimal,38080.0,0.0,0.0,28.2861166293,28.2861166293,-3.681602293279075e-14,,121,13:L; 02:M; 23:L
787,三维域：固定设计顶点 MP1,optimal,38080.0,16.2671543589,0.0,0.0,16.2671543589,2.1092573732706475e-14,,121,13:L; 02:M; 23:L
788,三维域：固定设计顶点 MP1,cut,38100.0,0.0,30.0,35.0,65.0,0.05137333823135394,122.0,122,12:H; 13:L; 02:M
789,三维域：固定设计顶点 MP1,optimal,38100.0,0.0,55.7434017063,0.0,55.7434017063,0.0,,122,12:H; 13:L; 02:M
790,三维域：固定设计顶点 MP1,optimal,38100.0,42.182257463566096,0.0,0.0,42.182257463566096,0.0,,122,12:H; 13:L; 02:M
791,三维域：固定设计顶点 MP1,optimal,38100.0,0.0,0.0,20.06936615958103,20.06936615958103,0.0,,122,12:H; 13:L; 02:M
792,三维域：固定设计顶点 MP1,optimal,38700.0,79.4371680426,0.0,20.5628319574,100.0,0.0,,122,01:H; 13:M; 23:M
793,三维域：固定设计顶点 MP1,optimal,38700.0,87.6623008255,12.3376991745,0.0,100.0,0.0,,122,01:H; 13:M; 23:M
794,三维域：固定设计顶点 MP1,optimal,38700.0,100.0,0.0,0.0,100.0,0.0,,122,01:H; 13:M; 23:M
795,三维域：固定设计顶点 MP1,optimal,38700.0,7.4693841568,0.0,44.2677995812,51.737183738,0.0,,122,01:H; 13:M; 23:M
796,三维域：固定设计顶点 MP1,optimal,38700.0,0.0,0.0,46.7280880609,46.7280880609,0.0,,122,01:H; 13:M; 23:M
797,三维域：固定设计顶点 MP1,optimal,38700.0,0.0,32.2913408797,0.0,32.2913408797,0.0,,122,01:H; 13:M; 23:M
798,三维域：固定设计顶点 MP1,cut,38760.0,0.0,0.0,65.0,65.0,0.03466508658750326,123.0,123,01:M; 12:H; 23:H
799,三维域：固定设计顶点 MP1,optimal,38760.0,39.8771260884,25.1228739116,0.0,65.0,0.0,,123,01:M; 12:H; 23:H
800,三维域：固定设计顶点 MP1,optimal,38760.0,51.699654988,0.0,13.300345012,65.0,0.0,,123,01:M; 12:H; 23:H
801,三维域：固定设计顶点 MP1,optimal,38760.0,65.0,0.0,0.0,65.0,0.0,,123,01:M; 12:H; 23:H
802,三维域：固定设计顶点 MP1,optimal,38760.0,0.0,52.8462323165,0.0,52.8462323165,0.0,,123,01:M; 12:H; 23:H
803,三维域：固定设计顶点 MP1,optimal,38760.0,0.0,0.0,41.58121768879545,41.58121768879545,0.0,,123,01:M; 12:H; 23:H
804,三维域：固定设计顶点 MP1,optimal,39140.0,46.1578445663,0.0,18.8421554337,65.0,0.0,,123,01:M; 13:H; 23:M
805,三维域：固定设计顶点 MP1,cut,39140.0,46.1578445663,18.8421554337,0.0,65.0,0.009026408134537593,124.0,124,01:M; 13:H; 23:M
806,三维域：固定设计顶点 MP1,optimal,39140.0,56.6041009674,8.3958990326,0.0,65.0,0.0,,124,01:M; 13:H; 23:M
807,三维域：固定设计顶点 MP1,optimal,39140.0,65.0,0.0,0.0,65.0,0.0,,124,01:M; 13:H; 23:M
808,三维域：固定设计顶点 MP1,optimal,39140.0,39.1076986962,15.964205963481737,0.0,55.07190465968174,0.0,,124,01:M; 13:H; 23:M
809,三维域：固定设计顶点 MP1,optimal,39140.0,0.0,0.0,47.9725356195,47.9725356195,0.0,,124,01:M; 13:H; 23:M
810,三维域：固定设计顶点 MP1,optimal,39140.0,0.0,32.8807732958,0.0,32.8807732958,0.0,,124,01:M; 13:H; 23:M
811,三维域：固定设计顶点 MP1,cut,39500.0,30.627244853194252,0.0,35.0,65.62724485319426,0.013965050702959659,125.0,125,01:L; 02:L; 23:H
812,三维域：固定设计顶点 MP1,optimal,39500.0,35.0,30.627244853194252,0.0,65.62724485319426,0.0,,125,01:L; 02:L; 23:H
813,三维域：固定设计顶点 MP1,optimal,39500.0,35.0,0.0,26.4710191829,61.4710191829,-5.384568423293444e-14,,125,01:L; 02:L; 23:H
814,三维域：固定设计顶点 MP1,optimal,39500.0,35.0,0.0,0.0,35.0,0.0,,125,01:L; 02:L; 23:H
815,三维域：固定设计顶点 MP1,optimal,39500.0,0.0,30.62724485319428,0.0,30.62724485319428,0.0,,125,01:L; 02:L; 23:H
816,三维域：固定设计顶点 MP1,optimal,39500.0,0.0,0.0,26.4710191829,26.4710191829,0.0,,125,01:L; 02:L; 23:H
817,三维域：固定设计顶点 MP1,cut,39500.0,0.0,0.0,30.627244853194252,30.627244853194252,0.006805256508725686,126.0,126,12:L; 02:L; 23:H
818,三维域：固定设计顶点 MP1,optimal,39500.0,0.0,30.627244853194252,0.0,30.627244853194252,0.0,,126,12:L; 02:L; 23:H
819,三维域：固定设计顶点 MP1,optimal,39500.0,5.649321257183928,0.0,21.5883308417,27.237652098883927,3.6887009580772434e-14,,126,12:L; 02:L; 23:H
820,三维域：固定设计顶点 MP1,optimal,39500.0,0.0,0.0,26.4710191829,26.4710191829,-5.384568423293444e-14,,126,12:L; 02:L; 23:H
821,三维域：固定设计顶点 MP1,optimal,39500.0,19.1420280332,0.0,0.0,19.1420280332,0.0,,126,12:L; 02:L; 23:H
822,三维域：固定设计顶点 MP1,cut,39500.0,0.0,0.0,30.627244853194252,30.627244853194252,0.006399972439650338,127.0,127,13:L; 02:L; 23:H
823,三维域：固定设计顶点 MP1,optimal,39500.0,0.0,30.627244853194252,0.0,30.627244853194252,0.0,,127,13:L; 02:L; 23:H
824,三维域：固定设计顶点 MP1,optimal,39500.0,0.0,0.0,26.4710191829,26.4710191829,-5.0629286338414857e-14,,127,13:L; 02:L; 23:H
825,三维域：固定设计顶点 MP1,cut,39500.0,26.4710191829,0.0,0.0,26.4710191829,0.018840500660269474,128.0,128,13:L; 02:L; 23:H
826,三维域：固定设计顶点 MP1,optimal,39500.0,0.0,26.6455395026,3.4413738233,30.0869133259,4.086626117797533e-14,,128,13:L; 02:L; 23:H
827,三维域：固定设计顶点 MP1,optimal,39500.0,15.650016290354069,0.0,0.0,15.650016290354069,0.0,,128,13:L; 02:L; 23:H
828,三维域：固定设计顶点 MP1,optimal,39640.0,72.5828907234,27.4171092766,0.0,100.0,0.0,,128,01:H; 12:M; 23:H
829,三维域：固定设计顶点 MP1,optimal,39640.0,81.4282513203,0.0,18.571748679699994,100.0,0.0,,128,01:H; 12:M; 23:H
830,三维域：固定设计顶点 MP1,optimal,39640.0,100.0,0.0,0.0,100.0,0.0,,128,01:H; 12:M; 23:H
831,三维域：固定设计顶点 MP1,optimal,39640.0,0.0,56.1402367506,0.0,56.1402367506,0.0,,128,01:H; 12:M; 23:H
832,三维域：固定设计顶点 MP1,optimal,39640.0,0.0,0.0,43.59382035426972,43.59382035426972,0.0,,128,01:H; 12:M; 23:H
833,三维域：固定设计顶点 MP1,cut,39960.0,0.0,0.0,30.627244853194252,30.627244853194252,0.023425464005666845,129.0,129,12:M; 13:M; 02:L
834,三维域：固定设计顶点 MP1,optimal,39960.0,0.0,30.627244853194252,0.0,30.627244853194252,0.0,,129,12:M; 13:M; 02:L
835,三维域：固定设计顶点 MP1,optimal,39960.0,23.0338991272,0.0,0.0,23.0338991272,-6.132124760759793e-14,,129,12:M; 13:M; 02:L
836,三维域：固定设计顶点 MP1,optimal,39960.0,0.0,0.0,17.31129665075904,17.31129665075904,0.0,,129,12:M; 13:M; 02:L
837,三维域：固定设计顶点 MP1,optimal,40080.0,48.8310628494,51.1689371506,0.0,100.0,0.0,,129,01:H; 12:H; 23:M
838,三维域：固定设计顶点 MP1,optimal,40080.0,80.7559311051,0.0,19.2440688949,100.0,0.0,,129,01:H; 12:H; 23:M
839,三维域：固定设计顶点 MP1,optimal,40080.0,100.0,0.0,0.0,100.0,0.0,,129,01:H; 12:H; 23:M
840,三维域：固定设计顶点 MP1,optimal,40080.0,0.0,78.0260217178,0.0,78.0260217178,0.0,,129,01:H; 12:H; 23:M
841,三维域：固定设计顶点 MP1,optimal,40080.0,0.0,0.0,44.6749937358,44.6749937358,0.0,,129,01:H; 12:H; 23:M
842,三维域：固定设计顶点 MP1,optimal,40480.0,35.0,55.7434017063,0.0,90.7434017063,0.0,,129,01:L; 02:M; 23:M
843,三维域：固定设计顶点 MP1,cut,40480.0,28.734597188,43.9957714337,11.7476302726,84.4779988943,0.007045872684013975,130.0,130,01:L; 02:M; 23:M
844,三维域：固定设计顶点 MP1,optimal,40480.0,35.0,51.3443346694,2.868956763199499,89.2132914325995,0.0,,130,01:L; 02:M; 23:M
845,三维域：固定设计顶点 MP1,optimal,40480.0,35.0,0.0,36.3543924172,71.3543924172,7.594606536008084e-14,,130,01:L; 02:M; 23:M
846,三维域：固定设计顶点 MP1,optimal,40480.0,0.0,55.7434017063,0.0,55.7434017063,0.0,,130,01:L; 02:M; 23:M
847,三维域：固定设计顶点 MP1,optimal,40480.0,0.0,0.0,36.3543924172,36.3543924172,7.594606536008084e-14,,130,01:L; 02:M; 23:M
848,三维域：固定设计顶点 MP1,optimal,40480.0,35.0,0.0,0.0,35.0,0.0,,130,01:L; 02:M; 23:M
849,三维域：固定设计顶点 MP1,optimal,40480.0,0.0,55.7434017063,0.0,55.7434017063,0.0,,130,12:L; 02:M; 23:M
850,三维域：固定设计顶点 MP1,optimal,40480.0,11.7794189758,6.9812919909,24.1191461346,42.879857101300004,0.0,,130,12:L; 02:M; 23:M
851,三维域：固定设计顶点 MP1,optimal,40480.0,13.4658834014,0.0,27.5722945467,41.0381779481,0.0,,130,12:L; 02:M; 23:M
852,三维域：固定设计顶点 MP1,optimal,40480.0,0.0,0.0,36.3543924172,36.3543924172,0.0,,130,12:L; 02:M; 23:M
853,三维域：固定设计顶点 MP1,optimal,40480.0,22.4902497419,0.0,8.692999096973923,31.183248838873922,0.0,,130,12:L; 02:M; 23:M
854,三维域：固定设计顶点 MP1,optimal,40480.0,26.645532371899794,0.0,0.0,26.645532371899794,0.0,,130,12:L; 02:M; 23:M
855,三维域：固定设计顶点 MP1,cut,40480.0,0.0,47.3561218007,17.6438781993,65.0,0.017927511682704497,131.0,131,13:L; 02:M; 23:M
856,三维域：固定设计顶点 MP1,optimal,40480.0,0.0,55.7434017063,0.0,55.7434017063,0.0,,131,13:L; 02:M; 23:M
857,三维域：固定设计顶点 MP1,cut,40480.0,35.0,2.0767350396,0.0,37.0767350396,0.029638627400232213,132.0,132,13:L; 02:M; 23:M
858,三维域：固定设计顶点 MP1,optimal,40480.0,0.0,0.0,36.3543924172,36.3543924172,3.9276610648177334e-14,,132,13:L; 02:M; 23:M
859,三维域：固定设计顶点 MP1,optimal,40480.0,18.2842221658,1.084899567,0.0,19.3691217328,9.570385253580806e-14,,132,13:L; 02:M; 23:M
860,三维域：固定设计顶点 MP1,optimal,40480.0,18.64713999067904,0.0,0.0,18.64713999067904,0.0,,132,13:L; 02:M; 23:M
861,三维域：固定设计顶点 MP1,optimal,40700.0,86.7565982937,55.7434017063,0.0,142.5,0.0,,132,01:H; 13:L; 02:M
862,三维域：固定设计顶点 MP1,optimal,40700.0,88.7021087706,42.5,11.297891229399994,142.5,0.0,,132,01:H; 13:L; 02:M
863,三维域：固定设计顶点 MP1,optimal,40700.0,100.0,42.5,0.0,142.5,0.0,,132,01:H; 13:L; 02:M
864,三维域：固定设计顶点 MP1,optimal,40700.0,71.8848208498,55.7434017063,14.8717774439,142.49999999999997,0.0,,132,01:H; 13:L; 02:M
865,三维域：固定设计顶点 MP1,optimal,40700.0,42.989155215376094,55.7434017063,21.0124715651,119.74502848677609,0.0,,132,01:H; 13:L; 02:M
866,三维域：固定设计顶点 MP1,optimal,40700.0,88.7021087706,0.0,11.2978912294,100.0,0.0,,132,01:H; 13:L; 02:M
867,三维域：固定设计顶点 MP1,optimal,40700.0,100.0,0.0,0.0,100.0,0.0,,132,01:H; 13:L; 02:M
868,三维域：固定设计顶点 MP1,optimal,40700.0,9.4657981049,55.7434017063,28.1366086082,93.34580841939999,0.0,,132,01:H; 13:L; 02:M
869,三维域：固定设计顶点 MP1,optimal,40700.0,0.0,55.7434017063,30.1482103311,85.8916120374,0.0,,132,01:H; 13:L; 02:M
870,三维域：固定设计顶点 MP1,optimal,40700.0,0.0,55.7434017063,0.0,55.7434017063,0.0,,132,01:H; 13:L; 02:M
871,三维域：固定设计顶点 MP1,optimal,40700.0,0.0,0.0,30.1482103311,30.1482103311,0.0,,132,01:H; 13:L; 02:M
872,三维域：固定设计顶点 MP1,optimal,40740.0,1.1043695581,98.1664494598,0.7291809821,100.00000000000001,0.0,,132,12:M; 13:L; 02:H
873,三维域：固定设计顶点 MP1,optimal,40740.0,0.0,98.9485396177,1.0514603823,100.0,0.0,,132,12:M; 13:L; 02:H
874,三维域：固定设计顶点 MP1,optimal,40740.0,0.0,100.0,0.0,100.0,0.0,,132,12:M; 13:L; 02:H
875,三维域：固定设计顶点 MP1,optimal,40740.0,3.6030873733,96.3969126267,0.0,100.0,0.0,,132,12:M; 13:L; 02:H
876,三维域：固定设计顶点 MP1,optimal,40740.0,49.0778670114,0.0,0.0,49.0778670114,0.0,,132,12:M; 13:L; 02:H
877,三维域：固定设计顶点 MP1,optimal,40740.0,19.5787203921,0.0,12.9272221043,32.505942496399996,0.0,,132,12:M; 13:L; 02:H
878,三维域：固定设计顶点 MP1,optimal,40740.0,0.0,10.1823089884,19.4020919172,29.5844009056,0.0,,132,12:M; 13:L; 02:H
879,三维域：固定设计顶点 MP1,optimal,40740.0,0.0,0.0,21.5070793555,21.5070793555,0.0,,132,12:M; 13:L; 02:H
880,三维域：固定设计顶点 MP1,optimal,41320.0,0.0,30.627244853194252,0.0,30.627244853194252,0.0,,132,12:M; 02:L; 23:L
881,三维域：固定设计顶点 MP1,cut,41320.0,30.627244853194252,0.0,0.0,30.627244853194252,0.01257651219407753,133.0,133,12:M; 02:L; 23:L
882,三维域：固定设计顶点 MP1,optimal,41320.0,15.7242508663,0.0,9.7193439045,25.4435947708,2.9195483342826375e-14,,133,12:M; 02:L; 23:L
883,三维域：固定设计顶点 MP1,optimal,41320.0,23.0338991272,0.0,0.0,23.0338991272,-7.681743147464195e-14,,133,12:M; 02:L; 23:L
884,三维域：固定设计顶点 MP1,optimal,41320.0,0.0,0.0,19.9742901216,19.9742901216,0.0,,133,12:M; 02:L; 23:L
885,三维域：固定设计顶点 MP1,optimal,41580.0,61.6232971371,0.0,38.3767028629,100.0,0.0,,133,01:H; 13:H; 23:L
886,三维域：固定设计顶点 MP1,optimal,41580.0,88.2443580892,11.7556419108,0.0,100.0,0.0,,133,01:H; 13:H; 23:L
887,三维域：固定设计顶点 MP1,optimal,41580.0,100.0,0.0,0.0,100.0,0.0,,133,01:H; 13:H; 23:L
888,三维域：固定设计顶点 MP1,optimal,41580.0,0.0,0.0,67.8487145372,67.8487145372,0.0,,133,01:H; 13:H; 23:L
889,三维域：固定设计顶点 MP1,optimal,41580.0,0.0,31.1019137885,0.0,31.1019137885,0.0,,133,01:H; 13:H; 23:L
890,三维域：固定设计顶点 MP1,optimal,41600.0,10.4543599865,51.1689371506,38.3767028629,100.0,0.0,,133,01:H; 12:H; 13:H
891,三维域：固定设计顶点 MP1,optimal,41600.0,48.8310628494,51.1689371506,0.0,100.0,0.0,,133,01:H; 12:H; 13:H
892,三维域：固定设计顶点 MP1,optimal,41600.0,61.6232971371,0.0,38.3767028629,100.0,0.0,,133,01:H; 12:H; 13:H
893,三维域：固定设计顶点 MP1,optimal,41600.0,100.0,0.0,0.0,100.0,0.0,,133,01:H; 12:H; 13:H
894,三维域：固定设计顶点 MP1,optimal,41600.0,0.0,55.2396613931,41.4297460448,96.66940743789999,0.0,,133,01:H; 12:H; 13:H
895,三维域：固定设计顶点 MP1,optimal,41600.0,0.0,47.36148424054178,45.1975699004,92.55905414094178,0.0,,133,01:H; 12:H; 13:H
896,三维域：固定设计顶点 MP1,optimal,41600.0,0.0,78.0260217178,0.0,78.0260217178,0.0,,133,01:H; 12:H; 13:H
897,三维域：固定设计顶点 MP1,optimal,41600.0,0.0,0.0,67.8487145372,67.8487145372,0.0,,133,01:H; 12:H; 13:H
898,三维域：固定设计顶点 MP1,cut,41680.0,50.8957223159,30.627244853194274,14.1042776841,95.62724485319427,0.0042548748209822315,134.0,134,01:M; 13:M; 02:L
899,三维域：固定设计顶点 MP1,optimal,41680.0,54.9040812005,30.627244853194274,10.0959187995,95.62724485319427,0.0,,134,01:M; 13:M; 02:L
900,三维域：固定设计顶点 MP1,optimal,41680.0,65.0,30.62724485319426,0.0,95.62724485319426,0.0,,134,01:M; 13:M; 02:L
901,三维域：固定设计顶点 MP1,cut,41680.0,34.8078615512,8.704096145,30.1921384488,73.704096145,0.019769280110605296,135.0,135,01:M; 13:M; 02:L
902,三维域：固定设计顶点 MP1,optimal,41680.0,0.0,30.627244853194274,36.3543924172,66.98163727039427,8.304356485165731e-14,,135,01:M; 13:M; 02:L
903,三维域：固定设计顶点 MP1,optimal,41680.0,54.9040812005,0.0,10.0959187995,65.0,0.0,,135,01:M; 13:M; 02:L
904,三维域：固定设计顶点 MP1,optimal,41680.0,65.0,0.0,0.0,65.0,0.0,,135,01:M; 13:M; 02:L
905,三维域：固定设计顶点 MP1,optimal,41680.0,0.0,0.0,36.3543924172,36.3543924172,0.0,,135,01:M; 13:M; 02:L
906,三维域：固定设计顶点 MP1,optimal,41680.0,0.0,30.627244853194274,0.0,30.627244853194274,0.0,,135,01:M; 13:M; 02:L
907,三维域：固定设计顶点 MP1,optimal,42000.0,35.0,55.7434017063,0.0,90.7434017063,0.0,,135,01:L; 13:H; 02:M
908,三维域：固定设计顶点 MP1,optimal,42000.0,13.9373707859,55.7434017063,21.0626292141,90.74340170629999,0.0,,135,01:L; 13:H; 02:M
909,三维域：固定设计顶点 MP1,optimal,42000.0,0.0,55.7434017063,31.6119914619,87.3553931682,0.0,,135,01:L; 13:H; 02:M
910,三维域：固定设计顶点 MP1,optimal,42000.0,0.0,55.7434017063,0.0,55.7434017063,0.0,,135,01:L; 13:H; 02:M
911,三维域：固定设计顶点 MP1,optimal,42000.0,13.9373707859,0.0,21.0626292141,35.0,0.0,,135,01:L; 13:H; 02:M
912,三维域：固定设计顶点 MP1,optimal,42000.0,35.0,0.0,0.0,35.0,0.0,,135,01:L; 13:H; 02:M
913,三维域：固定设计顶点 MP1,optimal,42000.0,0.0,0.0,31.6119914619,31.6119914619,0.0,,135,01:L; 13:H; 02:M
914,三维域：固定设计顶点 MP1,cut,42000.0,0.0,30.0,35.0,65.0,0.0406352007591921,136.0,136,12:L; 13:H; 02:M
915,三维域：固定设计顶点 MP1,optimal,42000.0,0.0,55.7434017063,0.0,55.7434017063,0.0,,136,12:L; 13:H; 02:M
916,三维域：固定设计顶点 MP1,optimal,42000.0,0.0,14.1451899234,16.5027215773,30.6479115007,3.092075434212265e-14,,136,12:L; 13:H; 02:M
917,三维域：固定设计顶点 MP1,optimal,42000.0,26.645532371899773,0.0,0.0,26.645532371899773,0.0,,136,12:L; 13:H; 02:M
918,三维域：固定设计顶点 MP1,optimal,42000.0,0.0,0.0,22.114360178,22.114360178,-7.095797341139408e-14,,136,12:L; 13:H; 02:M
919,三维域：固定设计顶点 MP1,cut,42220.0,35.0,0.0,65.0,100.0,0.0419613893635538,137.0,137,01:H; 13:M; 23:H
920,三维域：固定设计顶点 MP1,optimal,42220.0,79.4371680426,0.0,20.5628319574,100.0,-2.638980651937074e-14,,137,01:H; 13:M; 23:H
921,三维域：固定设计顶点 MP1,cut,42220.0,79.4371680426,20.5628319574,0.0,100.0,0.005732265208144454,138.0,138,01:H; 13:M; 23:H
922,三维域：固定设计顶点 MP1,optimal,42220.0,84.8491928444,15.1508071556,0.0,100.0,0.0,,138,01:H; 13:M; 23:H
923,三维域：固定设计顶点 MP1,optimal,42220.0,100.0,0.0,0.0,100.0,0.0,,138,01:H; 13:M; 23:H
924,三维域：固定设计顶点 MP1,optimal,42220.0,71.8618346012,18.601907211264656,0.0,90.46374181246466,0.0,,138,01:H; 13:M; 23:H
925,三维域：固定设计顶点 MP1,optimal,42220.0,4e-10,0.0,46.7280880607,46.7280880611,0.0,,138,01:H; 13:M; 23:H
926,三维域：固定设计顶点 MP1,optimal,42220.0,0.0,37.69758292517079,0.0,37.69758292517079,0.0,,138,01:H; 13:M; 23:H
927,三维域：固定设计顶点 MP1,optimal,42460.0,25.6209242101,100.0,16.8790757899,142.5,0.0,,138,01:M; 13:L; 02:H
928,三维域：固定设计顶点 MP1,optimal,42460.0,42.5,100.0,0.0,142.5,0.0,,138,01:M; 13:L; 02:H
929,三维域：固定设计顶点 MP1,optimal,42460.0,45.8630707225,86.5379627213,10.098966556199997,142.5,0.0,,138,01:M; 13:L; 02:H
930,三维域：固定设计顶点 MP1,optimal,42460.0,59.4529725918,77.5,5.5470274082,142.5,0.0,,138,01:M; 13:L; 02:H
931,三维域：固定设计顶点 MP1,optimal,42460.0,65.0,77.5,0.0,142.5,0.0,,138,01:M; 13:L; 02:H
932,三维域：固定设计顶点 MP1,optimal,42460.0,20.3875280856,100.0,18.632002406,139.0195304916,0.0,,138,01:M; 13:L; 02:H
933,三维域：固定设计顶点 MP1,optimal,42460.0,0.0,100.0,25.4608072138,125.4608072138,0.0,,138,01:M; 13:L; 02:H
934,三维域：固定设计顶点 MP1,optimal,42460.0,0.0,100.0,0.0,100.0,0.0,,138,01:M; 13:L; 02:H
935,三维域：固定设计顶点 MP1,optimal,42460.0,59.4529725918,0.0,5.5470274082,65.0,0.0,,138,01:M; 13:L; 02:H
936,三维域：固定设计顶点 MP1,optimal,42460.0,65.0,0.0,0.0,65.0,0.0,,138,01:M; 13:L; 02:H
937,三维域：固定设计顶点 MP1,optimal,42460.0,3.9249016392,0.0,24.1461609717,28.0710626109,0.0,,138,01:M; 13:L; 02:H
938,三维域：固定设计顶点 MP1,optimal,42460.0,0.0,0.0,25.4608072138,25.4608072138,0.0,,138,01:M; 13:L; 02:H
939,三维域：固定设计顶点 MP1,optimal,42660.0,46.1578445663,0.0,18.8421554337,65.0,0.0,,138,01:M; 13:H; 23:H
940,三维域：固定设计顶点 MP1,cut,42660.0,46.1578445663,18.8421554337,0.0,65.0,0.00534455866986174,139.0,139,01:M; 13:H; 23:H
941,三维域：固定设计顶点 MP1,optimal,42660.0,53.6947067398,11.3052932602,0.0,65.0,0.0,,139,01:M; 13:H; 23:H
942,三维域：固定设计顶点 MP1,optimal,42660.0,65.0,0.0,0.0,65.0,0.0,,139,01:M; 13:H; 23:H
943,三维域：固定设计顶点 MP1,optimal,42660.0,5e-10,2e-10,47.972535619,47.9725356197,0.0,,139,01:M; 13:H; 23:H
944,三维域：固定设计顶点 MP1,optimal,42660.0,0.0,38.50336595495533,0.0,38.50336595495533,0.0,,139,01:M; 13:H; 23:H
945,三维域：固定设计顶点 MP1,optimal,43040.0,65.0,30.62724485319426,0.0,95.62724485319426,0.0,,139,01:M; 02:L; 23:L
946,三维域：固定设计顶点 MP1,optimal,43040.0,65.0,0.0,19.9742901216,84.9742901216,0.0,,139,01:M; 02:L; 23:L
947,三维域：固定设计顶点 MP1,optimal,43040.0,65.0,0.0,0.0,65.0,0.0,,139,01:M; 02:L; 23:L
948,三维域：固定设计顶点 MP1,optimal,43040.0,0.0,30.627244853194252,0.0,30.627244853194252,0.0,,139,01:M; 02:L; 23:L
949,三维域：固定设计顶点 MP1,optimal,43040.0,0.0,0.0,19.9742901216,19.9742901216,0.0,,139,01:M; 02:L; 23:L
950,三维域：固定设计顶点 MP1,optimal,43320.0,23.7143169474,100.0,11.2856830526,135.0,0.0,,139,01:L; 13:M; 02:H
951,三维域：固定设计顶点 MP1,optimal,43320.0,35.0,100.0,0.0,135.0,0.0,,139,01:L; 13:M; 02:H
952,三维域：固定设计顶点 MP1,optimal,43320.0,20.3567356705,100.0,13.384983423729691,133.7417190942297,0.0,,139,01:L; 13:M; 02:H
953,三维域：固定设计顶点 MP1,optimal,43320.0,0.0,100.0,26.1128667494,126.1128667494,0.0,,139,01:L; 13:M; 02:H
954,三维域：固定设计顶点 MP1,optimal,43320.0,0.0,100.0,0.0,100.0,0.0,,139,01:L; 13:M; 02:H
955,三维域：固定设计顶点 MP1,optimal,43320.0,23.7143169474,0.0,11.2856830526,35.0,0.0,,139,01:L; 13:M; 02:H
956,三维域：固定设计顶点 MP1,optimal,43320.0,35.0,0.0,0.0,35.0,0.0,,139,01:L; 13:M; 02:H
957,三维域：固定设计顶点 MP1,optimal,43320.0,20.5947247528,0.0,13.2361826867,33.8309074395,0.0,,139,01:L; 13:M; 02:H
958,三维域：固定设计顶点 MP1,optimal,43320.0,0.0,0.0,26.1128667494,26.1128667494,0.0,,139,01:L; 13:M; 02:H
959,三维域：固定设计顶点 MP1,cut,43320.0,0.0,65.0,35.0,100.0,0.04645860855062327,140.0,140,12:L; 13:M; 02:H
960,三维域：固定设计顶点 MP1,optimal,43320.0,0.0,98.8573933548,1.1426066452,100.0,-4.5617026990647806e-14,,140,12:L; 13:M; 02:H
961,三维域：固定设计顶点 MP1,optimal,43320.0,0.0,100.0,0.0,100.0,0.0,,140,12:L; 13:M; 02:H
962,三维域：固定设计顶点 MP1,optimal,43320.0,1.9796538394,98.0203461606,0.0,100.0,0.0,,140,12:L; 13:M; 02:H
963,三维域：固定设计顶点 MP1,optimal,43320.0,21.2522839896,39.4685274092,0.0,60.720811398799995,0.0,,140,12:L; 13:M; 02:H
964,三维域：固定设计顶点 MP1,optimal,43320.0,34.2435513413,0.0,0.0,34.2435513413,0.0,,140,12:L; 13:M; 02:H
965,三维域：固定设计顶点 MP1,optimal,43320.0,0.0,0.0,22.95997575189778,22.95997575189778,0.0,,140,12:L; 13:M; 02:H
966,三维域：固定设计顶点 MP1,cut,43600.0,0.0,0.0,100.0,100.0,0.06221636784657218,141.0,141,01:H; 12:H; 23:H
967,三维域：固定设计顶点 MP1,optimal,43600.0,48.8310628494,51.1689371506,0.0,100.0,0.0,,141,01:H; 12:H; 23:H
968,三维域：固定设计顶点 MP1,optimal,43600.0,72.910562685,0.0,27.089437314999998,100.0,0.0,,141,01:H; 12:H; 23:H
969,三维域：固定设计顶点 MP1,optimal,43600.0,100.0,0.0,0.0,100.0,0.0,,141,01:H; 12:H; 23:H
970,三维域：固定设计顶点 MP1,optimal,43600.0,0.0,78.0260217178,0.0,78.0260217178,0.0,,141,01:H; 12:H; 23:H
971,三维域：固定设计顶点 MP1,optimal,43600.0,0.0,0.0,55.7328726555,55.7328726555,0.0,,141,01:H; 12:H; 23:H
972,三维域：固定设计顶点 MP1,optimal,43720.0,0.0,30.627244853194252,0.0,30.627244853194252,0.0,,141,12:M; 02:L; 23:M
973,三维域：固定设计顶点 MP1,optimal,43720.0,12.4771862407,0.0,14.0368345209,26.5140207616,0.0,,141,12:M; 02:L; 23:M
974,三维域：固定设计顶点 MP1,optimal,43720.0,0.0,0.0,23.686401075285836,23.686401075285836,0.0,,141,12:M; 02:L; 23:M
975,三维域：固定设计顶点 MP1,optimal,43720.0,23.0338991272,0.0,0.0,23.0338991272,0.0,,141,12:M; 02:L; 23:M
976,三维域：固定设计顶点 MP1,optimal,43900.0,0.0,30.627244853194252,0.0,30.627244853194252,0.0,,141,13:M; 02:L; 23:L
977,三维域：固定设计顶点 MP1,optimal,43900.0,0.0,0.0,19.9742901216,19.9742901216,0.0,,141,13:M; 02:L; 23:L
978,三维域：固定设计顶点 MP1,cut,43900.0,19.9742901216,0.0,0.0,19.9742901216,0.007412623201365993,142.0,142,13:M; 02:L; 23:L
979,三维域：固定设计顶点 MP1,optimal,43900.0,0.0,28.4231781777,1.4374347884,29.8606129661,4.427404278098965e-14,,142,13:M; 02:L; 23:L
980,三维域：固定设计顶点 MP1,optimal,43900.0,15.524133933384554,0.0,0.0,15.524133933384554,0.0,,142,13:M; 02:L; 23:L
981,三维域：固定设计顶点 MP1,cut,43920.0,0.0,0.0,30.627244853194252,30.627244853194252,0.020547362023672702,143.0,143,12:H; 13:M; 02:L
982,三维域：固定设计顶点 MP1,optimal,43920.0,0.0,30.627244853194252,0.0,30.627244853194252,0.0,,143,12:H; 13:M; 02:L
983,三维域：固定设计顶点 MP1,optimal,43920.0,26.029482553973143,0.0,0.0,26.029482553973143,0.0,,143,12:H; 13:M; 02:L
984,三维域：固定设计顶点 MP1,optimal,43920.0,0.0,0.0,18.95035895836423,18.95035895836423,0.0,,143,12:H; 13:M; 02:L
985,三维域：固定设计顶点 MP1,cut,43980.0,0.0,0.0,100.0,100.0,0.041563500417325844,144.0,144,01:H; 13:H; 23:M
986,三维域：固定设计顶点 MP1,optimal,43980.0,61.6232971371,0.0,38.3767028629,100.0,-2.0219303814085658e-14,,144,01:H; 13:H; 23:M
987,三维域：固定设计顶点 MP1,cut,43980.0,61.6232971371,38.3767028629,0.0,100.0,0.02226487705757962,145.0,145,01:H; 13:H; 23:M
988,三维域：固定设计顶点 MP1,optimal,43980.0,82.8996781406,17.1003218594,0.0,100.0,0.0,,145,01:H; 13:H; 23:M
989,三维域：固定设计顶点 MP1,optimal,43980.0,100.0,0.0,0.0,100.0,0.0,,145,01:H; 13:H; 23:M
990,三维域：固定设计顶点 MP1,optimal,43980.0,0.0,0.0,67.8487145372,67.8487145372,0.0,,145,01:H; 13:H; 23:M
991,三维域：固定设计顶点 MP1,optimal,43980.0,19.1610365728,35.58478220656032,0.0,54.74581877936032,0.0,,145,01:H; 13:H; 23:M
992,三维域：固定设计顶点 MP1,optimal,43980.0,0.0,41.1415592578,0.0,41.1415592578,0.0,,145,01:H; 13:H; 23:M
993,三维域：固定设计顶点 MP1,cut,44000.0,35.0,0.0,55.7434017063,90.7434017063,0.019457918483459853,146.0,146,01:L; 02:M; 23:H
994,三维域：固定设计顶点 MP1,optimal,44000.0,35.0,55.7434017063,0.0,90.7434017063,0.0,,146,01:L; 02:M; 23:H
995,三维域：固定设计顶点 MP1,optimal,44000.0,35.0,0.0,43.35415900157867,78.35415900157867,0.0,,146,01:L; 02:M; 23:H
996,三维域：固定设计顶点 MP1,optimal,44000.0,0.0,55.7434017063,0.0,55.7434017063,0.0,,146,01:L; 02:M; 23:H
997,三维域：固定设计顶点 MP1,optimal,44000.0,0.0,0.0,43.35415900157867,43.35415900157867,0.0,,146,01:L; 02:M; 23:H
998,三维域：固定设计顶点 MP1,optimal,44000.0,35.0,0.0,0.0,35.0,0.0,,146,01:L; 02:M; 23:H
999,三维域：固定设计顶点 MP1,cut,44000.0,0.0,0.0,55.7434017063,55.7434017063,0.019457918483459867,147.0,147,12:L; 02:M; 23:H
1000,三维域：固定设计顶点 MP1,optimal,44000.0,0.0,55.7434017063,0.0,55.7434017063,0.0,,147,12:L; 02:M; 23:H
1001,三维域：固定设计顶点 MP1,optimal,44000.0,9.4265637345,0.0,36.0226949991,45.4492587336,0.0,,147,12:L; 02:M; 23:H
1002,三维域：固定设计顶点 MP1,optimal,44000.0,0.0,0.0,43.35415900157867,43.35415900157867,0.0,,147,12:L; 02:M; 23:H
1003,三维域：固定设计顶点 MP1,optimal,44000.0,26.645532371899794,0.0,0.0,26.645532371899794,0.0,,147,12:L; 02:M; 23:H
1004,三维域：固定设计顶点 MP1,cut,44000.0,0.0,62.3919745382,2.6080254617999943,65.0,0.013582945769956025,148.0,148,13:L; 02:M; 23:H
1005,三维域：固定设计顶点 MP1,cut,44000.0,0.0,20.743401706177433,35.0,55.74340170617744,0.011111751928173574,149.0,149,13:L; 02:M; 23:H
1006,三维域：固定设计顶点 MP1,optimal,44000.0,0.0,55.7434017063,0.0,55.7434017063,-6.457212931995297e-15,,149,13:L; 02:M; 23:H
1007,三维域：固定设计顶点 MP1,cut,44000.0,29.6754190733,17.5876896754,0.0,47.2631087487,0.027376431086949,150.0,150,13:L; 02:M; 23:H
1008,三维域：固定设计顶点 MP1,optimal,44000.0,0.0,0.0,43.35415900157869,43.35415900157869,0.0,,150,13:L; 02:M; 23:H
1009,三维域：固定设计顶点 MP1,optimal,44000.0,16.7172481139,9.907788372687707,0.0,26.625036486587703,0.0,,150,13:L; 02:M; 23:H
1010,三维域：固定设计顶点 MP1,optimal,44000.0,20.3308346777,0.0,0.0,20.3308346777,0.0,,150,13:L; 02:M; 23:H
1011,三维域：固定设计顶点 MP1,cut,44460.0,0.0,0.0,55.7434017063,55.7434017063,0.05725772091111483,151.0,151,12:M; 13:M; 02:M
1012,三维域：固定设计顶点 MP1,optimal,44460.0,0.0,55.7434017063,0.0,55.7434017063,0.0,,151,12:M; 13:M; 02:M
1013,三维域：固定设计顶点 MP1,optimal,44460.0,34.8396260664,0.0,0.0,34.8396260664,-4.8288321351248025e-14,,151,12:M; 13:M; 02:M
1014,三维域：固定设计顶点 MP1,optimal,44460.0,0.0,0.0,23.2264173776,23.2264173776,-4.8288321351248025e-14,,151,12:M; 13:M; 02:M
1015,三维域：固定设计顶点 MP1,cut,44680.0,35.0,65.0,35.0,135.0,0.04245674686695194,152.0,152,01:L; 02:H; 23:L
1016,三维域：固定设计顶点 MP1,optimal,44680.0,35.0,97.7728894307,2.2271105693,135.0,-5.905151461783554e-14,,152,01:L; 02:H; 23:L
1017,三维域：固定设计顶点 MP1,optimal,44680.0,35.0,100.0,0.0,135.0,0.0,,152,01:L; 02:H; 23:L
1018,三维域：固定设计顶点 MP1,cut,44680.0,30.0288849501,95.0288849501,4.9711150499,130.02888495009998,0.003554813312362707,153.0,153,01:L; 02:H; 23:L
1019,三维域：固定设计顶点 MP1,optimal,44680.0,0.0,97.7728894307,2.2271105693,100.0,-5.905151461783554e-14,,153,01:L; 02:H; 23:L
1020,三维域：固定设计顶点 MP1,optimal,44680.0,0.0,100.0,0.0,100.0,0.0,,153,01:L; 02:H; 23:L
1021,三维域：固定设计顶点 MP1,optimal,44680.0,35.0,13.4023442004,32.2348315418,80.6371757422,0.0,,153,01:L; 02:H; 23:L
1022,三维域：固定设计顶点 MP1,optimal,44680.0,35.0,5.627719440092513,35.0,75.6277194400925,0.0,,153,01:L; 02:H; 23:L
1023,三维域：固定设计顶点 MP1,optimal,44680.0,0.0,58.7037632014,16.1226642288,74.8264274302,0.0,,153,01:L; 02:H; 23:L
1024,三维域：固定设计顶点 MP1,optimal,44680.0,35.0,0.0,35.0,70.0,0.0,,153,01:L; 02:H; 23:L
1025,三维域：固定设计顶点 MP1,optimal,44680.0,0.0,5.627719440092493,35.0,40.62771944009249,0.0,,153,01:L; 02:H; 23:L
1026,三维域：固定设计顶点 MP1,optimal,44680.0,0.0,0.0,35.0,35.0,0.0,,153,01:L; 02:H; 23:L
1027,三维域：固定设计顶点 MP1,optimal,44680.0,35.0,0.0,0.0,35.0,0.0,,153,01:L; 02:H; 23:L
1028,三维域：固定设计顶点 MP1,optimal,44680.0,0.0,97.7728894307,2.2271105693,100.0,0.0,,153,12:L; 02:H; 23:L
1029,三维域：固定设计顶点 MP1,optimal,44680.0,0.0,100.0,0.0,100.0,0.0,,153,12:L; 02:H; 23:L
1030,三维域：固定设计顶点 MP1,cut,44680.0,35.0,65.0,0.0,100.0,0.03838187034586428,154.0,154,12:L; 02:H; 23:L
1031,三维域：固定设计顶点 MP1,optimal,44680.0,1.9796538394,95.7932355913,2.2271105693,100.0,0.0,,154,12:L; 02:H; 23:L
1032,三维域：固定设计顶点 MP1,optimal,44680.0,1.9796538394,98.0203461606,0.0,100.0,0.0,,154,12:L; 02:H; 23:L
1033,三维域：固定设计顶点 MP1,optimal,44680.0,2.0855874319,95.3522254253,2.3462858608,99.784098718,0.0,,154,12:L; 02:H; 23:L
1034,三维域：固定设计顶点 MP1,optimal,44680.0,13.579920807920692,47.5003802018,15.2774109092,76.3577119189207,-2.987747027057132e-13,,154,12:L; 02:H; 23:L
1035,三维域：固定设计顶点 MP1,optimal,44680.0,0.0,41.3829040441,22.2831021776,63.6660062217,0.0,,154,12:L; 02:H; 23:L
1036,三维域：固定设计顶点 MP1,optimal,44680.0,21.2522839896,39.4685274092,0.0,60.720811398799995,0.0,,154,12:L; 02:H; 23:L
1037,三维域：固定设计顶点 MP1,optimal,44680.0,23.6699403884,5.4948075902,26.628682937,55.7934309156,0.0,,154,12:L; 02:H; 23:L
1038,三维域：固定设计顶点 MP1,optimal,44680.0,24.9898299347,0.0,28.1135586765,53.1033886112,0.0,,154,12:L; 02:H; 23:L
1039,三维域：固定设计顶点 MP1,optimal,44680.0,25.0511479046,0.0,27.927269693984766,52.97841759858477,0.0,,154,12:L; 02:H; 23:L
1040,三维域：固定设计顶点 MP1,optimal,44680.0,0.0,5.627719440092493,35.0,40.62771944009249,0.0,,154,12:L; 02:H; 23:L
1041,三维域：固定设计顶点 MP1,optimal,44680.0,5.627719440092493,0.0,35.0,40.62771944009249,0.0,,154,12:L; 02:H; 23:L
1042,三维域：固定设计顶点 MP1,optimal,44680.0,0.0,0.0,35.0,35.0,0.0,,154,12:L; 02:H; 23:L
1043,三维域：固定设计顶点 MP1,optimal,44680.0,34.2435513413,0.0,0.0,34.2435513413,0.0,,154,12:L; 02:H; 23:L
1044,三维域：固定设计顶点 MP1,cut,44680.0,0.0,65.0,35.0,100.0,0.031008141627013288,155.0,155,13:L; 02:H; 23:L
1045,三维域：固定设计顶点 MP1,optimal,44680.0,0.0,97.7728894307,2.2271105693,100.0,-4.3147551808256695e-14,,155,13:L; 02:H; 23:L
1046,三维域：固定设计顶点 MP1,optimal,44680.0,0.0,100.0,0.0,100.0,0.0,,155,13:L; 02:H; 23:L
1047,三维域：固定设计顶点 MP1,cut,44680.0,2.2271105693,97.7728894307,0.0,100.0,0.0019028752361124857,156.0,156,13:L; 02:H; 23:L
1048,三维域：固定设计顶点 MP1,optimal,44680.0,0.8908442276999974,99.1091557723,0.0,100.0,-5.445262650781153e-14,,156,13:L; 02:H; 23:L
1049,三维域：固定设计顶点 MP1,optimal,44680.0,1.3919909434562958,96.3382806374,0.0,97.7302715808563,0.0,,156,13:L; 02:H; 23:L
1050,三维域：固定设计顶点 MP1,optimal,44680.0,0.0,41.3829040441,22.2831021776,63.6660062217,0.0,,156,13:L; 02:H; 23:L
1051,三维域：固定设计顶点 MP1,optimal,44680.0,0.0,5.627719440092668,35.0,40.62771944009267,0.0,,156,13:L; 02:H; 23:L
1052,三维域：固定设计顶点 MP1,optimal,44680.0,1.9552683316,0.3143914743,33.0447316684,35.314391474299995,0.0,,156,13:L; 02:H; 23:L
1053,三维域：固定设计顶点 MP1,optimal,44680.0,0.0,0.0,35.0,35.0,0.0,,156,13:L; 02:H; 23:L
1054,三维域：固定设计顶点 MP1,optimal,44680.0,2.0709622427,0.0,32.9290377573,35.0,0.0,,156,13:L; 02:H; 23:L
1055,三维域：固定设计顶点 MP1,optimal,44680.0,18.815949292182175,0.0,0.0,18.815949292182175,0.0,,156,13:L; 02:H; 23:L
1056,三维域：固定设计顶点 MP1,cut,44700.0,65.0,-0.0,35.0,100.0,0.07185155106495433,157.0,157,12:H; 13:L; 02:H
1057,三维域：固定设计顶点 MP1,optimal,44700.0,1.690764171,97.3988243524,0.9104114767,100.0000000001,9.59759921191129e-14,,157,12:H; 13:L; 02:H
1058,三维域：固定设计顶点 MP1,optimal,44700.0,0.0,98.7837931085,1.2162068915,100.0,0.0,,157,12:H; 13:L; 02:H
1059,三维域：固定设计顶点 MP1,optimal,44700.0,0.0,100.0,0.0,100.0,0.0,,157,12:H; 13:L; 02:H
1060,三维域：固定设计顶点 MP1,optimal,44700.0,6.7244927061,93.2755072939,0.0,100.0,0.0,,157,12:H; 13:L; 02:H
1061,三维域：固定设计顶点 MP1,optimal,44700.0,65.0216847648,0.0,0.0,65.0216847648,0.0,,157,12:H; 13:L; 02:H
1062,三维域：固定设计顶点 MP1,optimal,44700.0,0.0,31.2907347555,16.8488571761,48.1395919316,0.0,,157,12:H; 13:L; 02:H
1063,三维域：固定设计顶点 MP1,optimal,44700.0,26.5071651794,0.0,14.2730889428,40.7802541222,0.0,,157,12:H; 13:L; 02:H
1064,三维域：固定设计顶点 MP1,optimal,44700.0,0.0,0.0,24.0963745581,24.0963745581,0.0,,157,12:H; 13:L; 02:H
1065,三维域：固定设计顶点 MP1,cut,45240.0,0.0,0.0,30.627244853194252,30.627244853194252,0.018268164104781322,158.0,158,12:M; 13:H; 02:L
1066,三维域：固定设计顶点 MP1,optimal,45240.0,0.0,30.627244853194252,0.0,30.627244853194252,0.0,,158,12:M; 13:H; 02:L
1067,三维域：固定设计顶点 MP1,optimal,45240.0,23.0338991272,0.0,0.0,23.0338991272,-6.50844259683911e-14,,158,12:M; 13:H; 02:L
1068,三维域：固定设计顶点 MP1,optimal,45240.0,0.0,0.0,19.567933777462613,19.567933777462613,0.0,,158,12:M; 13:H; 02:L
1069,三维域：固定设计顶点 MP1,optimal,45280.0,0.0,30.627244853194252,0.0,30.627244853194252,0.0,,158,12:H; 02:L; 23:L
1070,三维域：固定设计顶点 MP1,cut,45280.0,30.627244853194252,0.0,0.0,30.627244853194252,0.007336507268118586,159.0,159,12:H; 02:L; 23:L
1071,三维域：固定设计顶点 MP1,optimal,45280.0,20.3121264002,0.0,6.727251164996251,27.03937756519625,4.8953991871142856e-14,,159,12:H; 02:L; 23:L
1072,三维域：固定设计顶点 MP1,optimal,45280.0,26.02948255397306,0.0,0.0,26.02948255397306,0.0,,159,12:H; 02:L; 23:L
1073,三维域：固定设计顶点 MP1,optimal,45280.0,0.0,0.0,19.9742901216,19.9742901216,0.0,,159,12:H; 02:L; 23:L
1074,三维域：固定设计顶点 MP1,optimal,45440.0,65.0,30.62724485319426,0.0,95.62724485319426,0.0,,159,01:M; 02:L; 23:M
1075,三维域：固定设计顶点 MP1,optimal,45440.0,65.0,0.0,23.686401075285836,88.68640107528583,0.0,,159,01:M; 02:L; 23:M
1076,三维域：固定设计顶点 MP1,optimal,45440.0,65.0,0.0,0.0,65.0,0.0,,159,01:M; 02:L; 23:M
1077,三维域：固定设计顶点 MP1,optimal,45440.0,0.0,30.627244853194256,0.0,30.627244853194256,0.0,,159,01:M; 02:L; 23:M
1078,三维域：固定设计顶点 MP1,optimal,45440.0,0.0,0.0,23.686401075285836,23.686401075285836,0.0,,159,01:M; 02:L; 23:M
1079,三维域：固定设计顶点 MP1,optimal,45820.0,0.0,55.7434017063,0.0,55.7434017063,0.0,,159,12:M; 02:M; 23:L
1080,三维域：固定设计顶点 MP1,cut,45820.0,55.7434017063,0.0,0.0,55.7434017063,0.033657063910794344,160.0,160,12:M; 02:M; 23:L
1081,三维域：固定设计顶点 MP1,optimal,45820.0,25.1310161497,0.0,15.5337758667,40.6647920164,-8.635839816354942e-14,,160,12:M; 02:M; 23:L
1082,三维域：固定设计顶点 MP1,optimal,45820.0,34.8396260664,0.0,0.0,34.8396260664,-6.623096206658017e-14,,160,12:M; 02:M; 23:L
1083,三维域：固定设计顶点 MP1,optimal,45820.0,0.0,0.0,28.2861166293,28.2861166293,0.0,,160,12:M; 02:M; 23:L
1084,三维域：固定设计顶点 MP1,optimal,46180.0,54.9040812005,55.7434017063,10.0959187995,120.7434017063,0.0,,160,01:M; 13:M; 02:M
1085,三维域：固定设计顶点 MP1,optimal,46180.0,65.0,55.7434017063,0.0,120.7434017063,0.0,,160,01:M; 13:M; 02:M
1086,三维域：固定设计顶点 MP1,optimal,46180.0,0.0,55.7434017063,36.3543924172,92.0977941235,0.0,,160,01:M; 13:M; 02:M
1087,三维域：固定设计顶点 MP1,optimal,46180.0,54.9040812005,0.0,10.0959187995,65.0,0.0,,160,01:M; 13:M; 02:M
1088,三维域：固定设计顶点 MP1,optimal,46180.0,65.0,0.0,0.0,65.0,0.0,,160,01:M; 13:M; 02:M
1089,三维域：固定设计顶点 MP1,optimal,46180.0,0.0,55.7434017063,0.0,55.7434017063,0.0,,160,01:M; 13:M; 02:M
1090,三维域：固定设计顶点 MP1,optimal,46180.0,0.0,0.0,36.3543924172,36.3543924172,0.0,,160,01:M; 13:M; 02:M
1091,三维域：固定设计顶点 MP1,optimal,46300.0,0.0,30.627244853194252,0.0,30.627244853194252,0.0,,160,13:M; 02:L; 23:M
1092,三维域：固定设计顶点 MP1,optimal,46300.0,0.0,0.0,23.68640107528583,23.68640107528583,0.0,,160,13:M; 02:L; 23:M
1093,三维域：固定设计顶点 MP1,cut,46300.0,23.68640107528583,0.0,0.0,23.68640107528583,0.009939701663474592,161.0,161,13:M; 02:L; 23:M
1094,三维域：固定设计顶点 MP1,optimal,46300.0,17.6772791271,0.0,0.0,17.6772791271,0.0,,161,13:M; 02:L; 23:M
1095,三维域：固定设计顶点 MP1,cut,46520.0,77.2894272514,30.627244853194252,22.7105727486,130.62724485319427,0.002925692866016464,162.0,162,01:H; 13:M; 02:L
1096,三维域：固定设计顶点 MP1,optimal,46520.0,79.4371680426,30.627244853194274,20.5628319574,130.62724485319427,0.0,,162,01:H; 13:M; 02:L
1097,三维域：固定设计顶点 MP1,optimal,46520.0,100.0,30.627244853194252,0.0,130.62724485319424,0.0,,162,01:H; 13:M; 02:L
1098,三维域：固定设计顶点 MP1,optimal,46520.0,74.2709188039,30.627244853194274,22.2645068504,127.16267050749427,0.0,,162,01:H; 13:M; 02:L
1099,三维域：固定设计顶点 MP1,cut,46520.0,64.3941617723,0.0,35.6058382277,100.0,0.019435374683890477,163.0,163,01:H; 13:M; 02:L
1100,三维域：固定设计顶点 MP1,optimal,46520.0,77.5115727813,30.627244853194274,21.197090383355953,129.33590801785022,0.0,,163,01:H; 13:M; 02:L
1101,三维域：固定设计顶点 MP1,optimal,46520.0,79.4371680426,0.0,20.5628319574,100.0,0.0,,163,01:H; 13:M; 02:L
1102,三维域：固定设计顶点 MP1,optimal,46520.0,100.0,0.0,0.0,100.0,0.0,,163,01:H; 13:M; 02:L
1103,三维域：固定设计顶点 MP1,optimal,46520.0,31.3359546531,30.627244853194274,36.4065559753,98.36975548159427,0.0,,163,01:H; 13:M; 02:L
1104,三维域：固定设计顶点 MP1,optimal,46520.0,52.9605456534,0.0,29.2837823971,82.2443280505,0.0,,163,01:H; 13:M; 02:L
1105,三维域：固定设计顶点 MP1,optimal,46520.0,0.0,30.627244853194274,46.7280880609,77.35533291409428,0.0,,163,01:H; 13:M; 02:L
1106,三维域：固定设计顶点 MP1,optimal,46520.0,0.0,0.0,46.7280880609,46.7280880609,0.0,,163,01:H; 13:M; 02:L
1107,三维域：固定设计顶点 MP1,optimal,46520.0,0.0,30.627244853194274,0.0,30.627244853194274,0.0,,163,01:H; 13:M; 02:L
1108,三维域：固定设计顶点 MP1,cut,46960.0,38.6769879314,30.627244853194274,26.3230120686,95.62724485319427,0.004949996032035758,164.0,164,01:M; 13:H; 02:L
1109,三维域：固定设计顶点 MP1,optimal,46960.0,46.1578445663,30.627244853194266,18.8421554337,95.62724485319427,0.0,,164,01:M; 13:H; 02:L
1110,三维域：固定设计顶点 MP1,optimal,46960.0,65.0,30.62724485319426,0.0,95.62724485319426,0.0,,164,01:M; 13:H; 02:L
1111,三维域：固定设计顶点 MP1,optimal,46960.0,18.4726459117,30.627244853194274,36.3143829588,85.41427372369427,0.0,,164,01:M; 13:H; 02:L
1112,三维域：固定设计顶点 MP1,cut,46960.0,18.4726459115,14.4445266411,46.5273540885,79.4445266411,0.01677606939040138,165.0,165,01:M; 13:H; 02:L
1113,三维域：固定设计顶点 MP1,optimal,46960.0,11.0107025426,30.627244853194274,41.0236420091,82.66158940489427,0.0,,165,01:M; 13:H; 02:L
1114,三维域：固定设计顶点 MP1,optimal,46960.0,0.0,30.627244853194274,47.9725356195,78.59978047269428,-7.840434699849362e-14,,165,01:M; 13:H; 02:L
1115,三维域：固定设计顶点 MP1,optimal,46960.0,46.1578445663,0.0,18.8421554337,65.0,0.0,,165,01:M; 13:H; 02:L
1116,三维域：固定设计顶点 MP1,optimal,46960.0,65.0,0.0,0.0,65.0,0.0,,165,01:M; 13:H; 02:L
1117,三维域：固定设计顶点 MP1,optimal,46960.0,0.0,0.0,47.9725356195,47.9725356195,0.0,,165,01:M; 13:H; 02:L
1118,三维域：固定设计顶点 MP1,optimal,46960.0,0.0,30.627244853194274,0.0,30.627244853194274,0.0,,165,01:M; 13:H; 02:L
1119,三维域：固定设计顶点 MP1,cut,47080.0,35.0,35.0,65.0,135.0,0.052037256950541275,166.0,166,01:L; 02:H; 23:M
1120,三维域：固定设计顶点 MP1,optimal,47080.0,35.0,95.946526705,4.053473295,135.0,0.0,,166,01:L; 02:H; 23:M
1121,三维域：固定设计顶点 MP1,optimal,47080.0,35.0,100.0,0.0,135.0,0.0,,166,01:L; 02:H; 23:M
1122,三维域：固定设计顶点 MP1,cut,47080.0,30.2451301924,91.1695275001,8.8304724999,130.2451301924,0.004078689115162291,167.0,167,01:L; 02:H; 23:M
1123,三维域：固定设计顶点 MP1,optimal,47080.0,35.0,86.4146576925,8.830472499882381,130.2451301923824,0.0,,167,01:L; 02:H; 23:M
1124,三维域：固定设计顶点 MP1,optimal,47080.0,0.0,95.946526705,4.053473295,100.0,0.0,,167,01:L; 02:H; 23:M
1125,三维域：固定设计顶点 MP1,optimal,47080.0,0.0,100.0,0.0,100.0,0.0,,167,01:L; 02:H; 23:M
1126,三维域：固定设计顶点 MP1,optimal,47080.0,0.0,90.6287876677,6.718515703745829,97.34730337144582,0.0,,167,01:L; 02:H; 23:M
1127,三维域：固定设计顶点 MP1,optimal,47080.0,35.0,0.0,52.1381124335,87.1381124335,0.0,,167,01:L; 02:H; 23:M
1128,三维域：固定设计顶点 MP1,optimal,47080.0,0.0,0.0,52.1381124335,52.1381124335,0.0,,167,01:L; 02:H; 23:M
1129,三维域：固定设计顶点 MP1,optimal,47080.0,35.0,0.0,0.0,35.0,0.0,,167,01:L; 02:H; 23:M
1130,三维域：固定设计顶点 MP1,optimal,47080.0,0.0,95.946526705,4.053473295,100.0,0.0,,167,12:L; 02:H; 23:M
1131,三维域：固定设计顶点 MP1,optimal,47080.0,0.0,100.0,0.0,100.0,0.0,,167,12:L; 02:H; 23:M
1132,三维域：固定设计顶点 MP1,optimal,47080.0,1.8562003937,94.0903263113,4.053473295,100.0,0.0,,167,12:L; 02:H; 23:M
1133,三维域：固定设计顶点 MP1,optimal,47080.0,1.9796538394,93.9668728656,4.053473295,100.0,0.0,,167,12:L; 02:H; 23:M
1134,三维域：固定设计顶点 MP1,optimal,47080.0,1.9796538394,98.0203461606,0.0,100.0,0.0,,167,12:L; 02:H; 23:M
1135,三维域：固定设计顶点 MP1,optimal,47080.0,16.8038272371,18.5763438089,34.4069572179,69.7871282639,0.0,,167,12:L; 02:H; 23:M
1136,三维域：固定设计顶点 MP1,optimal,47080.0,0.0,22.108311638235357,41.0582930425,63.166604680735354,0.0,,167,12:L; 02:H; 23:M
1137,三维域：固定设计顶点 MP1,optimal,47080.0,20.4565266566,0.0,41.8861029435,62.3426296001,0.0,,167,12:L; 02:H; 23:M
1138,三维域：固定设计顶点 MP1,optimal,47080.0,21.2522839896,39.4685274092,0.0,60.720811398799995,0.0,,167,12:L; 02:H; 23:M
1139,三维域：固定设计顶点 MP1,optimal,47080.0,9.377140524618262,0.0,47.4386570831,56.81579760771826,0.0,,167,12:L; 02:H; 23:M
1140,三维域：固定设计顶点 MP1,optimal,47080.0,0.0,0.0,52.1381124335,52.1381124335,0.0,,167,12:L; 02:H; 23:M
1141,三维域：固定设计顶点 MP1,optimal,47080.0,34.2435513413,0.0,0.0,34.2435513413,0.0,,167,12:L; 02:H; 23:M
1142,三维域：固定设计顶点 MP1,cut,47080.0,0.0,60.946526705,39.053473295,100.0,0.024035004153427852,168.0,168,13:L; 02:H; 23:M
1143,三维域：固定设计顶点 MP1,optimal,47080.0,0.0,95.946526705,4.053473295,100.0,1.0265472682428815e-14,,168,13:L; 02:H; 23:M
1144,三维域：固定设计顶点 MP1,optimal,47080.0,0.0,100.0,0.0,100.0,0.0,,168,13:L; 02:H; 23:M
1145,三维域：固定设计顶点 MP1,cut,47080.0,4.053473295,95.946526705,0.0,100.0,0.004056813146634099,169.0,169,13:L; 02:H; 23:M
1146,三维域：固定设计顶点 MP1,optimal,47080.0,1.0866961501,98.9133038499,0.0,100.0,0.0,,169,13:L; 02:H; 23:M
1147,三维域：固定设计顶点 MP1,optimal,47080.0,0.0,22.108311638235282,41.0582930425,63.166604680735276,0.0,,169,13:L; 02:H; 23:M
1148,三维域：固定设计顶点 MP1,optimal,47080.0,0.0,0.0,52.1381124335,52.1381124335,0.0,,169,13:L; 02:H; 23:M
1149,三维域：固定设计顶点 MP1,optimal,47080.0,18.2842221658,0.0,8.953058721,27.2372808868,6.017155017608026e-14,,169,13:L; 02:H; 23:M
1150,三维域：固定设计顶点 MP1,optimal,47080.0,22.074878901,0.0,0.0,22.074878901,-4.397151743636635e-14,,169,13:L; 02:H; 23:M
1151,三维域：固定设计顶点 MP1,optimal,47240.0,0.0,30.627244853194252,0.0,30.627244853194252,0.0,,169,12:M; 02:L; 23:H
1152,三维域：固定设计顶点 MP1,optimal,47240.0,8.9311451054,0.0,18.7518621205,27.6830072259,0.0,,169,12:M; 02:L; 23:H
1153,三维域：固定设计顶点 MP1,optimal,47240.0,0.0,0.0,26.4710191829,26.4710191829,0.0,,169,12:M; 02:L; 23:H
1154,三维域：固定设计顶点 MP1,optimal,47240.0,23.0338991272,0.0,0.0,23.0338991272,0.0,,169,12:M; 02:L; 23:H
1155,三维域：固定设计顶点 MP1,optimal,47300.0,15.6850639893,100.0,26.8149360107,142.5,0.0,,169,01:H; 13:L; 02:H
1156,三维域：固定设计顶点 MP1,optimal,47300.0,42.5,100.0,0.0,142.5,0.0,,169,01:H; 13:L; 02:H
1157,三维域：固定设计顶点 MP1,optimal,47300.0,88.7021087706,42.5,11.297891229399994,142.5,0.0,,169,01:H; 13:L; 02:H
1158,三维域：固定设计顶点 MP1,optimal,47300.0,100.0,42.5,0.0,142.5,0.0,,169,01:H; 13:L; 02:H
1159,三维域：固定设计顶点 MP1,optimal,47300.0,0.0,100.0,30.1482103311,130.1482103311,0.0,,169,01:H; 13:L; 02:H
1160,三维域：固定设计顶点 MP1,optimal,47300.0,0.0,100.0,0.0,100.0,0.0,,169,01:H; 13:L; 02:H
1161,三维域：固定设计顶点 MP1,optimal,47300.0,88.7021087706,0.0,11.2978912294,100.0,0.0,,169,01:H; 13:L; 02:H
1162,三维域：固定设计顶点 MP1,optimal,47300.0,100.0,0.0,0.0,100.0,0.0,,169,01:H; 13:L; 02:H
1163,三维域：固定设计顶点 MP1,optimal,47300.0,67.8547339738,0.0,15.728221835964874,83.58295580976487,0.0,,169,01:H; 13:L; 02:H
1164,三维域：固定设计顶点 MP1,optimal,47300.0,0.0,0.0,30.1482103311,30.1482103311,0.0,,169,01:H; 13:L; 02:H
1165,三维域：固定设计顶点 MP1,optimal,47500.0,61.6232971371,0.0,38.3767028629,100.0,0.0,,169,01:H; 13:H; 23:H
1166,三维域：固定设计顶点 MP1,cut,47500.0,61.6232971371,38.3767028629,0.0,100.0,0.013482018308336504,170.0,170,01:H; 13:H; 23:H
1167,三维域：固定设计顶点 MP1,optimal,47500.0,76.9739782822,23.0260217178,0.0,100.0,0.0,,170,01:H; 13:H; 23:H
1168,三维域：固定设计顶点 MP1,optimal,47500.0,100.0,0.0,0.0,100.0,0.0,,170,01:H; 13:H; 23:H
1169,三维域：固定设计顶点 MP1,optimal,47500.0,33.8672486439,0.0,51.65133475096783,85.51858339486782,0.0,,170,01:H; 13:H; 23:H
1170,三维域：固定设计顶点 MP1,optimal,47500.0,0.0,0.0,67.8487145372,67.8487145372,0.0,,170,01:H; 13:H; 23:H
1171,三维域：固定设计顶点 MP1,optimal,47500.0,0.0,50.3393688502,0.0,50.3393688502,0.0,,170,01:H; 13:H; 23:H
1172,三维域：固定设计顶点 MP1,optimal,47540.0,65.0,55.7434017063,0.0,120.7434017063,0.0,,170,01:M; 02:M; 23:L
1173,三维域：固定设计顶点 MP1,optimal,47540.0,65.0,55.3534865743,0.1978563303,120.5513429046,0.0,,170,01:M; 02:M; 23:L
1174,三维域：固定设计顶点 MP1,optimal,47540.0,65.0,0.0,28.2861166293,93.2861166293,0.0,,170,01:M; 02:M; 23:L
1175,三维域：固定设计顶点 MP1,optimal,47540.0,65.0,0.0,0.0,65.0,0.0,,170,01:M; 02:M; 23:L
1176,三维域：固定设计顶点 MP1,optimal,47540.0,0.0,55.7434017063,0.0,55.7434017063,0.0,,170,01:M; 02:M; 23:L
1177,三维域：固定设计顶点 MP1,optimal,47540.0,0.0,12.8882700431,21.7461657396,34.634435782699995,0.0,,170,01:M; 02:M; 23:L
1178,三维域：固定设计顶点 MP1,optimal,47540.0,0.0,0.0,28.2861166293,28.2861166293,0.0,,170,01:M; 02:M; 23:L
1179,三维域：固定设计顶点 MP1,optimal,47680.0,0.0,30.627244853194252,0.0,30.627244853194252,0.0,,170,12:H; 02:L; 23:M
1180,三维域：固定设计顶点 MP1,optimal,47680.0,17.2118372591,0.0,10.3751651964,27.5870024555,0.0,,170,12:H; 02:L; 23:M
1181,三维域：固定设计顶点 MP1,optimal,47680.0,26.02948255397306,0.0,0.0,26.02948255397306,0.0,,170,12:H; 02:L; 23:M
1182,三维域：固定设计顶点 MP1,optimal,47680.0,0.0,0.0,23.686401075285836,23.686401075285836,0.0,,170,12:H; 02:L; 23:M
1183,三维域：固定设计顶点 MP1,optimal,47880.0,100.0,30.627244853194252,0.0,130.62724485319424,0.0,,170,01:H; 02:L; 23:L
1184,三维域：固定设计顶点 MP1,optimal,47880.0,100.0,6.2245710895,15.9147872373,122.13935832680001,0.0,,170,01:H; 02:L; 23:L
1185,三维域：固定设计顶点 MP1,optimal,47880.0,100.0,3.6249653000009183,17.6101823173,121.23514761730092,0.0,,170,01:H; 02:L; 23:L
1186,三维域：固定设计顶点 MP1,optimal,47880.0,100.0,0.0,19.9742901216,119.9742901216,0.0,,170,01:H; 02:L; 23:L
1187,三维域：固定设计顶点 MP1,optimal,47880.0,100.0,0.0,0.0,100.0,0.0,,170,01:H; 02:L; 23:L
1188,三维域：固定设计顶点 MP1,optimal,47880.0,0.0,30.627244853194252,0.0,30.627244853194252,0.0,,170,01:H; 02:L; 23:L
1189,三维域：固定设计顶点 MP1,optimal,47880.0,0.0,0.0,19.9742901216,19.9742901216,0.0,,170,01:H; 02:L; 23:L
1190,三维域：固定设计顶点 MP1,optimal,48220.0,0.0,55.7434017063,0.0,55.7434017063,0.0,,170,12:M; 02:M; 23:M
1191,三维域：固定设计顶点 MP1,optimal,48220.0,20.45629420409917,0.0,23.0133309797,43.46962518379917,0.0,,170,12:M; 02:M; 23:M
1192,三维域：固定设计顶点 MP1,optimal,48220.0,0.0,0.0,36.3543924172,36.3543924172,0.0,,170,12:M; 02:M; 23:M
1193,三维域：固定设计顶点 MP1,optimal,48220.0,34.8396260664,0.0,0.0,34.8396260664,0.0,,170,12:M; 02:M; 23:M
1194,三维域：固定设计顶点 MP1,optimal,48400.0,0.0,55.7434017063,0.0,55.7434017063,0.0,,170,13:M; 02:M; 23:L
1195,三维域：固定设计顶点 MP1,optimal,48400.0,0.0,16.8963021962,19.7123525623,36.6086547585,0.0,,170,13:M; 02:M; 23:L
1196,三维域：固定设计顶点 MP1,cut,48400.0,19.7123525623,16.8963021962,0.0,36.6086547585,0.009340844058160127,171.0,171,13:M; 02:M; 23:L
1197,三维域：固定设计顶点 MP1,optimal,48400.0,0.0,7.9500683408,24.2519788944,32.2020472352,4.018812438027123e-14,,171,13:M; 02:M; 23:L
1198,三维域：固定设计顶点 MP1,optimal,48400.0,0.0,0.0,28.2861166293,28.2861166293,-4.293200087817312e-14,,171,13:M; 02:M; 23:L
1199,三维域：固定设计顶点 MP1,optimal,48400.0,20.11889994779245,0.0,0.0,20.11889994779245,0.0,,171,13:M; 02:M; 23:L
1200,三维域：固定设计顶点 MP1,cut,48420.0,0.0,0.0,55.7434017063,55.7434017063,0.05191368541972854,172.0,172,12:H; 13:M; 02:M
1201,三维域：固定设计顶点 MP1,optimal,48420.0,0.0,55.7434017063,0.0,55.7434017063,0.0,,172,12:H; 13:M; 02:M
1202,三维域：固定设计顶点 MP1,optimal,48420.0,42.18225746356606,0.0,0.0,42.18225746356606,0.0,,172,12:H; 13:M; 02:M
1203,三维域：固定设计顶点 MP1,optimal,48420.0,0.0,0.0,26.2755988538,26.2755988538,0.0,,172,12:H; 13:M; 02:M
1204,三维域：固定设计顶点 MP1,optimal,48600.0,13.9373707859,100.0,21.0626292141,135.0,0.0,,172,01:L; 13:H; 02:H
1205,三维域：固定设计顶点 MP1,optimal,48600.0,35.0,100.0,0.0,135.0,0.0,,172,01:L; 13:H; 02:H
1206,三维域：固定设计顶点 MP1,optimal,48600.0,9.610644325159505,100.0,24.3375800985,133.9482244236595,0.0,,172,01:L; 13:H; 02:H
1207,三维域：固定设计顶点 MP1,optimal,48600.0,0.0,100.0,31.6119914619,131.6119914619,0.0,,172,01:L; 13:H; 02:H
1208,三维域：固定设计顶点 MP1,optimal,48600.0,0.0,100.0,0.0,100.0,0.0,,172,01:L; 13:H; 02:H
1209,三维域：固定设计顶点 MP1,optimal,48600.0,13.9373707859,0.0,21.0626292141,35.0,0.0,,172,01:L; 13:H; 02:H
1210,三维域：固定设计顶点 MP1,optimal,48600.0,35.0,0.0,0.0,35.0,0.0,,172,01:L; 13:H; 02:H
1211,三维域：固定设计顶点 MP1,optimal,48600.0,0.0,0.0,31.6119914619,31.6119914619,0.0,,172,01:L; 13:H; 02:H
1212,三维域：固定设计顶点 MP1,cut,48600.0,0.0,65.0,35.0,100.0,0.0401112639340149,173.0,173,12:L; 13:H; 02:H
1213,三维域：固定设计顶点 MP1,optimal,48600.0,0.0,98.5783721158,1.4216278842,100.0,0.0,,173,12:L; 13:H; 02:H
1214,三维域：固定设计顶点 MP1,optimal,48600.0,0.0,100.0,0.0,100.0,0.0,,173,12:L; 13:H; 02:H
1215,三维域：固定设计顶点 MP1,optimal,48600.0,1.9796538394,98.0203461606,0.0,100.0,0.0,,173,12:L; 13:H; 02:H
1216,三维域：固定设计顶点 MP1,optimal,48600.0,21.2522839896,39.4685274092,0.0,60.720811398799995,0.0,,173,12:L; 13:H; 02:H
1217,三维域：固定设计顶点 MP1,optimal,48600.0,34.2435513413,0.0,0.0,34.2435513413,0.0,,173,12:L; 13:H; 02:H
1218,三维域：固定设计顶点 MP1,optimal,48600.0,0.0,0.0,27.1059118856,27.1059118856,0.0,,173,12:L; 13:H; 02:H
1219,三维域：固定设计顶点 MP1,optimal,48960.0,65.0,30.62724485319426,0.0,95.62724485319426,0.0,,173,01:M; 02:L; 23:H
1220,三维域：固定设计顶点 MP1,optimal,48960.0,65.0,0.0,26.4710191829,91.4710191829,0.0,,173,01:M; 02:L; 23:H
1221,三维域：固定设计顶点 MP1,optimal,48960.0,65.0,0.0,0.0,65.0,0.0,,173,01:M; 02:L; 23:H
1222,三维域：固定设计顶点 MP1,optimal,48960.0,0.0,30.62724485319428,0.0,30.62724485319428,0.0,,173,01:M; 02:L; 23:H
1223,三维域：固定设计顶点 MP1,optimal,48960.0,0.0,0.0,26.4710191829,26.4710191829,0.0,,173,01:M; 02:L; 23:H
1224,三维域：固定设计顶点 MP1,optimal,49180.0,0.0,30.627244853194252,0.0,30.627244853194252,0.0,,173,13:H; 02:L; 23:L
1225,三维域：固定设计顶点 MP1,optimal,49180.0,0.0,0.0,19.9742901216,19.9742901216,0.0,,173,13:H; 02:L; 23:L
1226,三维域：固定设计顶点 MP1,cut,49180.0,19.9742901216,0.0,0.0,19.9742901216,0.0042875428622024345,174.0,174,13:H; 02:L; 23:L
1227,三维域：固定设计顶点 MP1,optimal,49180.0,0.0,28.4047110249,1.4494785837,29.8541896086,4.1717989709790625e-14,,174,13:H; 02:L; 23:L
1228,三维域：固定设计顶点 MP1,optimal,49180.0,17.3147881217,0.0,0.0,17.3147881217,-6.753330769434248e-14,,174,13:H; 02:L; 23:L
1229,三维域：固定设计顶点 MP1,cut,49200.0,0.0,0.0,30.627244853194252,30.627244853194252,0.014672657392246479,175.0,175,12:H; 13:H; 02:L
1230,三维域：固定设计顶点 MP1,optimal,49200.0,0.0,30.627244853194252,0.0,30.627244853194252,0.0,,175,12:H; 13:H; 02:L
1231,三维域：固定设计顶点 MP1,optimal,49200.0,26.02948255397317,0.0,0.0,26.02948255397317,0.0,,175,12:H; 13:H; 02:L
1232,三维域：固定设计顶点 MP1,optimal,49200.0,0.0,0.0,21.688343445,21.688343445,0.0,,175,12:H; 13:H; 02:L
1233,三维域：固定设计顶点 MP1,cut,49740.0,0.0,0.0,55.7434017063,55.7434017063,0.04561194826971198,176.0,176,12:M; 13:H; 02:M
1234,三维域：固定设计顶点 MP1,optimal,49740.0,0.0,55.7434017063,0.0,55.7434017063,0.0,,176,12:M; 13:H; 02:M
1235,三维域：固定设计顶点 MP1,optimal,49740.0,34.8396260664,0.0,0.0,34.8396260664,-5.235354188454686e-14,,176,12:M; 13:H; 02:M
1236,三维域：固定设计顶点 MP1,optimal,49740.0,0.0,0.0,27.478044964268356,27.478044964268356,0.0,,176,12:M; 13:H; 02:M
1237,三维域：固定设计顶点 MP1,optimal,49780.0,0.0,55.7434017063,0.0,55.7434017063,0.0,,176,12:H; 02:M; 23:L
1238,三维域：固定设计顶点 MP1,cut,49780.0,55.7434017063,0.0,0.0,55.7434017063,0.020488836817563996,177.0,177,12:H; 02:M; 23:L
1239,三维域：固定设计顶点 MP1,optimal,49780.0,33.7290315745,0.0,11.1708475265,44.899879100999996,0.0,,177,12:H; 02:M; 23:L
1240,三维域：固定设计顶点 MP1,optimal,49780.0,42.18225746356603,0.0,0.0,42.18225746356603,0.0,,177,12:H; 02:M; 23:L
1241,三维域：固定设计顶点 MP1,optimal,49780.0,0.0,0.0,28.2861166293,28.2861166293,0.0,,177,12:H; 02:M; 23:L
1242,三维域：固定设计顶点 MP1,optimal,49820.0,0.0,30.627244853194252,0.0,30.627244853194252,0.0,,177,13:M; 02:L; 23:H
1243,三维域：固定设计顶点 MP1,optimal,49820.0,0.0,0.0,26.4710191829,26.4710191829,0.0,,177,13:M; 02:L; 23:H
1244,三维域：固定设计顶点 MP1,cut,49820.0,26.4710191829,0.0,0.0,26.4710191829,0.0119961884914454,178.0,178,13:M; 02:L; 23:H
1245,三维域：固定设计顶点 MP1,optimal,49820.0,0.0,26.5724629359,3.5045336409,30.0769965768,3.0990332064279743e-14,,178,13:M; 02:L; 23:H
1246,三维域：固定设计顶点 MP1,optimal,49820.0,19.18331372985481,0.0,0.0,19.18331372985481,0.0,,178,13:M; 02:L; 23:H
1247,三维域：固定设计顶点 MP1,optimal,49940.0,65.0,55.7434017063,0.0,120.7434017063,0.0,,178,01:M; 02:M; 23:M
1248,三维域：固定设计顶点 MP1,optimal,49940.0,65.0,0.0,36.3543924172,101.3543924172,0.0,,178,01:M; 02:M; 23:M
1249,三维域：固定设计顶点 MP1,optimal,49940.0,65.0,0.0,0.0,65.0,0.0,,178,01:M; 02:M; 23:M
1250,三维域：固定设计顶点 MP1,optimal,49940.0,0.0,55.7434017063,0.0,55.7434017063,0.0,,178,01:M; 02:M; 23:M
1251,三维域：固定设计顶点 MP1,optimal,49940.0,0.0,0.0,36.3543924172,36.3543924172,0.0,,178,01:M; 02:M; 23:M
1252,三维域：固定设计顶点 MP1,optimal,50280.0,100.0,30.627244853194252,0.0,130.62724485319424,0.0,,178,01:H; 02:L; 23:M
1253,三维域：固定设计顶点 MP1,optimal,50280.0,100.0,0.0,23.686401075285836,123.68640107528583,0.0,,178,01:H; 02:L; 23:M
1254,三维域：固定设计顶点 MP1,optimal,50280.0,100.0,0.0,0.0,100.0,0.0,,178,01:H; 02:L; 23:M
1255,三维域：固定设计顶点 MP1,optimal,50280.0,0.0,30.627244853194256,0.0,30.627244853194256,0.0,,178,01:H; 02:L; 23:M
1256,三维域：固定设计顶点 MP1,optimal,50280.0,0.0,0.0,23.686401075285836,23.686401075285836,0.0,,178,01:H; 02:L; 23:M
1257,三维域：固定设计顶点 MP1,cut,50600.0,35.0,0.0,100.0,135.0,0.0476728003839756,179.0,179,01:L; 02:H; 23:H
1258,三维域：固定设计顶点 MP1,optimal,50600.0,35.0,92.4349457056,7.5650542944,135.0,0.0,,179,01:L; 02:H; 23:H
1259,三维域：固定设计顶点 MP1,optimal,50600.0,35.0,100.0,0.0,135.0,0.0,,179,01:L; 02:H; 23:H
1260,三维域：固定设计顶点 MP1,cut,50600.0,27.2973992639,77.9925693254,22.0074306746,127.2973992639,0.0074485739239419,180.0,180,01:L; 02:H; 23:H
1261,三维域：固定设计顶点 MP1,optimal,50600.0,35.0,0.0,67.8487145372,102.8487145372,0.0,,180,01:L; 02:H; 23:H
1262,三维域：固定设计顶点 MP1,optimal,50600.0,0.0,92.4349457056,7.565054294399997,100.0,0.0,,180,01:L; 02:H; 23:H
1263,三维域：固定设计顶点 MP1,optimal,50600.0,0.0,100.0,0.0,100.0,0.0,,180,01:L; 02:H; 23:H
1264,三维域：固定设计顶点 MP1,optimal,50600.0,0.0,0.0,67.8487145372,67.8487145372,0.0,,180,01:L; 02:H; 23:H
1265,三维域：固定设计顶点 MP1,optimal,50600.0,35.0,0.0,0.0,35.0,0.0,,180,01:L; 02:H; 23:H
1266,三维域：固定设计顶点 MP1,optimal,50600.0,0.0,92.4349457056,7.565054294399997,100.0,0.0,,180,12:L; 02:H; 23:H
1267,三维域：固定设计顶点 MP1,optimal,50600.0,0.0,100.0,0.0,100.0,0.0,,180,12:L; 02:H; 23:H
1268,三维域：固定设计顶点 MP1,optimal,50600.0,1.9796538394,90.4552918662,7.5650542944,100.0,0.0,,180,12:L; 02:H; 23:H
1269,三维域：固定设计顶点 MP1,optimal,50600.0,1.9796538394,98.0203461606,0.0,100.0,0.0,,180,12:L; 02:H; 23:H
1270,三维域：固定设计顶点 MP1,optimal,50600.0,12.134738127,20.7966540852,46.3717196162,79.3031118284,0.0,,180,12:L; 02:H; 23:H
1271,三维域：固定设计顶点 MP1,optimal,50600.0,15.166548421582888,0.0,57.9574873057,73.12403572728289,0.0,,180,12:L; 02:H; 23:H
1272,三维域：固定设计顶点 MP1,optimal,50600.0,0.0,0.0,67.8487145372,67.8487145372,0.0,,180,12:L; 02:H; 23:H
1273,三维域：固定设计顶点 MP1,optimal,50600.0,21.2522839896,0.0,39.4685274092,60.720811398799995,0.0,,180,12:L; 02:H; 23:H
1274,三维域：固定设计顶点 MP1,optimal,50600.0,21.2522839896,39.4685274092,0.0,60.720811398799995,0.0,,180,12:L; 02:H; 23:H
1275,三维域：固定设计顶点 MP1,optimal,50600.0,34.2435513413,0.0,0.0,34.2435513413,0.0,,180,12:L; 02:H; 23:H
1276,三维域：固定设计顶点 MP1,cut,50600.0,0.0,57.4349457056,42.5650542944,100.0,0.01573779811847074,181.0,181,13:L; 02:H; 23:H
1277,三维域：固定设计顶点 MP1,optimal,50600.0,0.0,92.4349457056,7.565054294399997,100.0,0.0,,181,13:L; 02:H; 23:H
1278,三维域：固定设计顶点 MP1,optimal,50600.0,0.0,100.0,0.0,100.0,0.0,,181,13:L; 02:H; 23:H
1279,三维域：固定设计顶点 MP1,cut,50600.0,7.5650542944,92.4349457056,0.0,100.0,0.00838454047034856,182.0,182,13:L; 02:H; 23:H
1280,三维域：固定设计顶点 MP1,optimal,50600.0,1.2411487762,98.7588512238,0.0,100.0,0.0,,182,13:L; 02:H; 23:H
1281,三维域：固定设计顶点 MP1,optimal,50600.0,0.0,0.0,67.8487145372,67.8487145372,0.0,,182,13:L; 02:H; 23:H
1282,三维域：固定设计顶点 MP1,optimal,50600.0,17.032758980275432,31.6322666776,0.0,48.66502565787543,0.0,,182,13:L; 02:H; 23:H
1283,三维域：固定设计顶点 MP1,optimal,50600.0,18.2842221658,0.0,17.1603769845,35.4445991503,8.675418143799546e-14,,182,13:L; 02:H; 23:H
1284,三维域：固定设计顶点 MP1,optimal,50600.0,24.47428797539553,0.0,0.0,24.47428797539553,0.0,,182,13:L; 02:H; 23:H
1285,三维域：固定设计顶点 MP1,optimal,50800.0,0.0,55.7434017063,0.0,55.7434017063,0.0,,182,13:M; 02:M; 23:M
1286,三维域：固定设计顶点 MP1,optimal,50800.0,0.0,10.701123083,29.3753991022,40.0765221852,0.0,,182,13:M; 02:M; 23:M
1287,三维域：固定设计顶点 MP1,optimal,50800.0,0.0,0.0,36.3543924172,36.3543924172,0.0,,182,13:M; 02:M; 23:M
1288,三维域：固定设计顶点 MP1,cut,50800.0,36.3543924172,0.0,0.0,36.3543924172,0.020211290739372115,183.0,183,13:M; 02:M; 23:M
1289,三维域：固定设计顶点 MP1,optimal,50800.0,0.0,52.1319257862,2.3553103826777813,54.48723616887778,0.0,,183,13:M; 02:M; 23:M
1290,三维域：固定设计顶点 MP1,optimal,50800.0,23.8900293027,0.0,0.0,23.8900293027,0.0,,183,13:M; 02:M; 23:M
1291,三维域：固定设计顶点 MP1,optimal,51020.0,63.2648370343,53.3454394153,25.889723550481172,142.50000000008117,0.0,,183,01:H; 13:M; 02:M
1292,三维域：固定设计顶点 MP1,optimal,51020.0,59.6890815087,55.7434017063,27.067516785,142.5,0.0,,183,01:H; 13:M; 02:M
1293,三维域：固定设计顶点 MP1,optimal,51020.0,79.4371680426,42.5,20.562831957399993,142.5,0.0,,183,01:H; 13:M; 02:M
1294,三维域：固定设计顶点 MP1,optimal,51020.0,86.7565982937,55.7434017063,0.0,142.5,0.0,,183,01:H; 13:M; 02:M
1295,三维域：固定设计顶点 MP1,optimal,51020.0,100.0,42.5,0.0,142.5,0.0,,183,01:H; 13:M; 02:M
1296,三维域：固定设计顶点 MP1,optimal,51020.0,26.912860075,55.7434017063,37.863448325,120.51971010630001,0.0,,183,01:H; 13:M; 02:M
1297,三维域：固定设计顶点 MP1,optimal,51020.0,0.0,55.7434017063,46.7280880609,102.4714897672,0.0,,183,01:H; 13:M; 02:M
1298,三维域：固定设计顶点 MP1,optimal,51020.0,79.4371680426,0.0,20.5628319574,100.0,0.0,,183,01:H; 13:M; 02:M
1299,三维域：固定设计顶点 MP1,optimal,51020.0,100.0,0.0,0.0,100.0,0.0,,183,01:H; 13:M; 02:M
1300,三维域：固定设计顶点 MP1,optimal,51020.0,64.5563539872,0.0,25.464319766996297,90.0206737541963,0.0,,183,01:H; 13:M; 02:M
1301,三维域：固定设计顶点 MP1,optimal,51020.0,0.0,55.7434017063,0.0,55.7434017063,0.0,,183,01:H; 13:M; 02:M
1302,三维域：固定设计顶点 MP1,optimal,51020.0,6.5333881593,0.0,44.5761007907,51.10948895000001,0.0,,183,01:H; 13:M; 02:M
1303,三维域：固定设计顶点 MP1,optimal,51020.0,0.0,0.0,46.7280880609,46.7280880609,0.0,,183,01:H; 13:M; 02:M
1304,三维域：固定设计顶点 MP1,cut,51060.0,0.0,35.0,65.0,100.0,0.08088044677459438,184.0,184,12:M; 13:M; 02:H
1305,三维域：固定设计顶点 MP1,optimal,51060.0,0.0,98.4558196971,1.5441803029,100.0,6.189506426863926e-14,,184,12:M; 13:M; 02:H
1306,三维域：固定设计顶点 MP1,optimal,51060.0,0.0,100.0,0.0,100.0,0.0,,184,12:M; 13:M; 02:H
1307,三维域：固定设计顶点 MP1,optimal,51060.0,3.6030873733,96.3969126267,0.0,100.0,0.0,,184,12:M; 13:M; 02:H
1308,三维域：固定设计顶点 MP1,optimal,51060.0,49.0778670114,0.0,0.0,49.0778670114,0.0,,184,12:M; 13:M; 02:H
1309,三维域：固定设计顶点 MP1,optimal,51060.0,0.0,13.494246460828787,25.0607434275,38.55498988832879,0.0,,184,12:M; 13:M; 02:H
1310,三维域：固定设计顶点 MP1,optimal,51060.0,0.0,0.0,28.7958237306,28.7958237306,0.0,,184,12:M; 13:M; 02:H
1311,三维域：固定设计顶点 MP1,optimal,51200.0,0.0,30.627244853194252,0.0,30.627244853194252,0.0,,184,12:H; 02:L; 23:H
1312,三维域：固定设计顶点 MP1,optimal,51200.0,13.3067241454,0.0,14.9700646634,28.2767888088,0.0,,184,12:H; 02:L; 23:H
1313,三维域：固定设计顶点 MP1,optimal,51200.0,0.0,0.0,26.4710191829,26.4710191829,0.0,,184,12:H; 02:L; 23:H
1314,三维域：固定设计顶点 MP1,optimal,51200.0,26.02948255397306,0.0,0.0,26.02948255397306,0.0,,184,12:H; 02:L; 23:H
1315,三维域：固定设计顶点 MP1,optimal,51460.0,65.0,55.7434017063,0.0,120.7434017063,0.0,,184,01:M; 13:H; 02:M
1316,三维域：固定设计顶点 MP1,optimal,51460.0,46.1578445663,55.7434017063,18.8421554337,120.74340170629999,0.0,,184,01:M; 13:H; 02:M
1317,三维域：固定设计顶点 MP1,optimal,51460.0,27.0301609037,55.7434017063,30.9137047533,113.6872673633,0.0,,184,01:M; 13:H; 02:M
1318,三维域：固定设计顶点 MP1,optimal,51460.0,0.0,55.7434017063,47.9725356195,103.7159373258,0.0,,184,01:M; 13:H; 02:M
1319,三维域：固定设计顶点 MP1,optimal,51460.0,46.1578445663,0.0,18.8421554337,65.0,0.0,,184,01:M; 13:H; 02:M
1320,三维域：固定设计顶点 MP1,optimal,51460.0,65.0,0.0,0.0,65.0,0.0,,184,01:M; 13:H; 02:M
1321,三维域：固定设计顶点 MP1,optimal,51460.0,0.0,55.7434017063,0.0,55.7434017063,0.0,,184,01:M; 13:H; 02:M
1322,三维域：固定设计顶点 MP1,optimal,51460.0,0.0,0.0,47.9725356195,47.9725356195,0.0,,184,01:M; 13:H; 02:M
1323,三维域：固定设计顶点 MP1,optimal,51580.0,0.0,30.627244853194252,0.0,30.627244853194252,0.0,,184,13:H; 02:L; 23:M
1324,三维域：固定设计顶点 MP1,optimal,51580.0,0.0,0.0,23.68640107528583,23.68640107528583,0.0,,184,13:H; 02:L; 23:M
1325,三维域：固定设计顶点 MP1,cut,51580.0,23.68640107528583,0.0,0.0,23.68640107528583,0.005809627733142822,185.0,185,13:H; 02:L; 23:M
1326,三维域：固定设计顶点 MP1,optimal,51580.0,20.03684384449218,0.0,0.0,20.03684384449218,0.0,,185,13:H; 02:L; 23:M
1327,三维域：固定设计顶点 MP1,optimal,51740.0,0.0,55.7434017063,0.0,55.7434017063,0.0,,185,12:M; 02:M; 23:H
1328,三维域：固定设计顶点 MP1,optimal,51740.0,15.0673995391,0.0,31.6355624437,46.7029619828,0.0,,185,12:M; 02:M; 23:H
1329,三维域：固定设计顶点 MP1,optimal,51740.0,0.0,0.0,43.35415900157867,43.35415900157867,0.0,,185,12:M; 02:M; 23:H
1330,三维域：固定设计顶点 MP1,optimal,51740.0,34.8396260664,0.0,0.0,34.8396260664,0.0,,185,12:M; 02:M; 23:H
1331,三维域：固定设计顶点 MP1,cut,51800.0,57.6149382525,30.627244853194252,42.3850617475,130.62724485319427,0.0035688383877654235,186.0,186,01:H; 13:H; 02:L
1332,三维域：固定设计顶点 MP1,optimal,51800.0,61.6232971371,30.627244853194274,38.3767028629,130.62724485319427,0.0,,186,01:H; 13:H; 02:L
1333,三维域：固定设计顶点 MP1,optimal,51800.0,100.0,30.627244853194252,0.0,130.62724485319424,0.0,,186,01:H; 13:H; 02:L
1334,三维域：固定设计顶点 MP1,optimal,51800.0,9.4570084821,30.627244853194274,63.3257974371,103.41005077239427,0.0,,186,01:H; 13:H; 02:L
1335,三维域：固定设计顶点 MP1,cut,51800.0,33.5483226883,0.0,66.4516773117,100.0,0.023442108082813405,187.0,187,01:H; 13:H; 02:L
1336,三维域：固定设计顶点 MP1,optimal,51800.0,61.6232971371,0.0,38.3767028629,100.0,0.0,,187,01:H; 13:H; 02:L
1337,三维域：固定设计顶点 MP1,optimal,51800.0,100.0,0.0,0.0,100.0,0.0,,187,01:H; 13:H; 02:L
1338,三维域：固定设计顶点 MP1,optimal,51800.0,0.0,30.627244853194274,67.8487145372,98.47595939039427,0.0,,187,01:H; 13:H; 02:L
1339,三维域：固定设计顶点 MP1,optimal,51800.0,0.0,0.0,67.8487145372,67.8487145372,0.0,,187,01:H; 13:H; 02:L
1340,三维域：固定设计顶点 MP1,optimal,51800.0,0.0,30.627244853194274,0.0,30.627244853194274,0.0,,187,01:H; 13:H; 02:L
1341,三维域：固定设计顶点 MP1,optimal,52180.0,0.0,55.7434017063,0.0,55.7434017063,0.0,,187,12:H; 02:M; 23:M
1342,三维域：固定设计顶点 MP1,optimal,52180.0,28.968420257092504,0.0,17.4619444234,46.4303646804925,0.0,,187,12:H; 02:M; 23:M
1343,三维域：固定设计顶点 MP1,optimal,52180.0,42.18225746356603,0.0,0.0,42.18225746356603,0.0,,187,12:H; 02:M; 23:M
1344,三维域：固定设计顶点 MP1,optimal,52180.0,0.0,0.0,36.3543924172,36.3543924172,0.0,,187,12:H; 02:M; 23:M
1345,三维域：固定设计顶点 MP1,optimal,52380.0,94.3724035448,40.2818988581,7.8456975973,142.50000000019998,0.0,,187,01:H; 02:M; 23:L
1346,三维域：固定设计顶点 MP1,optimal,52380.0,100.0,38.9382662769,3.5617337232,142.50000000010002,0.0,,187,01:H; 02:M; 23:L
1347,三维域：固定设计顶点 MP1,optimal,52380.0,88.0410241747,53.1357779867,1.3231978387,142.5000000001,0.0,,187,01:H; 02:M; 23:L
1348,三维域：固定设计顶点 MP1,optimal,52380.0,86.7565982937,55.7434017063,0.0,142.5,0.0,,187,01:H; 02:M; 23:L
1349,三维域：固定设计顶点 MP1,optimal,52380.0,100.0,28.8568301023,13.6431698977,142.5,0.0,,187,01:H; 02:M; 23:L
1350,三维域：固定设计顶点 MP1,optimal,52380.0,100.0,42.5,0.0,142.5,0.0,,187,01:H; 02:M; 23:L
1351,三维域：固定设计顶点 MP1,optimal,52380.0,100.0,5e-10,28.2861166291,128.2861166296,0.0,,187,01:H; 02:M; 23:L
1352,三维域：固定设计顶点 MP1,optimal,52380.0,100.0,0.0,0.0,100.0,0.0,,187,01:H; 02:M; 23:L
1353,三维域：固定设计顶点 MP1,optimal,52380.0,0.0,55.7434017063,0.0,55.7434017063,0.0,,187,01:H; 02:M; 23:L
1354,三维域：固定设计顶点 MP1,optimal,52380.0,0.0,12.8882700431,21.7461657396,34.634435782699995,0.0,,187,01:H; 02:M; 23:L
1355,三维域：固定设计顶点 MP1,optimal,52380.0,0.0,0.0,28.2861166293,28.2861166293,0.0,,187,01:H; 02:M; 23:L
1356,三维域：固定设计顶点 MP1,optimal,52420.0,0.0,97.7728894307,2.2271105693,100.0,0.0,,187,12:M; 02:H; 23:L
1357,三维域：固定设计顶点 MP1,optimal,52420.0,0.0,100.0,0.0,100.0,0.0,,187,12:M; 02:H; 23:L
1358,三维域：固定设计顶点 MP1,cut,52420.0,65.0,35.0,0.0,100.0,0.05052238684456738,188.0,188,12:M; 02:H; 23:L
1359,三维域：固定设计顶点 MP1,optimal,52420.0,3.6030873733,94.1698020574,2.2271105693,100.0,0.0,,188,12:M; 02:H; 23:L
1360,三维域：固定设计顶点 MP1,optimal,52420.0,3.6030873733,96.3969126267,0.0,100.0,0.0,,188,12:M; 02:H; 23:L
1361,三维域：固定设计顶点 MP1,optimal,52420.0,24.046544792,38.1976563201,14.8634513998,77.1076525119,0.0,,188,12:M; 02:H; 23:L
1362,三维域：固定设计顶点 MP1,optimal,52420.0,0.0,41.3829040441,22.2831021776,63.6660062217,0.0,,188,12:M; 02:H; 23:L
1363,三维域：固定设计顶点 MP1,optimal,52420.0,36.0502820109,5.3326220332,22.2831021776,63.6660062217,0.0,,188,12:M; 02:H; 23:L
1364,三维域：固定设计顶点 MP1,optimal,52420.0,37.9979870708,0.0,23.4870015215,61.4849885923,0.0,,188,12:M; 02:H; 23:L
1365,三维域：固定设计顶点 MP1,optimal,52420.0,38.08831582226836,0.0,23.2955236775,61.383839499768364,0.0,,188,12:M; 02:H; 23:L
1366,三维域：固定设计顶点 MP1,optimal,52420.0,49.0778670114,0.0,0.0,49.0778670114,0.0,,188,12:M; 02:H; 23:L
1367,三维域：固定设计顶点 MP1,optimal,52420.0,0.0,5.627719440092493,35.0,40.62771944009249,0.0,,188,12:M; 02:H; 23:L
1368,三维域：固定设计顶点 MP1,optimal,52420.0,5.627719440092493,0.0,35.0,40.62771944009249,0.0,,188,12:M; 02:H; 23:L
1369,三维域：固定设计顶点 MP1,optimal,52420.0,0.0,0.0,35.0,35.0,0.0,,188,12:M; 02:H; 23:L
1370,三维域：固定设计顶点 MP1,optimal,52780.0,11.7790812005,100.0,30.7209187995,142.5,0.0,,188,01:M; 13:M; 02:H
1371,三维域：固定设计顶点 MP1,optimal,52780.0,42.5,100.0,0.0,142.5,0.0,,188,01:M; 13:M; 02:H
1372,三维域：固定设计顶点 MP1,optimal,52780.0,54.9040812005,77.5,10.095918799499998,142.5,0.0,,188,01:M; 13:M; 02:H
1373,三维域：固定设计顶点 MP1,optimal,52780.0,65.0,77.5,0.0,142.5,0.0,,188,01:M; 13:M; 02:H
1374,三维域：固定设计顶点 MP1,optimal,52780.0,7.457260040526261,100.0,32.7878767456,140.24513678612627,0.0,,188,01:M; 13:M; 02:H
1375,三维域：固定设计顶点 MP1,optimal,52780.0,0.0,100.0,36.3543924172,136.35439241720002,0.0,,188,01:M; 13:M; 02:H
1376,三维域：固定设计顶点 MP1,optimal,52780.0,0.0,100.0,0.0,100.0,0.0,,188,01:M; 13:M; 02:H
1377,三维域：固定设计顶点 MP1,optimal,52780.0,54.9040812005,0.0,10.0959187995,65.0,0.0,,188,01:M; 13:M; 02:H
1378,三维域：固定设计顶点 MP1,optimal,52780.0,65.0,0.0,0.0,65.0,0.0,,188,01:M; 13:M; 02:H
1379,三维域：固定设计顶点 MP1,optimal,52780.0,0.0,0.0,36.3543924172,36.3543924172,0.0,,188,01:M; 13:M; 02:H
1380,三维域：固定设计顶点 MP1,optimal,53460.0,65.0,55.7434017063,0.0,120.7434017063,0.0,,188,01:M; 02:M; 23:H
1381,三维域：固定设计顶点 MP1,optimal,53460.0,65.0,0.0,43.35415900157867,108.35415900157867,0.0,,188,01:M; 02:M; 23:H
1382,三维域：固定设计顶点 MP1,optimal,53460.0,65.0,0.0,0.0,65.0,0.0,,188,01:M; 02:M; 23:H
1383,三维域：固定设计顶点 MP1,optimal,53460.0,0.0,55.7434017063,0.0,55.7434017063,0.0,,188,01:M; 02:M; 23:H
1384,三维域：固定设计顶点 MP1,optimal,53460.0,0.0,0.0,43.35415900157867,43.35415900157867,0.0,,188,01:M; 02:M; 23:H
1385,三维域：固定设计顶点 MP1,optimal,53680.0,0.0,55.7434017063,0.0,55.7434017063,0.0,,188,13:H; 02:M; 23:L
1386,三维域：固定设计顶点 MP1,optimal,53680.0,0.0,16.8963021962,19.7123525623,36.6086547585,0.0,,188,13:H; 02:M; 23:L
1387,三维域：固定设计顶点 MP1,cut,53680.0,19.7123525623,16.8963021962,0.0,36.6086547585,0.005524441777106709,189.0,189,13:H; 02:M; 23:L
1388,三维域：固定设计顶点 MP1,optimal,53680.0,0.0,53.1240726586,1.3291375241930667,54.453210182793065,0.0,,189,13:H; 02:M; 23:L
1389,三维域：固定设计顶点 MP1,optimal,53680.0,17.1176146911,14.6722411637,0.0,31.7898558548,0.0,,189,13:H; 02:M; 23:L
1390,三维域：固定设计顶点 MP1,optimal,53680.0,0.0,0.0,28.2861166293,28.2861166293,-4.73879740327155e-14,,189,13:H; 02:M; 23:L
1391,三维域：固定设计顶点 MP1,optimal,53680.0,23.2327029325,0.0,0.0,23.2327029325,0.0,,189,13:H; 02:M; 23:L
1392,三维域：固定设计顶点 MP1,cut,53700.0,0.0,0.0,55.7434017063,55.7434017063,0.03806981949473514,190.0,190,12:H; 13:H; 02:M
1393,三维域：固定设计顶点 MP1,optimal,53700.0,0.0,55.7434017063,0.0,55.7434017063,0.0,,190,12:H; 13:H; 02:M
1394,三维域：固定设计顶点 MP1,optimal,53700.0,42.182257463565996,0.0,0.0,42.182257463565996,0.0,,190,12:H; 13:H; 02:M
1395,三维域：固定设计顶点 MP1,optimal,53700.0,0.0,0.0,31.8507935822,31.8507935822,0.0,,190,12:H; 13:H; 02:M
1396,三维域：固定设计顶点 MP1,optimal,53800.0,100.0,30.627244853194252,0.0,130.62724485319424,0.0,,190,01:H; 02:L; 23:H
1397,三维域：固定设计顶点 MP1,optimal,53800.0,100.0,0.0,26.4710191829,126.4710191829,0.0,,190,01:H; 02:L; 23:H
1398,三维域：固定设计顶点 MP1,optimal,53800.0,100.0,0.0,0.0,100.0,0.0,,190,01:H; 02:L; 23:H
1399,三维域：固定设计顶点 MP1,optimal,53800.0,0.0,30.62724485319428,0.0,30.62724485319428,0.0,,190,01:H; 02:L; 23:H
1400,三维域：固定设计顶点 MP1,optimal,53800.0,0.0,0.0,26.4710191829,26.4710191829,0.0,,190,01:H; 02:L; 23:H
1401,三维域：固定设计顶点 MP1,optimal,54140.0,42.5,97.7728894307,2.2271105692999953,142.5,0.0,,190,01:M; 02:H; 23:L
1402,三维域：固定设计顶点 MP1,optimal,54140.0,42.5,100.0,0.0,142.5,0.0,,190,01:M; 02:H; 23:L
1403,三维域：固定设计顶点 MP1,optimal,54140.0,64.9999999998,62.8531203866,14.6468796136,142.5,0.0,,190,01:M; 02:H; 23:L
1404,三维域：固定设计顶点 MP1,optimal,54140.0,65.0,77.5,0.0,142.5,0.0,,190,01:M; 02:H; 23:L
1405,三维域：固定设计顶点 MP1,optimal,54140.0,65.0,5.62771944009263,35.0,105.62771944009263,0.0,,190,01:M; 02:H; 23:L
1406,三维域：固定设计顶点 MP1,optimal,54140.0,0.0,97.7728894307,2.2271105693,100.0,0.0,,190,01:M; 02:H; 23:L
1407,三维域：固定设计顶点 MP1,optimal,54140.0,0.0,100.0,0.0,100.0,0.0,,190,01:M; 02:H; 23:L
1408,三维域：固定设计顶点 MP1,optimal,54140.0,65.0,0.0,35.0,100.0,0.0,,190,01:M; 02:H; 23:L
1409,三维域：固定设计顶点 MP1,optimal,54140.0,65.0,0.0,0.0,65.0,0.0,,190,01:M; 02:H; 23:L
1410,三维域：固定设计顶点 MP1,optimal,54140.0,0.0,41.3829040441,22.2831021776,63.6660062217,0.0,,190,01:M; 02:H; 23:L
1411,三维域：固定设计顶点 MP1,optimal,54140.0,0.0,5.627719440092493,35.0,40.62771944009249,0.0,,190,01:M; 02:H; 23:L
1412,三维域：固定设计顶点 MP1,optimal,54140.0,0.0,0.0,35.0,35.0,0.0,,190,01:M; 02:H; 23:L
1413,三维域：固定设计顶点 MP1,optimal,54320.0,0.0,55.7434017063,0.0,55.7434017063,0.0,,190,13:M; 02:M; 23:H
1414,三维域：固定设计顶点 MP1,optimal,54320.0,0.0,0.0,43.35415900157869,43.35415900157869,0.0,,190,13:M; 02:M; 23:H
1415,三维域：固定设计顶点 MP1,cut,54320.0,43.35415900157869,0.0,0.0,43.35415900157869,0.02672344218276957,191.0,191,13:M; 02:M; 23:H
1416,三维域：固定设计顶点 MP1,optimal,54320.0,0.0,45.940874826,7.623867506778957,53.564742332778955,0.0,,191,13:M; 02:M; 23:H
1417,三维域：固定设计顶点 MP1,optimal,54320.0,26.7255968458,0.0,0.0,26.7255968458,7.249706630292759e-14,,191,13:M; 02:M; 23:H
1418,三维域：固定设计顶点 MP1,optimal,54780.0,86.7565982937,55.7434017063,0.0,142.5,0.0,,191,01:H; 02:M; 23:M
1419,三维域：固定设计顶点 MP1,optimal,54780.0,100.0,17.6686218007,24.8313781993,142.5,0.0,,191,01:H; 02:M; 23:M
1420,三维域：固定设计顶点 MP1,optimal,54780.0,100.0,42.5,0.0,142.5,0.0,,191,01:H; 02:M; 23:M
1421,三维域：固定设计顶点 MP1,optimal,54780.0,99.9999999999,0.0,36.3543924172,136.3543924171,0.0,,191,01:H; 02:M; 23:M
1422,三维域：固定设计顶点 MP1,optimal,54780.0,100.0,0.0,0.0,100.0,0.0,,191,01:H; 02:M; 23:M
1423,三维域：固定设计顶点 MP1,optimal,54780.0,0.0,55.7434017063,0.0,55.7434017063,0.0,,191,01:H; 02:M; 23:M
1424,三维域：固定设计顶点 MP1,optimal,54780.0,0.0,0.0,36.3543924172,36.3543924172,0.0,,191,01:H; 02:M; 23:M
1425,三维域：固定设计顶点 MP1,optimal,54820.0,0.0,95.946526705,4.053473295,100.0,0.0,,191,12:M; 02:H; 23:M
1426,三维域：固定设计顶点 MP1,optimal,54820.0,0.0,100.0,0.0,100.0,0.0,,191,12:M; 02:H; 23:M
1427,三维域：固定设计顶点 MP1,optimal,54820.0,3.6030873733,92.3434393317,4.053473295,100.0,0.0,,191,12:M; 02:H; 23:M
1428,三维域：固定设计顶点 MP1,optimal,54820.0,3.6030873733,96.3969126267,0.0,100.0,0.0,,191,12:M; 02:H; 23:M
1429,三维域：固定设计顶点 MP1,optimal,54820.0,29.2181663874,9.2279268103,32.8704371859,71.3165303836,0.0,,191,12:M; 02:H; 23:M
1430,三维域：固定设计顶点 MP1,optimal,54820.0,32.06208886594025,0.0,36.0698499743,68.13193884024025,0.0,,191,12:M; 02:H; 23:M
1431,三维域：固定设计顶点 MP1,optimal,54820.0,0.0,22.108311638235357,41.0582930425,63.166604680735354,0.0,,191,12:M; 02:H; 23:M
1432,三维域：固定设计顶点 MP1,optimal,54820.0,0.0,0.0,52.1381124335,52.1381124335,0.0,,191,12:M; 02:H; 23:M
1433,三维域：固定设计顶点 MP1,optimal,54820.0,49.0778670114,0.0,0.0,49.0778670114,0.0,,191,12:M; 02:H; 23:M
1434,三维域：固定设计顶点 MP1,optimal,55000.0,0.0,97.7728894307,2.2271105693,100.0,0.0,,191,13:M; 02:H; 23:L
1435,三维域：固定设计顶点 MP1,optimal,55000.0,0.0,100.0,0.0,100.0,0.0,,191,13:M; 02:H; 23:L
1436,三维域：固定设计顶点 MP1,cut,55000.0,2.2271105693,97.7728894307,0.0,100.0,0.0012514612597619042,192.0,192,13:M; 02:H; 23:L
1437,三维域：固定设计顶点 MP1,optimal,55000.0,1.2209038856,98.7790961144,0.0,100.0,0.0,,192,13:M; 02:H; 23:L
1438,三维域：固定设计顶点 MP1,optimal,55000.0,2.4100446818815686,93.6602265138,0.0,96.07027119568157,0.0,,192,13:M; 02:H; 23:L
1439,三维域：固定设计顶点 MP1,optimal,55000.0,0.0,66.158931912,13.471115375353278,79.63004728735328,0.0,,192,13:M; 02:H; 23:L
1440,三维域：固定设计顶点 MP1,optimal,55000.0,16.8837553864,31.3555457176,0.0,48.239301104,0.0,,192,13:M; 02:H; 23:L
1441,三维域：固定设计顶点 MP1,optimal,55000.0,0.0,5.627719440092668,35.0,40.62771944009267,0.0,,192,13:M; 02:H; 23:L
1442,三维域：固定设计顶点 MP1,optimal,55000.0,0.0,0.0,35.0,35.0,0.0,,192,13:M; 02:H; 23:L
1443,三维域：固定设计顶点 MP1,optimal,55000.0,3.7692740816,0.0,31.2307259184,35.0,0.0,,192,13:M; 02:H; 23:L
1444,三维域：固定设计顶点 MP1,optimal,55000.0,24.167816421593184,0.0,0.0,24.167816421593184,0.0,,192,13:M; 02:H; 23:L
1445,三维域：固定设计顶点 MP1,cut,55020.0,0.0,35.0,65.0,100.0,0.07527899229308392,193.0,193,12:H; 13:M; 02:H
1446,三维域：固定设计顶点 MP1,optimal,55020.0,0.0,98.0723378883,1.9276621117,100.0,0.0,,193,12:H; 13:M; 02:H
1447,三维域：固定设计顶点 MP1,optimal,55020.0,0.0,100.0,0.0,100.0,0.0,,193,12:H; 13:M; 02:H
1448,三维域：固定设计顶点 MP1,optimal,55020.0,6.7244927061,93.2755072939,0.0,100.0,0.0,,193,12:H; 13:M; 02:H
1449,三维域：固定设计顶点 MP1,optimal,55020.0,0.8991776274,97.4309210645,1.6699013081,99.99999999999999,0.0,,193,12:H; 13:M; 02:H
1450,三维域：固定设计顶点 MP1,optimal,55020.0,65.0216847648,0.0,0.0,65.0216847648,0.0,,193,12:H; 13:M; 02:H
1451,三维域：固定设计顶点 MP1,optimal,55020.0,14.1654851997,0.0,26.3073296566,40.472814856300005,0.0,,193,12:H; 13:M; 02:H
1452,三维域：固定设计顶点 MP1,optimal,55020.0,0.0,0.0,33.6349729347,33.6349729347,0.0,,193,12:H; 13:M; 02:H
1453,三维域：固定设计顶点 MP1,optimal,55100.0,0.0,30.627244853194252,0.0,30.627244853194252,0.0,,193,13:H; 02:L; 23:H
1454,三维域：固定设计顶点 MP1,optimal,55100.0,0.0,0.0,26.4710191829,26.4710191829,0.0,,193,13:H; 02:L; 23:H
1455,三维域：固定设计顶点 MP1,cut,55100.0,26.4710191829,0.0,0.0,26.4710191829,0.007062902877403522,194.0,194,13:H; 02:L; 23:H
1456,三维域：固定设计顶点 MP1,optimal,55100.0,21.994019577,0.0,0.0,21.994019577,-5.664986612604846e-14,,194,13:H; 02:L; 23:H
1457,三维域：固定设计顶点 MP1,optimal,55700.0,0.0,55.7434017063,0.0,55.7434017063,0.0,,194,12:H; 02:M; 23:H
1458,三维域：固定设计顶点 MP1,optimal,55700.0,22.7850584936,0.0,25.6331908053,48.4182492989,0.0,,194,12:H; 02:M; 23:H
1459,三维域：固定设计顶点 MP1,optimal,55700.0,0.0,0.0,43.35415900157867,43.35415900157867,0.0,,194,12:H; 02:M; 23:H
1460,三维域：固定设计顶点 MP1,optimal,55700.0,42.18225746356603,0.0,0.0,42.18225746356603,0.0,,194,12:H; 02:M; 23:H
1461,三维域：固定设计顶点 MP1,optimal,56080.0,0.0,55.7434017063,0.0,55.7434017063,0.0,,194,13:H; 02:M; 23:M
1462,三维域：固定设计顶点 MP1,optimal,56080.0,0.0,0.0,36.3543924172,36.3543924172,0.0,,194,13:H; 02:M; 23:M
1463,三维域：固定设计顶点 MP1,cut,56080.0,36.3543924172,0.0,0.0,36.3543924172,0.012172413222028928,195.0,195,13:H; 02:M; 23:M
1464,三维域：固定设计顶点 MP1,optimal,56080.0,28.4117264068,0.0,0.0,28.4117264068,6.256457916422392e-14,,195,13:H; 02:M; 23:M
1465,三维域：固定设计顶点 MP1,optimal,56300.0,36.2401105333,55.7434017063,50.5164877604,142.5,0.0,,195,01:H; 13:H; 02:M
1466,三维域：固定设计顶点 MP1,optimal,56300.0,61.6232971371,42.5,38.3767028629,142.5,0.0,,195,01:H; 13:H; 02:M
1467,三维域：固定设计顶点 MP1,optimal,56300.0,86.7565982937,55.7434017063,0.0,142.5,0.0,,195,01:H; 13:H; 02:M
1468,三维域：固定设计顶点 MP1,optimal,56300.0,100.0,42.5,0.0,142.5,0.0,,195,01:H; 13:H; 02:M
1469,三维域：固定设计顶点 MP1,optimal,56300.0,0.0,55.7434017063,67.8487145372,123.59211624349999,0.0,,195,01:H; 13:H; 02:M
1470,三维域：固定设计顶点 MP1,optimal,56300.0,61.6232971371,0.0,38.3767028629,100.0,0.0,,195,01:H; 13:H; 02:M
1471,三维域：固定设计顶点 MP1,optimal,56300.0,100.0,0.0,0.0,100.0,0.0,,195,01:H; 13:H; 02:M
1472,三维域：固定设计顶点 MP1,optimal,56300.0,0.0,0.0,67.8487145372,67.8487145372,0.0,,195,01:H; 13:H; 02:M
1473,三维域：固定设计顶点 MP1,optimal,56300.0,0.0,55.7434017063,0.0,55.7434017063,0.0,,195,01:H; 13:H; 02:M
1474,三维域：固定设计顶点 MP1,cut,56340.0,0.0,35.0,65.0,100.0,0.0651859033137069,196.0,196,12:M; 13:H; 02:H
1475,三维域：固定设计顶点 MP1,optimal,56340.0,0.0,97.8983644659,2.1016355341,100.0,0.0,,196,12:M; 13:H; 02:H
1476,三维域：固定设计顶点 MP1,optimal,56340.0,0.0,100.0,0.0,100.0,0.0,,196,12:M; 13:H; 02:H
1477,三维域：固定设计顶点 MP1,optimal,56340.0,3.6030873733,96.3969126267,0.0,100.0,0.0,,196,12:M; 13:H; 02:H
1478,三维域：固定设计顶点 MP1,optimal,56340.0,49.0778670114,0.0,0.0,49.0778670114,0.0,,196,12:M; 13:H; 02:H
1479,三维域：固定设计顶点 MP1,optimal,56340.0,0.0,0.0,35.6309018335,35.6309018335,0.0,,196,12:M; 13:H; 02:H
1480,三维域：固定设计顶点 MP1,optimal,56380.0,0.0,97.7728894307,2.2271105693,100.0,0.0,,196,12:H; 02:H; 23:L
1481,三维域：固定设计顶点 MP1,optimal,56380.0,0.0,100.0,0.0,100.0,0.0,,196,12:H; 02:H; 23:L
1482,三维域：固定设计顶点 MP1,cut,56380.0,97.7728894307,0.0,2.2271105693,100.0,0.047978958326829246,197.0,197,12:H; 02:H; 23:L
1483,三维域：固定设计顶点 MP1,optimal,56380.0,6.7244927061,93.122334069,0.1531732249,100.0,0.0,,197,12:H; 02:H; 23:L
1484,三维域：固定设计顶点 MP1,optimal,56380.0,6.7244927061,93.2755072939,0.0,100.0,0.0,,197,12:H; 02:H; 23:L
1485,三维域：固定设计顶点 MP1,optimal,56380.0,6.7244927061,91.0483967246,2.2271105693,99.99999999999999,0.0,,197,12:H; 02:H; 23:L
1486,三维域：固定设计顶点 MP1,optimal,56380.0,53.8706645626,0.0,17.8416323235,71.7122968861,0.0,,197,12:H; 02:H; 23:L
1487,三维域：固定设计顶点 MP1,optimal,56380.0,54.1212787379,0.0,17.440649643037393,71.56192838093739,0.0,,197,12:H; 02:H; 23:L
1488,三维域：固定设计顶点 MP1,optimal,56380.0,65.0216847648,0.0,0.0,65.0216847648,0.0,,197,12:H; 02:H; 23:L
1489,三维域：固定设计顶点 MP1,optimal,56380.0,0.0,41.3829040441,22.2831021776,63.6660062217,0.0,,197,12:H; 02:H; 23:L
1490,三维域：固定设计顶点 MP1,optimal,56380.0,41.3829040441,0.0,22.2831021776,63.6660062217,0.0,,197,12:H; 02:H; 23:L
1491,三维域：固定设计顶点 MP1,optimal,56380.0,0.0,5.627719440092493,35.0,40.62771944009249,0.0,,197,12:H; 02:H; 23:L
1492,三维域：固定设计顶点 MP1,optimal,56380.0,5.627719440092493,0.0,35.0,40.62771944009249,0.0,,197,12:H; 02:H; 23:L
1493,三维域：固定设计顶点 MP1,optimal,56380.0,0.0,0.0,35.0,35.0,0.0,,197,12:H; 02:H; 23:L
1494,三维域：固定设计顶点 MP1,optimal,56540.0,52.8243222694,75.249832264,14.425845466599995,142.5,0.0,,197,01:M; 02:H; 23:M
1495,三维域：固定设计顶点 MP1,optimal,56540.0,42.5,95.946526705,4.053473295,142.5,0.0,,197,01:M; 02:H; 23:M
1496,三维域：固定设计顶点 MP1,optimal,56540.0,42.5,100.0,0.0,142.5,0.0,,197,01:M; 02:H; 23:M
1497,三维域：固定设计顶点 MP1,optimal,56540.0,65.0,50.8418106015,26.6581893985,142.5,0.0,,197,01:M; 02:H; 23:M
1498,三维域：固定设计顶点 MP1,optimal,56540.0,65.0,77.5,0.0,142.5,0.0,,197,01:M; 02:H; 23:M
1499,三维域：固定设计顶点 MP1,optimal,56540.0,65.0,21.5822810405,41.3219189635,127.90420000399999,0.0,,197,01:M; 02:H; 23:M
1500,三维域：固定设计顶点 MP1,optimal,56540.0,65.0,0.0,52.1381124335,117.1381124335,0.0,,197,01:M; 02:H; 23:M
1501,三维域：固定设计顶点 MP1,optimal,56540.0,0.0,95.946526705,4.053473295,100.0,0.0,,197,01:M; 02:H; 23:M
1502,三维域：固定设计顶点 MP1,optimal,56540.0,0.0,100.0,0.0,100.0,0.0,,197,01:M; 02:H; 23:M
1503,三维域：固定设计顶点 MP1,optimal,56540.0,65.0,0.0,0.0,65.0,0.0,,197,01:M; 02:H; 23:M
1504,三维域：固定设计顶点 MP1,optimal,56540.0,0.0,22.108311638235357,41.0582930425,63.166604680735354,0.0,,197,01:M; 02:H; 23:M
1505,三维域：固定设计顶点 MP1,optimal,56540.0,0.0,0.0,52.1381124335,52.1381124335,0.0,,197,01:M; 02:H; 23:M
1506,三维域：固定设计顶点 MP1,optimal,57400.0,0.0,95.946526705,4.053473295,100.0,0.0,,197,13:M; 02:H; 23:M
1507,三维域：固定设计顶点 MP1,optimal,57400.0,0.0,100.0,0.0,100.0,0.0,,197,13:M; 02:H; 23:M
1508,三维域：固定设计顶点 MP1,cut,57400.0,4.053473295,95.946526705,0.0,100.0,0.002761248775800138,198.0,198,13:M; 02:H; 23:M
1509,三维域：固定设计顶点 MP1,optimal,57400.0,1.621389318,98.378610682,0.0,100.0,0.0,,198,13:M; 02:H; 23:M
1510,三维域：固定设计顶点 MP1,optimal,57400.0,0.0,22.108311638235282,41.0582930425,63.166604680735276,0.0,,198,13:M; 02:H; 23:M
1511,三维域：固定设计顶点 MP1,optimal,57400.0,0.0,6.7083553452,48.7761476281,55.484502973299996,0.0,,198,13:M; 02:H; 23:M
1512,三维域：固定设计顶点 MP1,optimal,57400.0,0.0,0.0,52.1381124335,52.1381124335,0.0,,198,13:M; 02:H; 23:M
1513,三维域：固定设计顶点 MP1,optimal,57400.0,29.8228803005,0.0,0.0,29.8228803005,0.0,,198,13:M; 02:H; 23:M
1514,三维域：固定设计顶点 MP1,optimal,57620.0,48.0079383547,63.5769743875,30.915087257799996,142.5,0.0,,198,01:H; 13:M; 02:H
1515,三维域：固定设计顶点 MP1,optimal,57620.0,0.0,95.7719119391,46.7280880609,142.5,0.0,,198,01:H; 13:M; 02:H
1516,三维域：固定设计顶点 MP1,optimal,57620.0,0.0,100.0,42.5,142.5,0.0,,198,01:H; 13:M; 02:H
1517,三维域：固定设计顶点 MP1,optimal,57620.0,9.3431259237,89.5062532593,43.650620817,142.5,0.0,,198,01:H; 13:M; 02:H
1518,三维域：固定设计顶点 MP1,optimal,57620.0,42.5,100.0,0.0,142.5,0.0,,198,01:H; 13:M; 02:H
1519,三维域：固定设计顶点 MP1,optimal,57620.0,79.4371680426,42.5,20.562831957399993,142.5,0.0,,198,01:H; 13:M; 02:H
1520,三维域：固定设计顶点 MP1,optimal,57620.0,100.0,42.5,0.0,142.5,0.0,,198,01:H; 13:M; 02:H
1521,三维域：固定设计顶点 MP1,optimal,57620.0,0.0,100.0,0.0,100.0,0.0,,198,01:H; 13:M; 02:H
1522,三维域：固定设计顶点 MP1,optimal,57620.0,79.4371680426,0.0,20.5628319574,100.0,0.0,,198,01:H; 13:M; 02:H
1523,三维域：固定设计顶点 MP1,optimal,57620.0,100.0,0.0,0.0,100.0,0.0,,198,01:H; 13:M; 02:H
1524,三维域：固定设计顶点 MP1,optimal,57620.0,0.0,0.0,46.7280880609,46.7280880609,0.0,,198,01:H; 13:M; 02:H
1525,三维域：固定设计顶点 MP1,optimal,58060.0,0.0,94.5274643805,47.97253561949999,142.5,0.0,,198,01:M; 13:H; 02:H
1526,三维域：固定设计顶点 MP1,optimal,58060.0,0.0,100.0,42.5,142.5,0.0,,198,01:M; 13:H; 02:H
1527,三维域：固定设计顶点 MP1,optimal,58060.0,1.5239202658,93.9652956248,47.0107841094,142.5,0.0,,198,01:M; 13:H; 02:H
1528,三维域：固定设计顶点 MP1,optimal,58060.0,42.5,100.0,0.0,142.5,0.0,,198,01:M; 13:H; 02:H
1529,三维域：固定设计顶点 MP1,optimal,58060.0,46.1578445663,77.5,18.8421554337,142.5,0.0,,198,01:M; 13:H; 02:H
1530,三维域：固定设计顶点 MP1,optimal,58060.0,65.0,77.5,0.0,142.5,0.0,,198,01:M; 13:H; 02:H
1531,三维域：固定设计顶点 MP1,optimal,58060.0,0.0,100.0,0.0,100.0,0.0,,198,01:M; 13:H; 02:H
1532,三维域：固定设计顶点 MP1,optimal,58060.0,46.1578445663,0.0,18.8421554337,65.0,0.0,,198,01:M; 13:H; 02:H
1533,三维域：固定设计顶点 MP1,optimal,58060.0,65.0,0.0,0.0,65.0,0.0,,198,01:M; 13:H; 02:H
1534,三维域：固定设计顶点 MP1,optimal,58060.0,0.0,0.0,47.9725356195,47.9725356195,0.0,,198,01:M; 13:H; 02:H
1535,三维域：固定设计顶点 MP1,optimal,58300.0,86.7565982937,55.7434017063,0.0,142.5,0.0,,198,01:H; 02:M; 23:H
1536,三维域：固定设计顶点 MP1,optimal,58300.0,93.9880332178,23.2067252124,25.3052415698,142.5,0.0,,198,01:H; 02:M; 23:H
1537,三维域：固定设计顶点 MP1,optimal,58300.0,99.1458409984,0.0,43.354159001599996,142.5,0.0,,198,01:H; 02:M; 23:H
1538,三维域：固定设计顶点 MP1,optimal,58300.0,100.0,0.0,42.5,142.5,0.0,,198,01:H; 02:M; 23:H
1539,三维域：固定设计顶点 MP1,optimal,58300.0,100.0,42.5,0.0,142.5,0.0,,198,01:H; 02:M; 23:H
1540,三维域：固定设计顶点 MP1,optimal,58300.0,100.0,0.0,0.0,100.0,0.0,,198,01:H; 02:M; 23:H
1541,三维域：固定设计顶点 MP1,optimal,58300.0,0.0,55.7434017063,0.0,55.7434017063,0.0,,198,01:H; 02:M; 23:H
1542,三维域：固定设计顶点 MP1,optimal,58300.0,0.0,0.0,43.35415900157867,43.35415900157867,0.0,,198,01:H; 02:M; 23:H
1543,三维域：固定设计顶点 MP1,optimal,58340.0,0.0,92.4349457056,7.565054294399997,100.0,0.0,,198,12:M; 02:H; 23:H
1544,三维域：固定设计顶点 MP1,optimal,58340.0,0.0,100.0,0.0,100.0,0.0,,198,12:M; 02:H; 23:H
1545,三维域：固定设计顶点 MP1,optimal,58340.0,3.6030873733,88.8318583323,7.5650542944,100.0,0.0,,198,12:M; 02:H; 23:H
1546,三维域：固定设计顶点 MP1,optimal,58340.0,3.6030873733,96.3969126267,0.0,100.0,0.0,,198,12:M; 02:H; 23:H
1547,三维域：固定设计顶点 MP1,optimal,58340.0,4.4660669582,85.1906093545,9.3769691159,99.0336454286,0.0,,198,12:M; 02:H; 23:H
1548,三维域：固定设计顶点 MP1,optimal,58340.0,24.6563250664,0.0,51.76850253735475,76.42482760375475,0.0,,198,12:M; 02:H; 23:H
1549,三维域：固定设计顶点 MP1,optimal,58340.0,0.0,0.0,67.8487145372,67.8487145372,0.0,,198,12:M; 02:H; 23:H
1550,三维域：固定设计顶点 MP1,optimal,58340.0,49.0778670114,0.0,0.0,49.0778670114,0.0,,198,12:M; 02:H; 23:H
1551,三维域：固定设计顶点 MP1,optimal,58780.0,0.0,95.946526705,4.053473295,100.0,0.0,,198,12:H; 02:H; 23:M
1552,三维域：固定设计顶点 MP1,optimal,58780.0,0.0,100.0,0.0,100.0,0.0,,198,12:H; 02:H; 23:M
1553,三维域：固定设计顶点 MP1,optimal,58780.0,6.7244927061,89.2220339989,4.053473295,100.0,0.0,,198,12:H; 02:H; 23:M
1554,三维域：固定设计顶点 MP1,optimal,58780.0,6.7244927061,92.9914162221,0.2840910718,100.0,0.0,,198,12:H; 02:H; 23:M
1555,三维域：固定设计顶点 MP1,optimal,58780.0,6.7244927061,93.2755072939,0.0,100.0,0.0,,198,12:H; 02:H; 23:M
1556,三维域：固定设计顶点 MP1,optimal,58780.0,47.2285514667,0.0,28.4690132769,75.6975647436,0.0,,198,12:H; 02:H; 23:M
1557,三维域：固定设计顶点 MP1,optimal,58780.0,47.8363638325,0.0,27.4965134917,75.3328773242,0.0,,198,12:H; 02:H; 23:M
1558,三维域：固定设计顶点 MP1,optimal,58780.0,65.0216847648,0.0,0.0,65.0216847648,0.0,,198,12:H; 02:H; 23:M
1559,三维域：固定设计顶点 MP1,optimal,58780.0,0.0,22.108311638235357,41.0582930425,63.166604680735354,0.0,,198,12:H; 02:H; 23:M
1560,三维域：固定设计顶点 MP1,optimal,58780.0,22.108311638235357,0.0,41.0582930425,63.166604680735354,0.0,,198,12:H; 02:H; 23:M
1561,三维域：固定设计顶点 MP1,optimal,58780.0,0.0,0.0,52.1381124335,52.1381124335,0.0,,198,12:H; 02:H; 23:M
1562,三维域：固定设计顶点 MP1,optimal,58980.0,42.5,97.7728894307,2.2271105692999953,142.5,0.0,,198,01:H; 02:H; 23:L
1563,三维域：固定设计顶点 MP1,optimal,58980.0,42.5,100.0,0.0,142.5,0.0,,198,01:H; 02:H; 23:L
1564,三维域：固定设计顶点 MP1,optimal,58980.0,100.0,8.5334796507,33.9665203493,142.5,0.0,,198,01:H; 02:H; 23:L
1565,三维域：固定设计顶点 MP1,optimal,58980.0,100.0,42.5,0.0,142.5,0.0,,198,01:H; 02:H; 23:L
1566,三维域：固定设计顶点 MP1,optimal,58980.0,100.0,8.248071388,34.06803031925634,142.31610170725634,0.0,,198,01:H; 02:H; 23:L
1567,三维域：固定设计顶点 MP1,optimal,58980.0,100.0,7.367410961,34.3812511512,141.7486621122,0.0,,198,01:H; 02:H; 23:L
1568,三维域：固定设计顶点 MP1,optimal,58980.0,100.0,5.627719440092455,35.0,140.62771944009245,0.0,,198,01:H; 02:H; 23:L
1569,三维域：固定设计顶点 MP1,optimal,58980.0,100.0,0.0,35.0,135.0,0.0,,198,01:H; 02:H; 23:L
1570,三维域：固定设计顶点 MP1,optimal,58980.0,0.0,97.7728894307,2.2271105693,100.0,0.0,,198,01:H; 02:H; 23:L
1571,三维域：固定设计顶点 MP1,optimal,58980.0,0.0,100.0,0.0,100.0,0.0,,198,01:H; 02:H; 23:L
1572,三维域：固定设计顶点 MP1,optimal,58980.0,100.0,0.0,0.0,100.0,0.0,,198,01:H; 02:H; 23:L
1573,三维域：固定设计顶点 MP1,optimal,58980.0,0.0,41.3829040441,22.2831021776,63.6660062217,0.0,,198,01:H; 02:H; 23:L
1574,三维域：固定设计顶点 MP1,optimal,58980.0,0.0,5.627719440092493,35.0,40.62771944009249,0.0,,198,01:H; 02:H; 23:L
1575,三维域：固定设计顶点 MP1,optimal,58980.0,0.0,0.0,35.0,35.0,0.0,,198,01:H; 02:H; 23:L
1576,三维域：固定设计顶点 MP1,optimal,59600.0,0.0,55.7434017063,0.0,55.7434017063,0.0,,198,13:H; 02:M; 23:H
1577,三维域：固定设计顶点 MP1,optimal,59600.0,0.0,0.0,43.35415900157869,43.35415900157869,0.0,,198,13:H; 02:M; 23:H
1578,三维域：固定设计顶点 MP1,cut,59600.0,43.35415900157869,0.0,0.0,43.35415900157869,0.016314365850134065,199.0,199,13:H; 02:M; 23:H
1579,三维域：固定设计顶点 MP1,optimal,59600.0,0.0,45.9374263469,7.6265495445922,53.5639758914922,0.0,,199,13:H; 02:M; 23:H
1580,三维域：固定设计顶点 MP1,optimal,59600.0,32.51442490239147,0.0,0.0,32.51442490239147,0.0,,199,13:H; 02:M; 23:H
1581,三维域：固定设计顶点 MP1,optimal,60060.0,42.5,92.4349457056,7.565054294399999,142.5,0.0,,199,01:M; 02:H; 23:H
1582,三维域：固定设计顶点 MP1,optimal,60060.0,42.5,100.0,0.0,142.5,0.0,,199,01:M; 02:H; 23:H
1583,三维域：固定设计顶点 MP1,optimal,60060.0,65.0,27.7474457056,49.7525542944,142.5,0.0,,199,01:M; 02:H; 23:H
1584,三维域：固定设计顶点 MP1,optimal,60060.0,65.0,77.5,0.0,142.5,0.0,,199,01:M; 02:H; 23:H
1585,三维域：固定设计顶点 MP1,optimal,60060.0,65.0,0.0,67.8487145372,132.8487145372,0.0,,199,01:M; 02:H; 23:H
1586,三维域：固定设计顶点 MP1,optimal,60060.0,0.0,92.4349457056,7.565054294399997,100.0,0.0,,199,01:M; 02:H; 23:H
1587,三维域：固定设计顶点 MP1,optimal,60060.0,0.0,100.0,0.0,100.0,0.0,,199,01:M; 02:H; 23:H
1588,三维域：固定设计顶点 MP1,optimal,60060.0,0.0,0.0,67.8487145372,67.8487145372,0.0,,199,01:M; 02:H; 23:H
1589,三维域：固定设计顶点 MP1,optimal,60060.0,65.0,0.0,0.0,65.0,0.0,,199,01:M; 02:H; 23:H
1590,三维域：固定设计顶点 MP1,optimal,60280.0,0.0,97.7728894307,2.2271105693,100.0,0.0,,199,13:H; 02:H; 23:L
1591,三维域：固定设计顶点 MP1,optimal,60280.0,0.0,100.0,0.0,100.0,0.0,,199,13:H; 02:H; 23:L
1592,三维域：固定设计顶点 MP1,cut,60280.0,2.2271105693,97.7728894307,0.0,100.0,0.0007547075575886922,200.0,200,13:H; 02:H; 23:L
1593,三维域：固定设计顶点 MP1,optimal,60280.0,1.54489682,98.45510318,0.0,100.0,3.7880150801106055e-14,,200,13:H; 02:H; 23:L
1594,三维域：固定设计顶点 MP1,optimal,60280.0,0.0,66.1546221075,13.47264822559774,79.62727033309774,0.0,,200,13:H; 02:H; 23:L
1595,三维域：固定设计顶点 MP1,optimal,60280.0,0.0,41.3829040441,22.2831021776,63.6660062217,0.0,,200,13:H; 02:H; 23:L
1596,三维域：固定设计顶点 MP1,optimal,60280.0,0.0,5.627719440092668,35.0,40.62771944009267,0.0,,200,13:H; 02:H; 23:L
1597,三维域：固定设计顶点 MP1,optimal,60280.0,5.8573755129,0.9418190298,29.1426244871,35.9418190298,0.0,,200,13:H; 02:H; 23:L
1598,三维域：固定设计顶点 MP1,optimal,60280.0,0.0,0.0,35.0,35.0,0.0,,200,13:H; 02:H; 23:L
1599,三维域：固定设计顶点 MP1,optimal,60280.0,7.0346493001,0.0,27.9653506999,35.0,0.0,,200,13:H; 02:H; 23:L
1600,三维域：固定设计顶点 MP1,optimal,60280.0,28.805485715760366,0.0,0.0,28.805485715760366,0.0,,200,13:H; 02:H; 23:L
1601,三维域：固定设计顶点 MP1,cut,60300.0,0.0,0.0,100.0,100.0,0.08737350800958203,201.0,201,12:H; 13:H; 02:H
1602,三维域：固定设计顶点 MP1,optimal,60300.0,0.0,97.1180745545,2.8819254455,100.0,0.0,,201,12:H; 13:H; 02:H
1603,三维域：固定设计顶点 MP1,optimal,60300.0,0.0,100.0,0.0,100.0,0.0,,201,12:H; 13:H; 02:H
1604,三维域：固定设计顶点 MP1,optimal,60300.0,6.7244927061,93.2755072939,0.0,100.0,0.0,,201,12:H; 13:H; 02:H
1605,三维域：固定设计顶点 MP1,optimal,60300.0,65.0216847648,0.0,0.0,65.0216847648,0.0,,201,12:H; 13:H; 02:H
1606,三维域：固定设计顶点 MP1,optimal,60300.0,0.0,0.0,43.34778984319888,43.34778984319888,0.0,,201,12:H; 13:H; 02:H
1607,三维域：固定设计顶点 MP1,optimal,60920.0,0.0,92.4349457056,7.565054294399997,100.0,0.0,,201,13:M; 02:H; 23:H
1608,三维域：固定设计顶点 MP1,optimal,60920.0,0.0,100.0,0.0,100.0,0.0,,201,13:M; 02:H; 23:H
1609,三维域：固定设计顶点 MP1,cut,60920.0,7.5650542944,92.4349457056,0.0,100.0,0.005857139234683867,202.0,202,13:M; 02:H; 23:H
1610,三维域：固定设计顶点 MP1,optimal,60920.0,1.9910808761,98.0089191239,0.0,100.0,0.0,,202,13:M; 02:H; 23:H
1611,三维域：固定设计顶点 MP1,optimal,60920.0,0.0,0.0,67.8487145372,67.8487145372,0.0,,202,13:M; 02:H; 23:H
1612,三维域：固定设计顶点 MP1,optimal,60920.0,33.6291694297,0.0,1.4738446742031786,35.10301410390318,0.0,,202,13:M; 02:H; 23:H
1613,三维域：固定设计顶点 MP1,optimal,60920.0,34.3759004194,0.0,0.0,34.3759004194,5.10389232367944e-14,,202,13:M; 02:H; 23:H
1614,三维域：固定设计顶点 MP1,optimal,61380.0,42.5,95.946526705,4.053473295,142.5,0.0,,202,01:H; 02:H; 23:M
1615,三维域：固定设计顶点 MP1,optimal,61380.0,42.5,100.0,0.0,142.5,0.0,,202,01:H; 02:H; 23:M
1616,三维域：固定设计顶点 MP1,optimal,61380.0,85.5885191529,9.568952317799997,47.3425285293,142.5,0.0,,202,01:H; 02:H; 23:M
1617,三维域：固定设计顶点 MP1,optimal,61380.0,90.3618875665,0.0,52.1381124335,142.5,0.0,,202,01:H; 02:H; 23:M
1618,三维域：固定设计顶点 MP1,optimal,61380.0,100.0,0.0,42.5,142.5,0.0,,202,01:H; 02:H; 23:M
1619,三维域：固定设计顶点 MP1,optimal,61380.0,100.0,42.5,0.0,142.5,0.0,,202,01:H; 02:H; 23:M
1620,三维域：固定设计顶点 MP1,optimal,61380.0,0.0,95.946526705,4.053473295,100.0,0.0,,202,01:H; 02:H; 23:M
1621,三维域：固定设计顶点 MP1,optimal,61380.0,0.0,100.0,0.0,100.0,0.0,,202,01:H; 02:H; 23:M
1622,三维域：固定设计顶点 MP1,optimal,61380.0,100.0,0.0,0.0,100.0,0.0,,202,01:H; 02:H; 23:M
1623,三维域：固定设计顶点 MP1,optimal,61380.0,0.0,22.108311638235357,41.0582930425,63.166604680735354,0.0,,202,01:H; 02:H; 23:M
1624,三维域：固定设计顶点 MP1,optimal,61380.0,0.0,0.0,52.1381124335,52.1381124335,0.0,,202,01:H; 02:H; 23:M
1625,三维域：固定设计顶点 MP1,optimal,62300.0,0.0,92.4349457056,7.565054294399997,100.0,0.0,,202,12:H; 02:H; 23:H
1626,三维域：固定设计顶点 MP1,optimal,62300.0,0.0,100.0,0.0,100.0,0.0,,202,12:H; 02:H; 23:H
1627,三维域：固定设计顶点 MP1,optimal,62300.0,6.7244927061,85.7104529995,7.5650542944,100.0,0.0,,202,12:H; 02:H; 23:H
1628,三维域：固定设计顶点 MP1,optimal,62300.0,6.7244927061,93.2755072939,0.0,100.0,0.0,,202,12:H; 02:H; 23:H
1629,三维域：固定设计顶点 MP1,optimal,62300.0,38.1778699536,0.0,42.9501036979,81.1279736515,0.0,,202,12:H; 02:H; 23:H
1630,三维域：固定设计顶点 MP1,optimal,62300.0,0.0,0.0,67.8487145372,67.8487145372,0.0,,202,12:H; 02:H; 23:H
1631,三维域：固定设计顶点 MP1,optimal,62300.0,61.85759423,0.0,5.0625448557,66.9201390857,0.0,,202,12:H; 02:H; 23:H
1632,三维域：固定设计顶点 MP1,optimal,62300.0,65.0216847648,0.0,0.0,65.0216847648,0.0,,202,12:H; 02:H; 23:H
1633,三维域：固定设计顶点 MP1,optimal,62680.0,0.0,95.946526705,4.053473295,100.0,0.0,,202,13:H; 02:H; 23:M
1634,三维域：固定设计顶点 MP1,optimal,62680.0,0.0,100.0,0.0,100.0,0.0,,202,13:H; 02:H; 23:M
1635,三维域：固定设计顶点 MP1,cut,62680.0,4.053473295,95.946526705,0.0,100.0,0.001710779006349737,203.0,203,13:H; 02:H; 23:M
1636,三维域：固定设计顶点 MP1,optimal,62680.0,2.2472811831,97.7527188169,0.0,100.0,0.0,,203,13:H; 02:H; 23:M
1637,三维域：固定设计顶点 MP1,optimal,62680.0,0.0,6.710280259813912,48.7751829363,55.48546319611391,0.0,,203,13:H; 02:H; 23:M
1638,三维域：固定设计顶点 MP1,optimal,62680.0,0.0,0.0,52.1381124335,52.1381124335,0.0,,203,13:H; 02:H; 23:M
1639,三维域：固定设计顶点 MP1,optimal,62680.0,37.216822196781,0.0,0.0,37.216822196781,0.0,,203,13:H; 02:H; 23:M
1640,三维域：固定设计顶点 MP1,optimal,62900.0,0.0,74.6512854628,67.8487145372,142.5,0.0,,203,01:H; 13:H; 02:H
1641,三维域：固定设计顶点 MP1,optimal,62900.0,0.0,100.0,42.5,142.5,0.0,,203,01:H; 13:H; 02:H
1642,三维域：固定设计顶点 MP1,optimal,62900.0,42.5,100.0,0.0,142.5,0.0,,203,01:H; 13:H; 02:H
1643,三维域：固定设计顶点 MP1,optimal,62900.0,61.6232971371,42.5,38.3767028629,142.5,0.0,,203,01:H; 13:H; 02:H
1644,三维域：固定设计顶点 MP1,optimal,62900.0,100.0,42.5,0.0,142.5,0.0,,203,01:H; 13:H; 02:H
1645,三维域：固定设计顶点 MP1,optimal,62900.0,0.0,100.0,0.0,100.0,0.0,,203,01:H; 13:H; 02:H
1646,三维域：固定设计顶点 MP1,optimal,62900.0,61.6232971371,0.0,38.3767028629,100.0,0.0,,203,01:H; 13:H; 02:H
1647,三维域：固定设计顶点 MP1,optimal,62900.0,100.0,0.0,0.0,100.0,0.0,,203,01:H; 13:H; 02:H
1648,三维域：固定设计顶点 MP1,optimal,62900.0,0.0,0.0,67.8487145372,67.8487145372,0.0,,203,01:H; 13:H; 02:H
1649,三维域：固定设计顶点 MP1,optimal,64900.0,42.5,92.4349457056,7.565054294399999,142.5,0.0,,203,01:H; 02:H; 23:H
1650,三维域：固定设计顶点 MP1,optimal,64900.0,42.5,100.0,0.0,142.5,0.0,,203,01:H; 02:H; 23:H
1651,三维域：固定设计顶点 MP1,optimal,64900.0,74.6512854628,0.0,67.8487145372,142.5,0.0,,203,01:H; 02:H; 23:H
1652,三维域：固定设计顶点 MP1,optimal,64900.0,100.0,0.0,42.5,142.5,0.0,,203,01:H; 02:H; 23:H
1653,三维域：固定设计顶点 MP1,optimal,64900.0,100.0,42.5,0.0,142.5,0.0,,203,01:H; 02:H; 23:H
1654,三维域：固定设计顶点 MP1,optimal,64900.0,0.0,92.4349457056,7.565054294399997,100.0,0.0,,203,01:H; 02:H; 23:H
1655,三维域：固定设计顶点 MP1,optimal,64900.0,0.0,100.0,0.0,100.0,0.0,,203,01:H; 02:H; 23:H
1656,三维域：固定设计顶点 MP1,optimal,64900.0,100.0,0.0,0.0,100.0,0.0,,203,01:H; 02:H; 23:H
1657,三维域：固定设计顶点 MP1,optimal,64900.0,0.0,0.0,67.8487145372,67.8487145372,0.0,,203,01:H; 02:H; 23:H
1658,三维域：固定设计顶点 MP1,optimal,66200.0,0.0,92.4349457056,7.565054294399997,100.0,0.0,,203,13:H; 02:H; 23:H
1659,三维域：固定设计顶点 MP1,optimal,66200.0,0.0,100.0,0.0,100.0,0.0,,203,13:H; 02:H; 23:H
1660,三维域：固定设计顶点 MP1,cut,66200.0,7.5650542944,92.4349457056,0.0,100.0,0.003708044622450674,204.0,204,13:H; 02:H; 23:H
1661,三维域：固定设计顶点 MP1,optimal,66200.0,3.0260217178,96.9739782822,0.0,100.0,0.0,,204,13:H; 02:H; 23:H
1662,三维域：固定设计顶点 MP1,optimal,66200.0,0.0,0.0,67.8487145372,67.8487145372,0.0,,204,13:H; 02:H; 23:H
1663,三维域：固定设计顶点 MP1,optimal,66200.0,44.5862981244,0.0,0.0,44.5862981244,-4.736576049020504e-14,,204,13:H; 02:H; 23:H
